in,uit,rich,entry,exit,pnl,result,type,variant,versie
2024-11-12 13:00:00+00:00,2024-11-12 14:00:00+00:00,-1,2618.1,2622.3,-400.0,SL,D_PULLBACK,V16-Basis,v16
2024-11-13 15:00:00+00:00,2024-11-13 16:00:00+00:00,-1,2611.3,2602.52,287.28,TP1,A_EMACROSS,V16-Basis,v16
2024-11-13 15:00:00+00:00,2024-11-13 16:00:00+00:00,-1,2611.3,2596.67,478.8,TP2,A_EMACROSS,V16-Basis,v16
2024-11-13 15:00:00+00:00,2024-11-13 17:00:00+00:00,-1,2611.3,2587.89,1021.44,TP3,A_EMACROSS,V16-Basis,v16
2024-11-14 11:00:00+00:00,2024-11-14 13:00:00+00:00,-1,2558.7,2564.95,-484.16,SL,C_MOMENTUM,V16-Basis,v16
2024-11-14 14:00:00+00:00,2024-11-14 15:00:00+00:00,-1,2564.6,2569.1,-402.26,SL,D_PULLBACK,V16-Basis,v16
2024-11-15 13:00:00+00:00,2024-11-15 14:00:00+00:00,-1,2569.7,2575.55,-642.0,SL,A_EMACROSS,V16-Basis,v16
2024-12-10 10:00:00+00:00,2024-12-10 13:00:00+00:00,1,2698.1,2686.27,-239.79,SL,E_BOS,V16-Basis,v16
2024-12-10 13:00:00+00:00,2024-12-10 14:00:00+00:00,1,2704.4,2692.33,-191.54,SL,E_BOS,V16-Basis,v16
2024-12-17 08:00:00+00:00,2024-12-17 09:00:00+00:00,-1,2659.5,2645.76,86.09,TP1,B_MACDCROSS,V16-Basis,v16
2024-12-17 08:00:00+00:00,2024-12-17 12:00:00+00:00,-1,2659.5,2659.04,133.92,SL,B_MACDCROSS,V16-Basis,v16
2024-12-17 15:00:00+00:00,2024-12-17 18:00:00+00:00,-1,2654.4,2663.7,-383.15,SL,C_MOMENTUM,V16-Basis,v16
2024-12-18 13:00:00+00:00,2024-12-18 15:00:00+00:00,-1,2659.8,2649.7,143.34,TP1,F_MSS,V16-Basis,v16
2024-12-18 13:00:00+00:00,2024-12-18 19:00:00+00:00,-1,2659.8,2642.96,4777.94,TP2,F_MSS,V16-Basis,v16
2024-12-18 13:00:00+00:00,2024-12-18 19:00:00+00:00,-1,2659.8,2632.86,10192.94,TP3,F_MSS,V16-Basis,v16
2024-12-19 07:00:00+00:00,2024-12-19 09:00:00+00:00,-1,2630.1,2634.82,-435.95,SL,D_PULLBACK,V16-Basis,v16
2024-12-19 13:00:00+00:00,2024-12-20 06:00:00+00:00,-1,2610.0,2618.11,-521.83,SL,E_BOS,V16-Basis,v16
2024-12-23 11:00:00+00:00,2024-12-26 05:00:00+00:00,-1,2630.0,2636.18,-520.26,SL,E_BOS,V16-Basis,v16
2024-12-27 08:00:00+00:00,2024-12-27 12:00:00+00:00,-1,2640.8,2644.9,-259.35,SL,E_BOS,V16-Basis,v16
2024-12-27 13:00:00+00:00,2024-12-27 14:00:00+00:00,-1,2633.4,2627.49,104.88,TP1,E_BOS,V16-Basis,v16
2024-12-27 13:00:00+00:00,2024-12-27 15:00:00+00:00,-1,2633.4,2633.18,9.06,SL,E_BOS,V16-Basis,v16
2024-12-30 08:00:00+00:00,2024-12-30 09:00:00+00:00,-1,2623.6,2627.57,-518.27,SL,E_BOS,V16-Basis,v16
2024-12-30 11:00:00+00:00,2024-12-30 12:00:00+00:00,-1,2629.5,2633.47,-413.37,SL,C_MOMENTUM,V16-Basis,v16
2025-01-08 13:00:00+00:00,2025-01-08 14:00:00+00:00,1,2674.8,2681.79,185.57,TP1,B_MACDCROSS,V16-Basis,v16
2025-01-08 13:00:00+00:00,2025-01-08 15:00:00+00:00,1,2674.8,2675.03,14.43,SL,B_MACDCROSS,V16-Basis,v16
2025-01-09 11:00:00+00:00,2025-01-09 13:00:00+00:00,1,2687.3,2694.16,185.79,TP1,B_MACDCROSS,V16-Basis,v16
2025-01-09 11:00:00+00:00,2025-01-09 14:00:00+00:00,1,2687.3,2687.53,14.45,SL,B_MACDCROSS,V16-Basis,v16
2025-01-15 14:00:00+00:00,2025-01-15 15:00:00+00:00,1,2704.3,2699.96,-344.45,SL,D_PULLBACK,V16-Basis,v16
2025-01-15 16:00:00+00:00,2025-01-15 18:00:00+00:00,1,2712.0,2719.42,185.63,TP1,C_MOMENTUM,V16-Basis,v16
2025-01-15 16:00:00+00:00,2025-01-15 23:00:00+00:00,1,2712.0,2724.37,6187.66,TP2,C_MOMENTUM,V16-Basis,v16
2025-01-15 16:00:00+00:00,2025-01-16 08:00:00+00:00,1,2712.0,2731.79,13200.35,TP3,C_MOMENTUM,V16-Basis,v16
2025-01-17 15:00:00+00:00,2025-01-17 16:00:00+00:00,1,2749.9,2756.77,344.62,TP1,A_EMACROSS,V16-Basis,v16
2025-01-17 15:00:00+00:00,2025-01-17 18:00:00+00:00,1,2749.9,2750.13,536.07,SL,A_EMACROSS,V16-Basis,v16
2025-01-21 14:00:00+00:00,2025-01-21 15:00:00+00:00,1,2753.9,2749.08,-769.34,SL,A_EMACROSS,V16-Basis,v16
2025-01-21 16:00:00+00:00,2025-01-22 01:00:00+00:00,1,2758.1,2764.51,232.75,TP1,E_BOS,V16-Basis,v16
2025-01-21 16:00:00+00:00,2025-01-22 05:00:00+00:00,1,2758.1,2769.97,1077.55,TP2,E_BOS,V16-Basis,v16
2025-01-21 16:00:00+00:00,2025-01-22 08:00:00+00:00,1,2758.1,2760.0,229.88,SL,E_BOS,V16-Basis,v16
2025-01-22 13:00:00+00:00,2025-01-22 14:00:00+00:00,1,2767.8,2763.17,-482.76,SL,D_PULLBACK,V16-Basis,v16
2025-01-22 16:00:00+00:00,2025-01-22 21:00:00+00:00,1,2769.6,2765.11,-481.55,SL,D_PULLBACK,V16-Basis,v16
2025-01-24 15:00:00+00:00,2025-01-24 16:00:00+00:00,1,2782.6,2778.05,-480.35,SL,D_PULLBACK,V16-Basis,v16
2025-01-28 14:00:00+00:00,2025-01-28 16:00:00+00:00,1,2758.4,2765.98,172.49,TP1,A_EMACROSS,V16-Basis,v16
2025-01-28 14:00:00+00:00,2025-01-28 18:00:00+00:00,1,2758.4,2771.04,5749.8,TP2,A_EMACROSS,V16-Basis,v16
2025-01-28 14:00:00+00:00,2025-01-30 06:00:00+00:00,1,2758.4,2778.62,12266.24,TP3,A_EMACROSS,V16-Basis,v16
2025-01-31 16:00:00+00:00,2025-01-31 17:00:00+00:00,1,2849.7,2836.78,-524.62,SL,D_PULLBACK,V16-Basis,v16
2025-02-03 12:00:00+00:00,2025-02-03 13:00:00+00:00,1,2847.5,2834.02,-837.3,SL,A_EMACROSS,V16-Basis,v16
2025-02-03 15:00:00+00:00,2025-02-03 16:00:00+00:00,1,2854.8,2839.99,-625.46,SL,C_MOMENTUM,V16-Basis,v16
2025-02-04 13:00:00+00:00,2025-02-04 14:00:00+00:00,1,2859.7,2846.1,-415.72,SL,A_EMACROSS,V16-Basis,v16
2025-02-04 15:00:00+00:00,2025-02-04 16:00:00+00:00,1,2863.9,2849.69,-207.45,SL,F_MSS,V16-Basis,v16
2025-02-05 07:00:00+00:00,2025-02-05 08:00:00+00:00,1,2890.5,2877.75,-248.69,SL,B_MACDCROSS,V16-Basis,v16
2025-02-05 13:00:00+00:00,2025-02-05 14:00:00+00:00,1,2883.7,2870.7,-206.99,SL,D_PULLBACK,V16-Basis,v16
2025-02-07 09:00:00+00:00,2025-02-07 10:00:00+00:00,1,2892.5,2880.04,-248.14,SL,E_BOS,V16-Basis,v16
2025-02-07 14:00:00+00:00,2025-02-07 15:00:00+00:00,1,2900.3,2887.32,-247.84,SL,E_BOS,V16-Basis,v16
2025-02-12 16:00:00+00:00,2025-02-12 17:00:00+00:00,1,2929.6,2916.65,-247.54,SL,E_BOS,V16-Basis,v16
2025-02-13 14:00:00+00:00,2025-02-13 15:00:00+00:00,1,2942.9,2930.49,-206.04,SL,D_PULLBACK,V16-Basis,v16
2025-02-13 16:00:00+00:00,2025-02-13 17:00:00+00:00,1,2941.6,2929.22,-205.83,SL,D_PULLBACK,V16-Basis,v16
2025-02-14 10:00:00+00:00,2025-02-14 13:00:00+00:00,1,2960.6,2949.14,-205.63,SL,D_PULLBACK,V16-Basis,v16
2025-02-18 13:00:00+00:00,2025-02-18 16:00:00+00:00,1,2933.6,2949.33,99.83,TP1,E_BOS,V16-Basis,v16
2025-02-18 13:00:00+00:00,2025-02-18 17:00:00+00:00,1,2933.6,2934.18,8.63,SL,E_BOS,V16-Basis,v16
2025-02-19 09:00:00+00:00,2025-02-19 10:00:00+00:00,1,2962.6,2951.58,-493.27,SL,B_MACDCROSS,V16-Basis,v16
2025-02-20 07:00:00+00:00,2025-02-20 08:00:00+00:00,1,2967.3,2957.4,-492.09,SL,E_BOS,V16-Basis,v16
2025-02-20 10:00:00+00:00,2025-02-20 11:00:00+00:00,1,2970.6,2960.79,-490.91,SL,C_MOMENTUM,V16-Basis,v16
2025-02-24 08:00:00+00:00,2025-02-24 09:00:00+00:00,1,2961.1,2951.88,-244.86,SL,E_BOS,V16-Basis,v16
2025-02-24 11:00:00+00:00,2025-02-24 12:00:00+00:00,1,2962.2,2952.98,-244.57,SL,C_MOMENTUM,V16-Basis,v16
2025-03-07 14:00:00+00:00,2025-03-07 15:00:00+00:00,1,2934.9,2928.69,-244.28,SL,C_MOMENTUM,V16-Basis,v16
2025-03-13 13:00:00+00:00,2025-03-13 14:00:00+00:00,1,2960.1,2968.2,74.11,TP1,E_BOS,V16-Basis,v16
2025-03-13 13:00:00+00:00,2025-03-13 14:00:00+00:00,1,2960.1,2975.11,137.24,TP2,E_BOS,V16-Basis,v16
2025-03-13 13:00:00+00:00,2025-03-13 14:00:00+00:00,1,2960.1,2981.71,263.5,TP3,E_BOS,V16-Basis,v16
2025-03-17 14:00:00+00:00,2025-03-17 15:00:00+00:00,1,3006.0,3000.81,-489.11,SL,B_MACDCROSS,V16-Basis,v16
2025-03-17 16:00:00+00:00,2025-03-17 20:00:00+00:00,1,3002.1,3009.68,137.23,TP1,D_PULLBACK,V16-Basis,v16
2025-03-17 16:00:00+00:00,2025-03-18 01:00:00+00:00,1,3002.1,3014.73,4574.38,TP2,D_PULLBACK,V16-Basis,v16
2025-03-17 16:00:00+00:00,2025-03-18 03:00:00+00:00,1,3002.1,3022.31,9758.67,TP3,D_PULLBACK,V16-Basis,v16
2025-03-19 10:00:00+00:00,2025-03-19 13:00:00+00:00,1,3042.3,3037.67,-544.44,SL,D_PULLBACK,V16-Basis,v16
2025-03-19 13:00:00+00:00,2025-03-19 14:00:00+00:00,1,3041.8,3037.09,-543.08,SL,D_PULLBACK,V16-Basis,v16
2025-03-26 10:00:00+00:00,2025-03-26 13:00:00+00:00,1,3029.1,3024.2,-650.06,SL,C_MOMENTUM,V16-Basis,v16
2025-03-28 14:00:00+00:00,2025-03-28 15:00:00+00:00,1,3103.9,3092.91,-270.05,SL,D_PULLBACK,V16-Basis,v16
2025-03-31 13:00:00+00:00,2025-03-31 14:00:00+00:00,1,3146.5,3129.31,-269.71,SL,D_PULLBACK,V16-Basis,v16
2025-03-31 15:00:00+00:00,2025-03-31 16:00:00+00:00,1,3146.9,3129.21,-215.5,SL,D_PULLBACK,V16-Basis,v16
2025-04-01 13:00:00+00:00,2025-04-01 14:00:00+00:00,1,3165.5,3148.89,-215.28,SL,D_PULLBACK,V16-Basis,v16
2025-04-02 08:00:00+00:00,2025-04-02 09:00:00+00:00,1,3162.7,3149.37,-344.11,SL,A_EMACROSS,V16-Basis,v16
2025-04-02 11:00:00+00:00,2025-04-02 13:00:00+00:00,1,3157.3,3143.97,-257.67,SL,C_MOMENTUM,V16-Basis,v16
2025-04-10 13:00:00+00:00,2025-04-10 14:00:00+00:00,1,3134.2,3163.32,96.51,TP1,D_PULLBACK,V16-Basis,v16
2025-04-10 13:00:00+00:00,2025-04-10 15:00:00+00:00,1,3134.2,3182.74,160.85,TP2,D_PULLBACK,V16-Basis,v16
2025-04-10 13:00:00+00:00,2025-04-10 22:00:00+00:00,1,3134.2,3211.86,6862.91,TP3,D_PULLBACK,V16-Basis,v16
2025-04-15 08:00:00+00:00,2025-04-15 12:00:00+00:00,1,3243.5,3228.78,-553.97,SL,D_PULLBACK,V16-Basis,v16
2025-04-15 14:00:00+00:00,2025-04-15 23:00:00+00:00,1,3239.1,3260.68,248.66,TP1,D_PULLBACK,V16-Basis,v16
2025-04-15 14:00:00+00:00,2025-04-16 00:00:00+00:00,1,3239.1,3275.07,414.44,TP2,D_PULLBACK,V16-Basis,v16
2025-04-15 14:00:00+00:00,2025-04-16 03:00:00+00:00,1,3239.1,3296.64,2210.32,TP3,D_PULLBACK,V16-Basis,v16
2025-04-22 08:00:00+00:00,2025-04-22 09:00:00+00:00,1,3455.5,3469.66,251.89,TP1,D_PULLBACK,V16-Basis,v16
2025-04-22 08:00:00+00:00,2025-04-22 10:00:00+00:00,1,3455.5,3479.11,419.82,TP2,D_PULLBACK,V16-Basis,v16
2025-04-22 08:00:00+00:00,2025-04-22 12:00:00+00:00,1,3455.5,3455.97,223.91,SL,D_PULLBACK,V16-Basis,v16
2025-04-28 14:00:00+00:00,2025-04-28 18:00:00+00:00,1,3339.6,3360.02,404.64,TP1,A_EMACROSS,V16-Basis,v16
2025-04-28 14:00:00+00:00,2025-04-28 22:00:00+00:00,1,3339.6,3345.04,629.44,SL,A_EMACROSS,V16-Basis,v16
2025-05-09 15:00:00+00:00,2025-05-09 19:00:00+00:00,1,3350.3,3338.34,-677.51,SL,E_BOS,V16-Basis,v16
2025-05-14 11:00:00+00:00,2025-05-14 12:00:00+00:00,-1,3223.7,3209.98,273.57,TP1,E_BOS,V16-Basis,v16
2025-05-14 11:00:00+00:00,2025-05-14 12:00:00+00:00,-1,3223.7,3198.3,506.61,TP2,E_BOS,V16-Basis,v16
2025-05-14 11:00:00+00:00,2025-05-14 13:00:00+00:00,-1,3223.7,3187.12,972.68,TP3,E_BOS,V16-Basis,v16
2025-05-16 10:00:00+00:00,2025-05-16 11:00:00+00:00,-1,3179.0,3161.24,408.44,TP1,A_EMACROSS,V16-Basis,v16
2025-05-16 10:00:00+00:00,2025-05-16 12:00:00+00:00,-1,3179.0,3178.41,31.77,SL,A_EMACROSS,V16-Basis,v16
2025-05-16 13:00:00+00:00,2025-05-16 17:00:00+00:00,-1,3183.0,3194.94,-682.05,SL,C_MOMENTUM,V16-Basis,v16
2025-05-22 07:00:00+00:00,2025-05-22 08:00:00+00:00,1,3328.3,3322.76,-566.67,SL,D_PULLBACK,V16-Basis,v16
2025-05-23 11:00:00+00:00,2025-05-23 13:00:00+00:00,1,3348.3,3338.59,-678.31,SL,E_BOS,V16-Basis,v16
2025-05-28 07:00:00+00:00,2025-05-28 11:00:00+00:00,1,3317.4,3309.21,-338.14,SL,E_BOS,V16-Basis,v16
2025-05-29 07:00:00+00:00,2025-05-29 08:00:00+00:00,1,3310.7,3300.98,-337.63,SL,E_BOS,V16-Basis,v16
2025-05-29 10:00:00+00:00,2025-05-29 11:00:00+00:00,1,3321.5,3310.95,-269.7,SL,E_BOS,V16-Basis,v16
2025-06-04 14:00:00+00:00,2025-06-04 16:00:00+00:00,1,3401.5,3385.63,-359.17,SL,A_EMACROSS,V16-Basis,v16
2025-06-05 09:00:00+00:00,2025-06-05 10:00:00+00:00,1,3413.5,3398.59,-268.94,SL,B_MACDCROSS,V16-Basis,v16
2025-06-09 16:00:00+00:00,2025-06-09 18:00:00+00:00,1,3358.4,3343.25,-358.16,SL,A_EMACROSS,V16-Basis,v16
2025-06-10 13:00:00+00:00,2025-06-10 14:00:00+00:00,1,3364.6,3349.77,-268.19,SL,E_BOS,V16-Basis,v16
2025-06-11 07:00:00+00:00,2025-06-11 09:00:00+00:00,1,3366.6,3353.13,-267.87,SL,E_BOS,V16-Basis,v16
2025-06-12 10:00:00+00:00,2025-06-12 12:00:00+00:00,1,3402.9,3388.17,-267.55,SL,B_MACDCROSS,V16-Basis,v16
2025-06-12 13:00:00+00:00,2025-06-12 15:00:00+00:00,1,3412.8,3398.03,-267.23,SL,E_BOS,V16-Basis,v16
2025-06-13 14:00:00+00:00,2025-06-13 15:00:00+00:00,1,3448.4,3434.07,-222.42,SL,D_PULLBACK,V16-Basis,v16
2025-06-18 15:00:00+00:00,2025-06-18 18:00:00+00:00,1,3411.0,3401.4,-355.52,SL,A_EMACROSS,V16-Basis,v16
2025-06-30 11:00:00+00:00,2025-06-30 12:00:00+00:00,-1,3289.2,3296.93,-221.84,SL,F_MSS,V16-Basis,v16
2025-07-08 13:00:00+00:00,2025-07-08 14:00:00+00:00,-1,3324.6,3314.81,119.68,TP1,C_MOMENTUM,V16-Basis,v16
2025-07-08 13:00:00+00:00,2025-07-08 14:00:00+00:00,-1,3324.6,3308.28,199.46,TP2,C_MOMENTUM,V16-Basis,v16
2025-07-08 13:00:00+00:00,2025-07-08 15:00:00+00:00,-1,3324.6,3298.49,425.51,TP3,C_MOMENTUM,V16-Basis,v16
2025-07-08 17:00:00+00:00,2025-07-08 23:00:00+00:00,-1,3315.1,3305.4,240.16,TP1,C_MOMENTUM,V16-Basis,v16
2025-07-08 17:00:00+00:00,2025-07-09 00:00:00+00:00,-1,3315.1,3314.78,18.68,SL,C_MOMENTUM,V16-Basis,v16
2025-07-15 08:00:00+00:00,2025-07-15 11:00:00+00:00,1,3369.5,3364.08,-445.25,SL,D_PULLBACK,V16-Basis,v16
2025-07-16 15:00:00+00:00,2025-07-16 16:00:00+00:00,1,3350.4,3359.21,215.96,TP1,E_BOS,V16-Basis,v16
2025-07-16 15:00:00+00:00,2025-07-16 23:00:00+00:00,1,3350.4,3353.01,373.26,SL,E_BOS,V16-Basis,v16
2025-07-23 10:00:00+00:00,2025-07-23 12:00:00+00:00,1,3435.2,3429.68,-445.54,SL,D_PULLBACK,V16-Basis,v16
2025-07-28 15:00:00+00:00,2025-07-29 06:00:00+00:00,-1,3314.1,3320.11,-533.58,SL,C_MOMENTUM,V16-Basis,v16
2025-08-04 16:00:00+00:00,2025-08-04 17:00:00+00:00,1,3424.7,3398.67,-443.58,SL,D_PULLBACK,V16-Basis,v16
2025-08-05 14:00:00+00:00,2025-08-05 15:00:00+00:00,1,3439.7,3416.83,-354.15,SL,A_EMACROSS,V16-Basis,v16
2025-08-05 16:00:00+00:00,2025-08-05 17:00:00+00:00,1,3436.7,3413.79,-220.99,SL,F_MSS,V16-Basis,v16
2025-08-06 14:00:00+00:00,2025-08-07 07:00:00+00:00,1,3435.3,3458.95,107.29,TP1,E_BOS,V16-Basis,v16
2025-08-06 14:00:00+00:00,2025-08-07 14:00:00+00:00,1,3435.3,3436.18,185.45,SL,E_BOS,V16-Basis,v16
2025-08-07 14:00:00+00:00,2025-08-07 19:00:00+00:00,1,3450.3,3463.7,198.96,TP1,D_PULLBACK,V16-Basis,v16
2025-08-07 14:00:00+00:00,2025-08-07 20:00:00+00:00,1,3450.3,3472.64,331.6,TP2,D_PULLBACK,V16-Basis,v16
2025-08-07 14:00:00+00:00,2025-08-07 22:00:00+00:00,1,3450.3,3486.04,1768.51,TP3,D_PULLBACK,V16-Basis,v16
2025-08-08 14:00:00+00:00,2025-08-08 17:00:00+00:00,1,3492.8,3479.36,-446.73,SL,D_PULLBACK,V16-Basis,v16
2025-08-19 13:00:00+00:00,2025-08-19 14:00:00+00:00,-1,3377.9,3369.94,321.0,TP1,A_EMACROSS,V16-Basis,v16
2025-08-19 13:00:00+00:00,2025-08-19 14:00:00+00:00,-1,3377.9,3364.64,535.0,TP2,A_EMACROSS,V16-Basis,v16
2025-08-19 13:00:00+00:00,2025-08-19 23:00:00+00:00,-1,3377.9,3356.68,1141.33,TP3,A_EMACROSS,V16-Basis,v16
2025-08-25 14:00:00+00:00,2025-08-25 19:00:00+00:00,1,3418.7,3414.12,-539.79,SL,E_BOS,V16-Basis,v16
2025-08-26 07:00:00+00:00,2025-08-26 09:00:00+00:00,1,3423.0,3417.73,-538.5,SL,C_MOMENTUM,V16-Basis,v16
2025-08-26 13:00:00+00:00,2025-08-26 15:00:00+00:00,1,3422.2,3430.42,201.45,TP1,D_PULLBACK,V16-Basis,v16
2025-08-26 13:00:00+00:00,2025-08-26 15:00:00+00:00,1,3422.2,3435.9,335.75,TP2,D_PULLBACK,V16-Basis,v16
2025-08-26 13:00:00+00:00,2025-08-26 22:00:00+00:00,1,3422.2,3444.11,716.27,TP3,D_PULLBACK,V16-Basis,v16
2025-08-27 14:00:00+00:00,2025-08-27 16:00:00+00:00,1,3435.7,3443.34,405.16,TP1,A_EMACROSS,V16-Basis,v16
2025-08-27 14:00:00+00:00,2025-08-27 16:00:00+00:00,1,3435.7,3448.43,675.27,TP2,A_EMACROSS,V16-Basis,v16
2025-08-27 14:00:00+00:00,2025-08-28 08:00:00+00:00,1,3435.7,3456.06,1440.57,TP3,A_EMACROSS,V16-Basis,v16
2025-08-28 11:00:00+00:00,2025-08-28 12:00:00+00:00,1,3462.0,3457.16,-682.83,SL,E_BOS,V16-Basis,v16
2025-08-28 14:00:00+00:00,2025-08-28 15:00:00+00:00,1,3468.9,3463.9,-680.78,SL,E_BOS,V16-Basis,v16
2025-09-03 11:00:00+00:00,2025-09-03 12:00:00+00:00,1,3616.0,3609.21,-678.74,SL,E_BOS,V16-Basis,v16
2025-09-04 15:00:00+00:00,2025-09-04 17:00:00+00:00,1,3612.3,3604.6,-451.13,SL,A_EMACROSS,V16-Basis,v16
2025-09-05 11:00:00+00:00,2025-09-05 12:00:00+00:00,1,3609.3,3619.63,101.3,TP1,D_PULLBACK,V16-Basis,v16
2025-09-05 11:00:00+00:00,2025-09-05 12:00:00+00:00,1,3609.3,3626.52,168.84,TP2,D_PULLBACK,V16-Basis,v16
2025-09-05 11:00:00+00:00,2025-09-05 12:00:00+00:00,1,3609.3,3636.85,360.19,TP3,D_PULLBACK,V16-Basis,v16
2025-09-09 14:00:00+00:00,2025-09-09 15:00:00+00:00,1,3684.3,3677.95,-564.37,SL,D_PULLBACK,V16-Basis,v16
2025-09-10 11:00:00+00:00,2025-09-10 12:00:00+00:00,1,3688.8,3681.04,-450.36,SL,D_PULLBACK,V16-Basis,v16
2025-09-10 13:00:00+00:00,2025-09-10 15:00:00+00:00,1,3690.7,3682.96,-539.36,SL,C_MOMENTUM,V16-Basis,v16
2025-09-12 09:00:00+00:00,2025-09-12 12:00:00+00:00,1,3684.5,3677.74,-269.03,SL,C_MOMENTUM,V16-Basis,v16
2025-09-12 13:00:00+00:00,2025-09-12 15:00:00+00:00,1,3688.2,3681.46,-268.71,SL,C_MOMENTUM,V16-Basis,v16
2025-09-15 12:00:00+00:00,2025-09-15 13:00:00+00:00,1,3687.6,3697.87,161.03,TP1,A_EMACROSS,V16-Basis,v16
2025-09-15 12:00:00+00:00,2025-09-15 15:00:00+00:00,1,3687.6,3704.72,670.96,TP2,A_EMACROSS,V16-Basis,v16
2025-09-15 12:00:00+00:00,2025-09-15 15:00:00+00:00,1,3687.6,3714.99,1431.39,TP3,A_EMACROSS,V16-Basis,v16
2025-09-16 11:00:00+00:00,2025-09-16 12:00:00+00:00,1,3734.5,3728.3,-677.75,SL,C_MOMENTUM,V16-Basis,v16
2025-09-16 14:00:00+00:00,2025-09-16 15:00:00+00:00,1,3722.3,3717.61,-450.48,SL,D_PULLBACK,V16-Basis,v16
2025-09-17 17:00:00+00:00,2025-09-17 18:00:00+00:00,1,3722.3,3714.85,-719.33,SL,A_EMACROSS,V16-Basis,v16
2025-09-19 13:00:00+00:00,2025-09-19 15:00:00+00:00,1,3696.1,3707.79,161.33,TP1,A_EMACROSS,V16-Basis,v16
2025-09-19 13:00:00+00:00,2025-09-19 18:00:00+00:00,1,3696.1,3715.58,5377.69,TP2,A_EMACROSS,V16-Basis,v16
2025-09-19 13:00:00+00:00,2025-09-22 04:00:00+00:00,1,3696.1,3727.26,11472.41,TP3,A_EMACROSS,V16-Basis,v16
2025-09-25 08:00:00+00:00,2025-09-25 11:00:00+00:00,1,3786.7,3778.62,-723.25,SL,E_BOS,V16-Basis,v16
2025-09-25 11:00:00+00:00,2025-09-25 12:00:00+00:00,1,3784.0,3775.92,-600.9,SL,F_MSS,V16-Basis,v16
2025-09-29 11:00:00+00:00,2025-09-29 12:00:00+00:00,1,3858.2,3849.9,-719.27,SL,E_BOS,V16-Basis,v16
2025-09-29 13:00:00+00:00,2025-09-29 20:00:00+00:00,1,3850.7,3863.21,161.35,TP1,C_MOMENTUM,V16-Basis,v16
2025-09-29 13:00:00+00:00,2025-09-30 01:00:00+00:00,1,3850.7,3871.56,5378.37,TP2,C_MOMENTUM,V16-Basis,v16
2025-09-29 13:00:00+00:00,2025-09-30 03:00:00+00:00,1,3850.7,3884.07,11473.85,TP3,C_MOMENTUM,V16-Basis,v16
2025-09-30 07:00:00+00:00,2025-09-30 08:00:00+00:00,1,3872.2,3866.17,-640.13,SL,D_PULLBACK,V16-Basis,v16
2025-09-30 14:00:00+00:00,2025-09-30 15:00:00+00:00,1,3881.7,3871.87,-638.53,SL,F_MSS,V16-Basis,v16
2025-10-01 07:00:00+00:00,2025-10-01 08:00:00+00:00,1,3907.2,3921.22,343.94,TP1,B_MACDCROSS,V16-Basis,v16
2025-10-01 07:00:00+00:00,2025-10-01 11:00:00+00:00,1,3907.2,3910.94,535.02,SL,B_MACDCROSS,V16-Basis,v16
2025-10-01 13:00:00+00:00,2025-10-01 14:00:00+00:00,1,3899.8,3890.35,-639.13,SL,D_PULLBACK,V16-Basis,v16
2025-10-01 15:00:00+00:00,2025-10-01 18:00:00+00:00,1,3895.1,3885.65,-637.53,SL,D_PULLBACK,V16-Basis,v16
2025-10-02 13:00:00+00:00,2025-10-02 14:00:00+00:00,1,3899.7,3889.68,-635.94,SL,D_PULLBACK,V16-Basis,v16
2025-10-03 15:00:00+00:00,2025-10-03 17:00:00+00:00,1,3914.4,3904.78,-380.61,SL,C_MOMENTUM,V16-Basis,v16
2025-10-07 14:00:00+00:00,2025-10-07 15:00:00+00:00,1,4009.0,3999.11,-304.03,SL,B_MACDCROSS,V16-Basis,v16
2025-10-09 12:00:00+00:00,2025-10-09 13:00:00+00:00,1,4072.9,4062.08,-303.67,SL,B_MACDCROSS,V16-Basis,v16
2025-10-15 10:00:00+00:00,2025-10-15 12:00:00+00:00,1,4218.9,4204.51,-303.3,SL,C_MOMENTUM,V16-Basis,v16
2025-10-15 13:00:00+00:00,2025-10-15 19:00:00+00:00,1,4207.6,4229.11,113.6,TP1,D_PULLBACK,V16-Basis,v16
2025-10-15 13:00:00+00:00,2025-10-16 01:00:00+00:00,1,4207.6,4243.45,3786.72,TP2,D_PULLBACK,V16-Basis,v16
2025-10-15 13:00:00+00:00,2025-10-16 12:00:00+00:00,1,4207.6,4264.96,8078.35,TP3,D_PULLBACK,V16-Basis,v16
2025-10-17 07:00:00+00:00,2025-10-17 08:00:00+00:00,1,4354.5,4337.34,-661.07,SL,D_PULLBACK,V16-Basis,v16
2025-10-20 12:00:00+00:00,2025-10-20 13:00:00+00:00,1,4340.9,4320.39,-1055.06,SL,A_EMACROSS,V16-Basis,v16
2025-10-20 14:00:00+00:00,2025-10-20 18:00:00+00:00,1,4348.7,4376.38,319.19,TP1,E_BOS,V16-Basis,v16
2025-10-20 14:00:00+00:00,2025-10-21 01:00:00+00:00,1,4348.7,4356.9,551.69,SL,E_BOS,V16-Basis,v16
2025-11-12 12:00:00+00:00,2025-11-12 15:00:00+00:00,1,4136.4,4153.28,355.84,TP1,B_MACDCROSS,V16-Basis,v16
2025-11-12 12:00:00+00:00,2025-11-12 15:00:00+00:00,1,4136.4,4164.53,593.06,TP2,B_MACDCROSS,V16-Basis,v16
2025-11-12 12:00:00+00:00,2025-11-12 15:00:00+00:00,1,4136.4,4181.4,1265.19,TP3,B_MACDCROSS,V16-Basis,v16
2025-11-25 13:00:00+00:00,2025-11-25 14:00:00+00:00,1,4181.8,4166.9,-797.39,SL,B_MACDCROSS,V16-Basis,v16
2025-11-28 14:30:00+00:00,2025-11-28 15:30:00+00:00,1,4233.5,4209.79,-1059.99,SL,A_EMACROSS,V16-Basis,v16
2025-12-03 13:00:00+00:00,2025-12-03 14:00:00+00:00,1,4268.7,4248.83,-1055.75,SL,A_EMACROSS,V16-Basis,v16
2025-12-03 15:00:00+00:00,2025-12-03 16:00:00+00:00,1,4247.8,4227.93,-315.46,SL,C_MOMENTUM,V16-Basis,v16
2025-12-04 16:00:00+00:00,2025-12-04 19:00:00+00:00,1,4245.9,4227.19,-420.11,SL,A_EMACROSS,V16-Basis,v16
2025-12-05 13:00:00+00:00,2025-12-05 15:00:00+00:00,1,4264.9,4248.47,-314.58,SL,E_BOS,V16-Basis,v16
2025-12-09 09:00:00+00:00,2025-12-09 12:00:00+00:00,1,4232.2,4215.93,-314.2,SL,E_BOS,V16-Basis,v16
2025-12-09 16:00:00+00:00,2025-12-09 17:00:00+00:00,1,4242.1,4225.65,-261.52,SL,D_PULLBACK,V16-Basis,v16
2025-12-11 13:00:00+00:00,2025-12-11 14:00:00+00:00,1,4248.6,4232.46,-261.26,SL,D_PULLBACK,V16-Basis,v16
2025-12-16 13:00:00+00:00,2025-12-16 15:00:00+00:00,1,4342.5,4365.01,126.84,TP1,E_BOS,V16-Basis,v16
2025-12-16 13:00:00+00:00,2025-12-16 16:00:00+00:00,1,4342.5,4343.33,10.96,SL,E_BOS,V16-Basis,v16
2025-12-16 17:00:00+00:00,2025-12-16 21:00:00+00:00,1,4333.8,4317.32,-626.72,SL,C_MOMENTUM,V16-Basis,v16
2025-12-17 13:00:00+00:00,2025-12-17 14:00:00+00:00,1,4373.6,4357.75,-625.22,SL,B_MACDCROSS,V16-Basis,v16
2025-12-17 16:00:00+00:00,2025-12-17 17:00:00+00:00,1,4365.2,4349.25,-623.72,SL,C_MOMENTUM,V16-Basis,v16
2025-12-26 15:00:00+00:00,2025-12-26 16:00:00+00:00,1,4580.1,4567.48,-311.11,SL,E_BOS,V16-Basis,v16
2026-01-06 14:00:00+00:00,2026-01-06 15:00:00+00:00,1,4498.3,4483.81,-310.74,SL,E_BOS,V16-Basis,v16
2026-01-06 16:00:00+00:00,2026-01-07 01:00:00+00:00,1,4498.7,4484.65,-310.36,SL,B_MACDCROSS,V16-Basis,v16
2026-01-08 15:00:00+00:00,2026-01-08 20:00:00+00:00,1,4463.5,4480.06,125.55,TP1,E_BOS,V16-Basis,v16
2026-01-08 15:00:00+00:00,2026-01-09 01:00:00+00:00,1,4463.5,4464.11,216.99,SL,E_BOS,V16-Basis,v16
2026-01-13 13:00:00+00:00,2026-01-13 14:00:00+00:00,1,4619.5,4636.26,251.43,TP1,E_BOS,V16-Basis,v16
2026-01-13 13:00:00+00:00,2026-01-13 15:00:00+00:00,1,4619.5,4620.12,21.73,SL,E_BOS,V16-Basis,v16
2026-01-13 16:00:00+00:00,2026-01-13 17:00:00+00:00,1,4622.2,4609.6,-517.88,SL,D_PULLBACK,V16-Basis,v16
2026-01-22 13:00:00+00:00,2026-01-22 14:00:00+00:00,1,4823.8,4842.09,232.58,TP1,D_PULLBACK,V16-Basis,v16
2026-01-22 13:00:00+00:00,2026-01-22 15:00:00+00:00,1,4823.8,4854.28,387.63,TP2,D_PULLBACK,V16-Basis,v16
2026-01-22 13:00:00+00:00,2026-01-22 15:00:00+00:00,1,4823.8,4872.57,826.95,TP3,D_PULLBACK,V16-Basis,v16
2026-01-23 16:00:00+00:00,2026-01-23 17:00:00+00:00,1,4981.4,4964.83,-623.69,SL,E_BOS,V16-Basis,v16
2026-01-27 13:00:00+00:00,2026-01-27 14:00:00+00:00,1,5073.8,5058.05,-518.49,SL,D_PULLBACK,V16-Basis,v16
2026-01-27 15:00:00+00:00,2026-01-27 20:00:00+00:00,1,5087.6,5115.49,232.86,TP1,D_PULLBACK,V16-Basis,v16
2026-01-27 15:00:00+00:00,2026-01-27 20:00:00+00:00,1,5087.6,5134.08,388.09,TP2,D_PULLBACK,V16-Basis,v16
2026-01-27 15:00:00+00:00,2026-01-27 20:00:00+00:00,1,5087.6,5161.97,827.93,TP3,D_PULLBACK,V16-Basis,v16
2026-02-09 15:00:00+00:00,2026-02-09 23:00:00+00:00,1,5082.2,5044.66,-624.43,SL,E_BOS,V16-Basis,v16
2026-02-20 08:00:00+00:00,2026-02-20 12:00:00+00:00,1,5048.7,5030.38,-622.93,SL,C_MOMENTUM,V16-Basis,v16
2026-02-20 16:00:00+00:00,2026-02-20 20:00:00+00:00,1,5087.0,5115.51,279.64,TP1,C_MOMENTUM,V16-Basis,v16
2026-02-20 16:00:00+00:00,2026-02-20 21:00:00+00:00,1,5087.0,5087.95,21.75,SL,C_MOMENTUM,V16-Basis,v16
2026-02-23 16:00:00+00:00,2026-02-23 23:00:00+00:00,1,5230.4,5260.36,279.97,TP1,B_MACDCROSS,V16-Basis,v16
2026-02-23 16:00:00+00:00,2026-02-24 01:00:00+00:00,1,5230.4,5231.4,435.51,SL,B_MACDCROSS,V16-Basis,v16
2026-02-25 11:00:00+00:00,2026-02-25 14:00:00+00:00,1,5199.5,5184.4,-623.87,SL,C_MOMENTUM,V16-Basis,v16
2026-02-27 13:00:00+00:00,2026-02-27 16:00:00+00:00,1,5240.8,5265.18,280.07,TP1,B_MACDCROSS,V16-Basis,v16
2026-02-27 13:00:00+00:00,2026-02-27 17:00:00+00:00,1,5240.8,5241.61,21.78,SL,B_MACDCROSS,V16-Basis,v16
2026-03-18 08:00:00+00:00,2026-03-18 10:00:00+00:00,-1,4990.7,4964.76,280.39,TP1,B_MACDCROSS,V16-Basis,v16
2026-03-18 08:00:00+00:00,2026-03-18 11:00:00+00:00,-1,4990.7,4947.46,467.32,TP2,B_MACDCROSS,V16-Basis,v16
2026-03-18 08:00:00+00:00,2026-03-18 12:00:00+00:00,-1,4990.7,4921.52,2492.4,TP3,B_MACDCROSS,V16-Basis,v16
2026-03-20 13:00:00+00:00,2026-03-20 14:00:00+00:00,-1,4617.0,4578.93,255.5,TP1,E_BOS,V16-Basis,v16
2026-03-20 13:00:00+00:00,2026-03-20 15:00:00+00:00,-1,4617.0,4546.5,473.16,TP2,E_BOS,V16-Basis,v16
2026-03-20 13:00:00+00:00,2026-03-20 16:00:00+00:00,-1,4617.0,4605.72,252.35,SL,E_BOS,V16-Basis,v16
2026-03-20 16:00:00+00:00,2026-03-20 18:00:00+00:00,-1,4585.3,4540.48,356.19,TP1,C_MOMENTUM,V16-Basis,v16
2026-03-20 16:00:00+00:00,2026-03-20 18:00:00+00:00,-1,4585.3,4510.6,593.65,TP2,C_MOMENTUM,V16-Basis,v16
2026-03-20 16:00:00+00:00,2026-03-22 23:00:00+00:00,-1,4585.3,4465.78,1266.46,TP3,C_MOMENTUM,V16-Basis,v16
2026-03-23 11:00:00+00:00,2026-03-23 12:00:00+00:00,-1,4379.2,4419.09,-665.16,SL,D_PULLBACK,V16-Basis,v16
2026-03-24 13:00:00+00:00,2026-03-24 14:00:00+00:00,-1,4382.5,4424.11,-663.49,SL,F_MSS,V16-Basis,v16
2026-03-26 08:00:00+00:00,2026-03-26 13:00:00+00:00,-1,4424.8,4457.67,-794.2,SL,C_MOMENTUM,V16-Basis,v16
2026-03-26 13:00:00+00:00,2026-03-26 14:00:00+00:00,-1,4450.1,4468.16,-395.91,SL,C_MOMENTUM,V16-Basis,v16
2026-04-07 09:00:00+00:00,2026-04-07 11:00:00+00:00,1,4696.6,4674.77,-527.09,SL,A_EMACROSS,V16-Basis,v16
2026-04-07 17:00:00+00:00,2026-04-07 19:00:00+00:00,1,4701.7,4735.05,189.37,TP1,A_EMACROSS,V16-Basis,v16
2026-04-07 17:00:00+00:00,2026-04-07 22:00:00+00:00,1,4701.7,4757.29,6312.39,TP2,A_EMACROSS,V16-Basis,v16
2026-04-07 17:00:00+00:00,2026-04-07 22:00:00+00:00,1,4701.7,4790.64,13466.43,TP3,A_EMACROSS,V16-Basis,v16
2026-04-17 12:00:00+00:00,2026-04-17 13:00:00+00:00,1,4869.0,4891.41,509.37,TP1,A_EMACROSS,V16-Basis,v16
2026-04-17 12:00:00+00:00,2026-04-17 13:00:00+00:00,1,4869.0,4906.34,848.95,TP2,A_EMACROSS,V16-Basis,v16
2026-04-17 12:00:00+00:00,2026-04-17 20:00:00+00:00,1,4869.0,4854.06,-452.78,SL,A_EMACROSS,V16-Basis,v16
2026-04-22 15:00:00+00:00,2026-04-22 18:00:00+00:00,-1,4746.2,4762.04,-851.67,SL,B_MACDCROSS,V16-Basis,v16
2026-04-23 07:00:00+00:00,2026-04-23 08:00:00+00:00,-1,4736.1,4721.65,382.1,TP1,C_MOMENTUM,V16-Basis,v16
2026-04-23 07:00:00+00:00,2026-04-23 09:00:00+00:00,-1,4736.1,4712.01,636.84,TP2,C_MOMENTUM,V16-Basis,v16
2026-04-23 07:00:00+00:00,2026-04-23 11:00:00+00:00,-1,4736.1,4732.25,339.65,SL,C_MOMENTUM,V16-Basis,v16
2026-04-23 11:00:00+00:00,2026-04-23 12:00:00+00:00,-1,4737.4,4747.09,-853.19,SL,C_MOMENTUM,V16-Basis,v16
2026-04-24 09:00:00+00:00,2026-04-24 11:00:00+00:00,-1,4697.7,4713.07,-708.86,SL,D_PULLBACK,V16-Basis,v16
2026-04-27 12:00:00+00:00,2026-04-27 14:00:00+00:00,-1,4714.1,4693.12,509.1,TP1,A_EMACROSS,V16-Basis,v16
2026-04-27 12:00:00+00:00,2026-04-27 23:00:00+00:00,-1,4714.1,4708.51,791.94,SL,A_EMACROSS,V16-Basis,v16
2026-04-28 17:00:00+00:00,2026-04-29 00:00:00+00:00,-1,4609.0,4619.39,-852.41,SL,C_MOMENTUM,V16-Basis,v16
2026-04-29 07:00:00+00:00,2026-04-29 12:00:00+00:00,-1,4581.4,4562.68,344.19,TP1,E_BOS,V16-Basis,v16
2026-04-29 07:00:00+00:00,2026-04-29 13:00:00+00:00,-1,4581.4,4546.74,637.39,TP2,E_BOS,V16-Basis,v16
2026-04-29 07:00:00+00:00,2026-04-29 13:00:00+00:00,-1,4581.4,4531.49,1223.78,TP3,E_BOS,V16-Basis,v16
2026-04-29 14:00:00+00:00,2026-04-29 15:00:00+00:00,-1,4551.9,4566.2,-856.47,SL,C_MOMENTUM,V16-Basis,v16
2026-05-01 07:00:00+00:00,2026-05-01 12:00:00+00:00,-1,4589.5,4603.52,-1138.53,SL,A_EMACROSS,V16-Basis,v16
2026-05-04 10:00:00+00:00,2026-05-04 12:00:00+00:00,-1,4573.2,4587.79,-850.48,SL,E_BOS,V16-Basis,v16
2026-05-04 13:00:00+00:00,2026-05-04 14:00:00+00:00,-1,4575.0,4590.53,-423.97,SL,C_MOMENTUM,V16-Basis,v16
2026-05-11 13:00:00+00:00,2026-05-11 14:00:00+00:00,1,4745.7,4730.55,-338.66,SL,E_BOS,V16-Basis,v16
2026-05-11 16:00:00+00:00,2026-05-11 20:00:00+00:00,1,4726.1,4748.39,126.85,TP1,F_MSS,V16-Basis,v16
2026-05-11 16:00:00+00:00,2026-05-11 22:00:00+00:00,1,4726.1,4763.25,211.41,TP2,F_MSS,V16-Basis,v16
2026-05-11 16:00:00+00:00,2026-05-12 03:00:00+00:00,1,4726.1,4726.84,112.75,SL,F_MSS,V16-Basis,v16
2024-11-12 13:00:00+00:00,2024-11-12 14:00:00+00:00,-1,2618.1,2622.3,-480.0,SL,D_PULLBACK,V16-HighRisk,v16
2024-11-13 15:00:00+00:00,2024-11-13 16:00:00+00:00,-1,2611.3,2602.52,358.92,TP1,A_EMACROSS,V16-HighRisk,v16
2024-11-13 15:00:00+00:00,2024-11-13 16:00:00+00:00,-1,2611.3,2596.67,598.2,TP2,A_EMACROSS,V16-HighRisk,v16
2024-11-13 15:00:00+00:00,2024-11-13 17:00:00+00:00,-1,2611.3,2587.89,1276.16,TP3,A_EMACROSS,V16-HighRisk,v16
2024-11-14 11:00:00+00:00,2024-11-14 13:00:00+00:00,-1,2558.7,2564.95,-647.01,SL,C_MOMENTUM,V16-HighRisk,v16
2024-11-14 14:00:00+00:00,2024-11-14 15:00:00+00:00,-1,2564.6,2569.1,-483.32,SL,D_PULLBACK,V16-HighRisk,v16
2024-11-15 13:00:00+00:00,2024-11-15 14:00:00+00:00,-1,2569.7,2575.55,-803.11,SL,A_EMACROSS,V16-HighRisk,v16
2024-12-10 10:00:00+00:00,2024-12-10 13:00:00+00:00,1,2698.1,2686.27,-255.71,SL,E_BOS,V16-HighRisk,v16
2024-12-10 13:00:00+00:00,2024-12-10 14:00:00+00:00,1,2704.4,2692.33,-255.3,SL,E_BOS,V16-HighRisk,v16
2024-12-17 08:00:00+00:00,2024-12-17 09:00:00+00:00,-1,2659.5,2645.76,114.7,TP1,B_MACDCROSS,V16-HighRisk,v16
2024-12-17 08:00:00+00:00,2024-12-17 12:00:00+00:00,-1,2659.5,2659.04,178.43,SL,B_MACDCROSS,V16-HighRisk,v16
2024-12-17 15:00:00+00:00,2024-12-17 18:00:00+00:00,-1,2654.4,2663.7,-510.73,SL,C_MOMENTUM,V16-HighRisk,v16
2024-12-18 13:00:00+00:00,2024-12-18 15:00:00+00:00,-1,2659.8,2649.7,171.82,TP1,F_MSS,V16-HighRisk,v16
2024-12-18 13:00:00+00:00,2024-12-18 19:00:00+00:00,-1,2659.8,2642.96,5727.28,TP2,F_MSS,V16-HighRisk,v16
2024-12-18 13:00:00+00:00,2024-12-18 19:00:00+00:00,-1,2659.8,2632.86,12218.21,TP3,F_MSS,V16-HighRisk,v16
2024-12-19 07:00:00+00:00,2024-12-19 09:00:00+00:00,-1,2630.1,2634.82,-531.63,SL,D_PULLBACK,V16-HighRisk,v16
2024-12-19 13:00:00+00:00,2024-12-20 06:00:00+00:00,-1,2610.0,2618.11,-706.71,SL,E_BOS,V16-HighRisk,v16
2024-12-23 11:00:00+00:00,2024-12-26 05:00:00+00:00,-1,2630.0,2636.18,-703.88,SL,E_BOS,V16-HighRisk,v16
2024-12-27 08:00:00+00:00,2024-12-27 12:00:00+00:00,-1,2640.8,2644.9,-280.43,SL,E_BOS,V16-HighRisk,v16
2024-12-27 13:00:00+00:00,2024-12-27 14:00:00+00:00,-1,2633.4,2627.49,113.39,TP1,E_BOS,V16-HighRisk,v16
2024-12-27 13:00:00+00:00,2024-12-27 15:00:00+00:00,-1,2633.4,2633.18,9.8,SL,E_BOS,V16-HighRisk,v16
2024-12-30 08:00:00+00:00,2024-12-30 09:00:00+00:00,-1,2623.6,2627.57,-560.35,SL,E_BOS,V16-HighRisk,v16
2024-12-30 11:00:00+00:00,2024-12-30 12:00:00+00:00,-1,2629.5,2633.47,-558.56,SL,C_MOMENTUM,V16-HighRisk,v16
2025-01-08 13:00:00+00:00,2025-01-08 14:00:00+00:00,1,2674.8,2681.79,250.55,TP1,B_MACDCROSS,V16-HighRisk,v16
2025-01-08 13:00:00+00:00,2025-01-08 15:00:00+00:00,1,2674.8,2676.66,155.9,SL,B_MACDCROSS,V16-HighRisk,v16
2025-01-09 11:00:00+00:00,2025-01-09 13:00:00+00:00,1,2687.3,2694.16,251.13,TP1,B_MACDCROSS,V16-HighRisk,v16
2025-01-09 11:00:00+00:00,2025-01-09 14:00:00+00:00,1,2687.3,2687.53,19.53,SL,B_MACDCROSS,V16-HighRisk,v16
2025-01-15 14:00:00+00:00,2025-01-15 15:00:00+00:00,1,2704.3,2699.96,-419.2,SL,D_PULLBACK,V16-HighRisk,v16
2025-01-15 16:00:00+00:00,2025-01-15 18:00:00+00:00,1,2712.0,2719.42,250.92,TP1,C_MOMENTUM,V16-HighRisk,v16
2025-01-15 16:00:00+00:00,2025-01-15 23:00:00+00:00,1,2712.0,2724.37,8363.91,TP2,C_MOMENTUM,V16-HighRisk,v16
2025-01-15 16:00:00+00:00,2025-01-16 08:00:00+00:00,1,2712.0,2731.79,17843.0,TP3,C_MOMENTUM,V16-HighRisk,v16
2025-01-17 15:00:00+00:00,2025-01-17 16:00:00+00:00,1,2749.9,2756.77,451.59,TP1,A_EMACROSS,V16-HighRisk,v16
2025-01-17 15:00:00+00:00,2025-01-17 18:00:00+00:00,1,2749.9,2751.73,702.47,SL,A_EMACROSS,V16-HighRisk,v16
2025-01-21 14:00:00+00:00,2025-01-21 15:00:00+00:00,1,2753.9,2749.08,-1009.3,SL,A_EMACROSS,V16-HighRisk,v16
2025-01-21 16:00:00+00:00,2025-01-22 01:00:00+00:00,1,2758.1,2764.51,325.38,TP1,E_BOS,V16-HighRisk,v16
2025-01-21 16:00:00+00:00,2025-01-22 05:00:00+00:00,1,2758.1,2769.97,1506.38,TP2,E_BOS,V16-HighRisk,v16
2025-01-21 16:00:00+00:00,2025-01-22 08:00:00+00:00,1,2758.1,2760.0,321.36,SL,E_BOS,V16-HighRisk,v16
2025-01-22 13:00:00+00:00,2025-01-22 14:00:00+00:00,1,2767.8,2763.17,-609.01,SL,D_PULLBACK,V16-HighRisk,v16
2025-01-22 16:00:00+00:00,2025-01-22 21:00:00+00:00,1,2769.6,2765.11,-607.18,SL,D_PULLBACK,V16-HighRisk,v16
2025-01-24 15:00:00+00:00,2025-01-24 16:00:00+00:00,1,2782.6,2778.05,-605.36,SL,D_PULLBACK,V16-HighRisk,v16
2025-01-28 14:00:00+00:00,2025-01-28 16:00:00+00:00,1,2758.4,2765.98,226.33,TP1,A_EMACROSS,V16-HighRisk,v16
2025-01-28 14:00:00+00:00,2025-01-28 18:00:00+00:00,1,2758.4,2771.04,943.04,TP2,A_EMACROSS,V16-HighRisk,v16
2025-01-28 14:00:00+00:00,2025-01-30 06:00:00+00:00,1,2758.4,2778.62,2011.82,TP3,A_EMACROSS,V16-HighRisk,v16
2025-01-31 16:00:00+00:00,2025-01-31 17:00:00+00:00,1,2849.7,2836.78,-613.09,SL,D_PULLBACK,V16-HighRisk,v16
2025-02-03 12:00:00+00:00,2025-02-03 13:00:00+00:00,1,2847.5,2834.02,-1018.75,SL,A_EMACROSS,V16-HighRisk,v16
2025-02-03 15:00:00+00:00,2025-02-03 16:00:00+00:00,1,2854.8,2839.99,-810.93,SL,C_MOMENTUM,V16-HighRisk,v16
2025-02-04 13:00:00+00:00,2025-02-04 14:00:00+00:00,1,2859.7,2846.1,-403.84,SL,A_EMACROSS,V16-HighRisk,v16
2025-02-04 15:00:00+00:00,2025-02-04 16:00:00+00:00,1,2863.9,2849.69,-241.82,SL,F_MSS,V16-HighRisk,v16
2025-02-05 07:00:00+00:00,2025-02-05 08:00:00+00:00,1,2890.5,2877.75,-322.04,SL,B_MACDCROSS,V16-HighRisk,v16
2025-02-05 13:00:00+00:00,2025-02-05 14:00:00+00:00,1,2883.7,2870.7,-241.14,SL,D_PULLBACK,V16-HighRisk,v16
2025-02-07 09:00:00+00:00,2025-02-07 10:00:00+00:00,1,2892.5,2880.04,-321.14,SL,E_BOS,V16-HighRisk,v16
2025-02-07 14:00:00+00:00,2025-02-07 15:00:00+00:00,1,2900.3,2887.32,-320.63,SL,E_BOS,V16-HighRisk,v16
2025-02-12 16:00:00+00:00,2025-02-12 17:00:00+00:00,1,2929.6,2916.65,-320.11,SL,E_BOS,V16-HighRisk,v16
2025-02-13 14:00:00+00:00,2025-02-13 15:00:00+00:00,1,2942.9,2930.49,-239.7,SL,D_PULLBACK,V16-HighRisk,v16
2025-02-13 16:00:00+00:00,2025-02-13 17:00:00+00:00,1,2941.6,2929.22,-239.41,SL,D_PULLBACK,V16-HighRisk,v16
2025-02-14 10:00:00+00:00,2025-02-14 13:00:00+00:00,1,2960.6,2949.14,-239.12,SL,D_PULLBACK,V16-HighRisk,v16
2025-02-18 13:00:00+00:00,2025-02-18 16:00:00+00:00,1,2933.6,2949.33,128.97,TP1,E_BOS,V16-HighRisk,v16
2025-02-18 13:00:00+00:00,2025-02-18 17:00:00+00:00,1,2933.6,2934.18,11.15,SL,E_BOS,V16-HighRisk,v16
2025-02-19 09:00:00+00:00,2025-02-19 10:00:00+00:00,1,2962.6,2951.58,-637.35,SL,B_MACDCROSS,V16-HighRisk,v16
2025-02-20 07:00:00+00:00,2025-02-20 08:00:00+00:00,1,2967.3,2957.4,-635.31,SL,E_BOS,V16-HighRisk,v16
2025-02-20 10:00:00+00:00,2025-02-20 11:00:00+00:00,1,2970.6,2960.79,-474.96,SL,C_MOMENTUM,V16-HighRisk,v16
2025-02-24 08:00:00+00:00,2025-02-24 09:00:00+00:00,1,2961.1,2951.88,-236.91,SL,E_BOS,V16-HighRisk,v16
2025-02-24 11:00:00+00:00,2025-02-24 12:00:00+00:00,1,2962.2,2952.98,-236.62,SL,C_MOMENTUM,V16-HighRisk,v16
2025-03-17 14:00:00+00:00,2025-03-17 15:00:00+00:00,1,3006.0,3000.81,-236.34,SL,B_MACDCROSS,V16-HighRisk,v16
2025-03-17 16:00:00+00:00,2025-03-17 20:00:00+00:00,1,3002.1,3009.68,79.67,TP1,D_PULLBACK,V16-HighRisk,v16
2025-03-17 16:00:00+00:00,2025-03-18 01:00:00+00:00,1,3002.1,3014.73,2655.64,TP2,D_PULLBACK,V16-HighRisk,v16
2025-03-17 16:00:00+00:00,2025-03-18 03:00:00+00:00,1,3002.1,3022.31,5665.37,TP3,D_PULLBACK,V16-HighRisk,v16
2025-03-19 10:00:00+00:00,2025-03-19 13:00:00+00:00,1,3042.3,3037.67,-615.35,SL,D_PULLBACK,V16-HighRisk,v16
2025-03-19 13:00:00+00:00,2025-03-19 14:00:00+00:00,1,3041.8,3037.09,-613.5,SL,D_PULLBACK,V16-HighRisk,v16
2025-03-26 10:00:00+00:00,2025-03-26 13:00:00+00:00,1,3029.1,3024.2,-815.54,SL,C_MOMENTUM,V16-HighRisk,v16
2025-03-28 14:00:00+00:00,2025-03-28 15:00:00+00:00,1,3103.9,3092.91,-304.61,SL,D_PULLBACK,V16-HighRisk,v16
2025-03-31 13:00:00+00:00,2025-03-31 14:00:00+00:00,1,3146.5,3129.31,-243.32,SL,D_PULLBACK,V16-HighRisk,v16
2025-03-31 15:00:00+00:00,2025-03-31 16:00:00+00:00,1,3146.9,3129.21,-243.03,SL,D_PULLBACK,V16-HighRisk,v16
2025-04-01 13:00:00+00:00,2025-04-01 14:00:00+00:00,1,3165.5,3148.89,-242.74,SL,D_PULLBACK,V16-HighRisk,v16
2025-04-02 08:00:00+00:00,2025-04-02 09:00:00+00:00,1,3162.7,3149.37,-404.07,SL,A_EMACROSS,V16-HighRisk,v16
2025-04-02 11:00:00+00:00,2025-04-02 13:00:00+00:00,1,3157.3,3143.97,-322.61,SL,C_MOMENTUM,V16-HighRisk,v16
2025-04-10 13:00:00+00:00,2025-04-10 14:00:00+00:00,1,3134.2,3163.32,108.71,TP1,D_PULLBACK,V16-HighRisk,v16
2025-04-10 13:00:00+00:00,2025-04-10 15:00:00+00:00,1,3134.2,3182.74,181.18,TP2,D_PULLBACK,V16-HighRisk,v16
2025-04-10 13:00:00+00:00,2025-04-10 22:00:00+00:00,1,3134.2,3211.86,7730.31,TP3,D_PULLBACK,V16-HighRisk,v16
2025-04-15 08:00:00+00:00,2025-04-15 12:00:00+00:00,1,3243.5,3228.78,-627.99,SL,D_PULLBACK,V16-HighRisk,v16
2025-04-15 14:00:00+00:00,2025-04-15 23:00:00+00:00,1,3239.1,3260.68,281.75,TP1,D_PULLBACK,V16-HighRisk,v16
2025-04-15 14:00:00+00:00,2025-04-16 00:00:00+00:00,1,3239.1,3275.07,469.58,TP2,D_PULLBACK,V16-HighRisk,v16
2025-04-15 14:00:00+00:00,2025-04-16 03:00:00+00:00,1,3239.1,3296.64,2504.43,TP3,D_PULLBACK,V16-HighRisk,v16
2025-04-22 08:00:00+00:00,2025-04-22 09:00:00+00:00,1,3455.5,3469.66,286.14,TP1,D_PULLBACK,V16-HighRisk,v16
2025-04-22 08:00:00+00:00,2025-04-22 10:00:00+00:00,1,3455.5,3479.11,476.91,TP2,D_PULLBACK,V16-HighRisk,v16
2025-04-22 08:00:00+00:00,2025-04-22 12:00:00+00:00,1,3455.5,3455.97,254.35,SL,D_PULLBACK,V16-HighRisk,v16
2025-04-28 14:00:00+00:00,2025-04-28 18:00:00+00:00,1,3339.6,3360.02,479.2,TP1,A_EMACROSS,V16-HighRisk,v16
2025-04-28 14:00:00+00:00,2025-04-28 22:00:00+00:00,1,3339.6,3345.04,745.41,SL,A_EMACROSS,V16-HighRisk,v16
2025-05-09 15:00:00+00:00,2025-05-09 19:00:00+00:00,1,3350.3,3338.34,-856.8,SL,E_BOS,V16-HighRisk,v16
2025-05-14 11:00:00+00:00,2025-05-14 12:00:00+00:00,-1,3223.7,3209.98,345.62,TP1,E_BOS,V16-HighRisk,v16
2025-05-14 11:00:00+00:00,2025-05-14 12:00:00+00:00,-1,3223.7,3198.3,640.03,TP2,E_BOS,V16-HighRisk,v16
2025-05-14 11:00:00+00:00,2025-05-14 13:00:00+00:00,-1,3223.7,3187.12,1228.86,TP3,E_BOS,V16-HighRisk,v16
2025-05-16 10:00:00+00:00,2025-05-16 11:00:00+00:00,-1,3179.0,3161.24,485.01,TP1,A_EMACROSS,V16-HighRisk,v16
2025-05-16 10:00:00+00:00,2025-05-16 12:00:00+00:00,-1,3179.0,3178.41,37.72,SL,A_EMACROSS,V16-HighRisk,v16
2025-05-16 13:00:00+00:00,2025-05-16 17:00:00+00:00,-1,3183.0,3194.94,-864.32,SL,C_MOMENTUM,V16-HighRisk,v16
2025-05-22 07:00:00+00:00,2025-05-22 08:00:00+00:00,1,3328.3,3322.76,-645.65,SL,D_PULLBACK,V16-HighRisk,v16
2025-05-23 11:00:00+00:00,2025-05-23 13:00:00+00:00,1,3348.3,3338.59,-858.28,SL,E_BOS,V16-HighRisk,v16
2025-05-28 07:00:00+00:00,2025-05-28 11:00:00+00:00,1,3317.4,3309.21,-341.94,SL,E_BOS,V16-HighRisk,v16
2025-05-29 07:00:00+00:00,2025-05-29 08:00:00+00:00,1,3310.7,3300.98,-341.39,SL,E_BOS,V16-HighRisk,v16
2025-05-29 10:00:00+00:00,2025-05-29 11:00:00+00:00,1,3321.5,3310.95,-340.85,SL,E_BOS,V16-HighRisk,v16
2025-06-09 16:00:00+00:00,2025-06-09 18:00:00+00:00,1,3358.4,3343.25,-425.38,SL,A_EMACROSS,V16-HighRisk,v16
2025-06-10 13:00:00+00:00,2025-06-10 14:00:00+00:00,1,3364.6,3349.77,-339.62,SL,E_BOS,V16-HighRisk,v16
2025-06-11 07:00:00+00:00,2025-06-11 09:00:00+00:00,1,3366.6,3353.13,-339.08,SL,E_BOS,V16-HighRisk,v16
2025-06-13 14:00:00+00:00,2025-06-13 15:00:00+00:00,1,3448.4,3434.07,-253.9,SL,D_PULLBACK,V16-HighRisk,v16
2025-06-18 15:00:00+00:00,2025-06-18 18:00:00+00:00,1,3411.0,3401.4,-422.66,SL,A_EMACROSS,V16-HighRisk,v16
2025-06-30 11:00:00+00:00,2025-06-30 12:00:00+00:00,-1,3289.2,3296.93,-253.09,SL,F_MSS,V16-HighRisk,v16
2025-07-08 17:00:00+00:00,2025-07-08 23:00:00+00:00,-1,3315.1,3305.4,151.67,TP1,C_MOMENTUM,V16-HighRisk,v16
2025-07-08 17:00:00+00:00,2025-07-09 00:00:00+00:00,-1,3315.1,3314.78,11.8,SL,C_MOMENTUM,V16-HighRisk,v16
2025-07-15 08:00:00+00:00,2025-07-15 11:00:00+00:00,1,3369.5,3364.08,-505.96,SL,D_PULLBACK,V16-HighRisk,v16
2025-07-16 15:00:00+00:00,2025-07-16 16:00:00+00:00,1,3350.4,3359.21,272.56,TP1,E_BOS,V16-HighRisk,v16
2025-07-16 15:00:00+00:00,2025-07-16 23:00:00+00:00,1,3350.4,3353.01,471.1,SL,E_BOS,V16-HighRisk,v16
2025-07-23 10:00:00+00:00,2025-07-23 12:00:00+00:00,1,3435.2,3429.68,-506.53,SL,D_PULLBACK,V16-HighRisk,v16
2025-07-28 15:00:00+00:00,2025-07-29 06:00:00+00:00,-1,3314.1,3320.11,-673.76,SL,C_MOMENTUM,V16-HighRisk,v16
2025-08-04 16:00:00+00:00,2025-08-04 17:00:00+00:00,1,3424.7,3398.67,-503.7,SL,D_PULLBACK,V16-HighRisk,v16
2025-08-05 14:00:00+00:00,2025-08-05 15:00:00+00:00,1,3439.7,3416.83,-314.06,SL,A_EMACROSS,V16-HighRisk,v16
2025-08-05 16:00:00+00:00,2025-08-05 17:00:00+00:00,1,3436.7,3413.79,-188.15,SL,F_MSS,V16-HighRisk,v16
2025-08-06 14:00:00+00:00,2025-08-07 07:00:00+00:00,1,3435.3,3458.95,101.51,TP1,E_BOS,V16-HighRisk,v16
2025-08-06 14:00:00+00:00,2025-08-07 14:00:00+00:00,1,3435.3,3436.18,175.45,SL,E_BOS,V16-HighRisk,v16
2025-08-07 14:00:00+00:00,2025-08-07 19:00:00+00:00,1,3450.3,3463.7,169.41,TP1,D_PULLBACK,V16-HighRisk,v16
2025-08-07 14:00:00+00:00,2025-08-07 20:00:00+00:00,1,3450.3,3472.64,282.35,TP2,D_PULLBACK,V16-HighRisk,v16
2025-08-07 14:00:00+00:00,2025-08-07 22:00:00+00:00,1,3450.3,3486.04,1505.85,TP3,D_PULLBACK,V16-HighRisk,v16
2025-08-08 14:00:00+00:00,2025-08-08 17:00:00+00:00,1,3492.8,3479.36,-506.65,SL,D_PULLBACK,V16-HighRisk,v16
2025-08-19 16:00:00+00:00,2025-08-20 01:00:00+00:00,-1,3361.1,3354.08,272.93,TP1,E_BOS,V16-HighRisk,v16
2025-08-19 16:00:00+00:00,2025-08-20 03:00:00+00:00,-1,3361.1,3360.84,471.74,SL,E_BOS,V16-HighRisk,v16
2025-08-25 14:00:00+00:00,2025-08-25 19:00:00+00:00,1,3418.7,3414.12,-676.29,SL,E_BOS,V16-HighRisk,v16
2025-08-26 07:00:00+00:00,2025-08-26 09:00:00+00:00,1,3423.0,3417.73,-674.13,SL,C_MOMENTUM,V16-HighRisk,v16
2025-08-26 13:00:00+00:00,2025-08-26 15:00:00+00:00,1,3422.2,3430.42,226.79,TP1,D_PULLBACK,V16-HighRisk,v16
2025-08-26 13:00:00+00:00,2025-08-26 15:00:00+00:00,1,3422.2,3435.9,377.98,TP2,D_PULLBACK,V16-HighRisk,v16
2025-08-26 13:00:00+00:00,2025-08-26 22:00:00+00:00,1,3422.2,3444.11,806.37,TP3,D_PULLBACK,V16-HighRisk,v16
2025-08-27 14:00:00+00:00,2025-08-27 16:00:00+00:00,1,3435.7,3443.34,380.52,TP1,A_EMACROSS,V16-HighRisk,v16
2025-08-27 14:00:00+00:00,2025-08-27 16:00:00+00:00,1,3435.7,3448.43,634.21,TP2,A_EMACROSS,V16-HighRisk,v16
2025-08-27 14:00:00+00:00,2025-08-28 08:00:00+00:00,1,3435.7,3456.06,1352.98,TP3,A_EMACROSS,V16-HighRisk,v16
2025-08-28 11:00:00+00:00,2025-08-28 12:00:00+00:00,1,3462.0,3457.16,-684.07,SL,E_BOS,V16-HighRisk,v16
2025-08-28 14:00:00+00:00,2025-08-28 15:00:00+00:00,1,3468.9,3463.9,-681.88,SL,E_BOS,V16-HighRisk,v16
2025-09-03 11:00:00+00:00,2025-09-03 12:00:00+00:00,1,3616.0,3609.21,-679.69,SL,E_BOS,V16-HighRisk,v16
2025-09-04 15:00:00+00:00,2025-09-04 17:00:00+00:00,1,3612.3,3604.6,-423.45,SL,A_EMACROSS,V16-HighRisk,v16
2025-09-05 11:00:00+00:00,2025-09-05 12:00:00+00:00,1,3609.3,3619.63,114.1,TP1,D_PULLBACK,V16-HighRisk,v16
2025-09-05 11:00:00+00:00,2025-09-05 12:00:00+00:00,1,3609.3,3626.52,190.17,TP2,D_PULLBACK,V16-HighRisk,v16
2025-09-05 11:00:00+00:00,2025-09-05 12:00:00+00:00,1,3609.3,3636.85,405.7,TP3,D_PULLBACK,V16-HighRisk,v16
2025-09-09 14:00:00+00:00,2025-09-09 15:00:00+00:00,1,3684.3,3677.95,-508.83,SL,D_PULLBACK,V16-HighRisk,v16
2025-09-10 11:00:00+00:00,2025-09-10 12:00:00+00:00,1,3688.8,3681.04,-507.61,SL,D_PULLBACK,V16-HighRisk,v16
2025-09-10 13:00:00+00:00,2025-09-10 15:00:00+00:00,1,3690.7,3682.96,-675.18,SL,C_MOMENTUM,V16-HighRisk,v16
2025-09-12 09:00:00+00:00,2025-09-12 12:00:00+00:00,1,3684.5,3677.74,-336.51,SL,C_MOMENTUM,V16-HighRisk,v16
2025-09-12 13:00:00+00:00,2025-09-12 15:00:00+00:00,1,3688.2,3681.46,-335.97,SL,C_MOMENTUM,V16-HighRisk,v16
2025-09-15 12:00:00+00:00,2025-09-15 13:00:00+00:00,1,3687.6,3697.87,188.68,TP1,A_EMACROSS,V16-HighRisk,v16
2025-09-15 12:00:00+00:00,2025-09-15 15:00:00+00:00,1,3687.6,3704.72,786.18,TP2,A_EMACROSS,V16-HighRisk,v16
2025-09-15 12:00:00+00:00,2025-09-15 15:00:00+00:00,1,3687.6,3714.99,1677.18,TP3,A_EMACROSS,V16-HighRisk,v16
2025-09-16 11:00:00+00:00,2025-09-16 12:00:00+00:00,1,3734.5,3728.3,-679.36,SL,C_MOMENTUM,V16-HighRisk,v16
2025-09-16 14:00:00+00:00,2025-09-16 15:00:00+00:00,1,3722.3,3717.61,-507.89,SL,D_PULLBACK,V16-HighRisk,v16
2025-09-17 17:00:00+00:00,2025-09-17 18:00:00+00:00,1,3722.3,3714.85,-844.45,SL,A_EMACROSS,V16-HighRisk,v16
2025-09-19 13:00:00+00:00,2025-09-19 15:00:00+00:00,1,3696.1,3707.79,189.24,TP1,A_EMACROSS,V16-HighRisk,v16
2025-09-19 13:00:00+00:00,2025-09-19 18:00:00+00:00,1,3696.1,3715.58,6308.03,TP2,A_EMACROSS,V16-HighRisk,v16
2025-09-19 13:00:00+00:00,2025-09-22 04:00:00+00:00,1,3696.1,3727.26,13457.13,TP3,A_EMACROSS,V16-HighRisk,v16
2025-09-25 08:00:00+00:00,2025-09-25 11:00:00+00:00,1,3786.7,3778.62,-920.89,SL,E_BOS,V16-HighRisk,v16
2025-09-25 11:00:00+00:00,2025-09-25 12:00:00+00:00,1,3784.0,3775.92,-687.9,SL,F_MSS,V16-HighRisk,v16
2025-09-29 11:00:00+00:00,2025-09-29 12:00:00+00:00,1,3858.2,3849.9,-914.45,SL,E_BOS,V16-HighRisk,v16
2025-09-29 13:00:00+00:00,2025-09-29 20:00:00+00:00,1,3850.7,3863.21,163.94,TP1,C_MOMENTUM,V16-HighRisk,v16
2025-09-29 13:00:00+00:00,2025-09-30 01:00:00+00:00,1,3850.7,3871.56,5464.77,TP2,C_MOMENTUM,V16-HighRisk,v16
2025-09-29 13:00:00+00:00,2025-09-30 03:00:00+00:00,1,3850.7,3884.07,11658.18,TP3,C_MOMENTUM,V16-HighRisk,v16
2025-09-30 07:00:00+00:00,2025-09-30 08:00:00+00:00,1,3872.2,3866.17,-734.96,SL,D_PULLBACK,V16-HighRisk,v16
2025-09-30 14:00:00+00:00,2025-09-30 15:00:00+00:00,1,3881.7,3871.87,-732.75,SL,F_MSS,V16-HighRisk,v16
2025-10-01 07:00:00+00:00,2025-10-01 08:00:00+00:00,1,3907.2,3921.22,438.33,TP1,B_MACDCROSS,V16-HighRisk,v16
2025-10-01 07:00:00+00:00,2025-10-01 11:00:00+00:00,1,3907.2,3910.94,681.85,SL,B_MACDCROSS,V16-HighRisk,v16
2025-10-01 13:00:00+00:00,2025-10-01 14:00:00+00:00,1,3899.8,3890.35,-733.91,SL,D_PULLBACK,V16-HighRisk,v16
2025-10-01 15:00:00+00:00,2025-10-01 18:00:00+00:00,1,3895.1,3885.65,-731.71,SL,D_PULLBACK,V16-HighRisk,v16
2025-10-02 13:00:00+00:00,2025-10-02 14:00:00+00:00,1,3899.7,3889.68,-729.52,SL,D_PULLBACK,V16-HighRisk,v16
2025-10-03 15:00:00+00:00,2025-10-03 17:00:00+00:00,1,3914.4,3904.78,-387.91,SL,C_MOMENTUM,V16-HighRisk,v16
2025-10-07 14:00:00+00:00,2025-10-07 15:00:00+00:00,1,4009.0,3999.11,-387.29,SL,B_MACDCROSS,V16-HighRisk,v16
2025-10-09 12:00:00+00:00,2025-10-09 13:00:00+00:00,1,4072.9,4062.08,-386.67,SL,B_MACDCROSS,V16-HighRisk,v16
2025-10-15 10:00:00+00:00,2025-10-15 12:00:00+00:00,1,4218.9,4204.51,-386.05,SL,C_MOMENTUM,V16-HighRisk,v16
2025-10-15 13:00:00+00:00,2025-10-15 19:00:00+00:00,1,4207.6,4229.11,130.08,TP1,D_PULLBACK,V16-HighRisk,v16
2025-10-15 13:00:00+00:00,2025-10-16 01:00:00+00:00,1,4207.6,4243.45,4336.11,TP2,D_PULLBACK,V16-HighRisk,v16
2025-10-15 13:00:00+00:00,2025-10-16 12:00:00+00:00,1,4207.6,4264.96,9250.37,TP3,D_PULLBACK,V16-HighRisk,v16
2025-10-17 07:00:00+00:00,2025-10-17 08:00:00+00:00,1,4354.5,4337.34,-763.83,SL,D_PULLBACK,V16-HighRisk,v16
2025-10-20 12:00:00+00:00,2025-10-20 13:00:00+00:00,1,4340.9,4320.39,-1269.24,SL,A_EMACROSS,V16-HighRisk,v16
2025-10-20 14:00:00+00:00,2025-10-20 18:00:00+00:00,1,4348.7,4376.38,409.18,TP1,E_BOS,V16-HighRisk,v16
2025-10-20 14:00:00+00:00,2025-10-21 01:00:00+00:00,1,4348.7,4356.9,707.22,SL,E_BOS,V16-HighRisk,v16
2025-11-12 12:00:00+00:00,2025-11-12 15:00:00+00:00,1,4136.4,4153.28,456.65,TP1,B_MACDCROSS,V16-HighRisk,v16
2025-11-12 12:00:00+00:00,2025-11-12 15:00:00+00:00,1,4136.4,4164.53,761.08,TP2,B_MACDCROSS,V16-HighRisk,v16
2025-11-12 12:00:00+00:00,2025-11-12 15:00:00+00:00,1,4136.4,4181.4,1623.65,TP3,B_MACDCROSS,V16-HighRisk,v16
2025-11-25 13:00:00+00:00,2025-11-25 14:00:00+00:00,1,4181.8,4166.9,-1026.15,SL,B_MACDCROSS,V16-HighRisk,v16
2025-11-28 14:30:00+00:00,2025-11-28 15:30:00+00:00,1,4233.5,4209.79,-1277.55,SL,A_EMACROSS,V16-HighRisk,v16
2025-12-03 13:00:00+00:00,2025-12-03 14:00:00+00:00,1,4268.7,4248.83,-1271.16,SL,A_EMACROSS,V16-HighRisk,v16
2025-12-03 15:00:00+00:00,2025-12-03 16:00:00+00:00,1,4247.8,4227.93,-404.74,SL,C_MOMENTUM,V16-HighRisk,v16
2025-12-04 16:00:00+00:00,2025-12-04 19:00:00+00:00,1,4245.9,4227.19,-505.11,SL,A_EMACROSS,V16-HighRisk,v16
2025-12-09 09:00:00+00:00,2025-12-09 12:00:00+00:00,1,4232.2,4215.93,-403.28,SL,E_BOS,V16-HighRisk,v16
2025-12-09 16:00:00+00:00,2025-12-09 17:00:00+00:00,1,4242.1,4225.65,-301.98,SL,D_PULLBACK,V16-HighRisk,v16
2025-12-11 13:00:00+00:00,2025-12-11 14:00:00+00:00,1,4248.6,4232.46,-301.62,SL,D_PULLBACK,V16-HighRisk,v16
2025-12-16 13:00:00+00:00,2025-12-16 15:00:00+00:00,1,4342.5,4365.01,162.68,TP1,E_BOS,V16-HighRisk,v16
2025-12-16 13:00:00+00:00,2025-12-16 16:00:00+00:00,1,4342.5,4343.33,14.06,SL,E_BOS,V16-HighRisk,v16
2025-12-16 17:00:00+00:00,2025-12-16 21:00:00+00:00,1,4333.8,4317.32,-803.91,SL,C_MOMENTUM,V16-HighRisk,v16
2025-12-26 15:00:00+00:00,2025-12-26 16:00:00+00:00,1,4580.1,4567.48,-801.34,SL,E_BOS,V16-HighRisk,v16
2026-01-06 14:00:00+00:00,2026-01-06 15:00:00+00:00,1,4498.3,4483.81,-798.77,SL,E_BOS,V16-HighRisk,v16
2026-01-06 16:00:00+00:00,2026-01-07 01:00:00+00:00,1,4498.7,4484.65,-298.58,SL,B_MACDCROSS,V16-HighRisk,v16
2026-01-13 13:00:00+00:00,2026-01-13 14:00:00+00:00,1,4619.5,4636.26,120.78,TP1,E_BOS,V16-HighRisk,v16
2026-01-13 13:00:00+00:00,2026-01-13 15:00:00+00:00,1,4619.5,4620.12,10.44,SL,E_BOS,V16-HighRisk,v16
2026-01-13 16:00:00+00:00,2026-01-13 17:00:00+00:00,1,4622.2,4609.6,-447.57,SL,D_PULLBACK,V16-HighRisk,v16
2026-01-22 13:00:00+00:00,2026-01-22 14:00:00+00:00,1,4823.8,4842.09,201.04,TP1,D_PULLBACK,V16-HighRisk,v16
2026-01-22 13:00:00+00:00,2026-01-22 15:00:00+00:00,1,4823.8,4854.28,335.07,TP2,D_PULLBACK,V16-HighRisk,v16
2026-01-22 13:00:00+00:00,2026-01-22 15:00:00+00:00,1,4823.8,4872.57,714.82,TP3,D_PULLBACK,V16-HighRisk,v16
2026-01-23 16:00:00+00:00,2026-01-23 17:00:00+00:00,1,4981.4,4964.83,-798.25,SL,E_BOS,V16-HighRisk,v16
2026-01-27 13:00:00+00:00,2026-01-27 14:00:00+00:00,1,5073.8,5058.05,-447.58,SL,D_PULLBACK,V16-HighRisk,v16
2026-01-27 15:00:00+00:00,2026-01-27 20:00:00+00:00,1,5087.6,5115.49,201.05,TP1,D_PULLBACK,V16-HighRisk,v16
2026-01-27 15:00:00+00:00,2026-01-27 20:00:00+00:00,1,5087.6,5134.08,335.08,TP2,D_PULLBACK,V16-HighRisk,v16
2026-01-27 15:00:00+00:00,2026-01-27 20:00:00+00:00,1,5087.6,5161.97,714.84,TP3,D_PULLBACK,V16-HighRisk,v16
2026-02-09 15:00:00+00:00,2026-02-09 23:00:00+00:00,1,5082.2,5044.66,-798.27,SL,E_BOS,V16-HighRisk,v16
2026-02-23 16:00:00+00:00,2026-02-23 23:00:00+00:00,1,5230.4,5260.36,268.55,TP1,B_MACDCROSS,V16-HighRisk,v16
2026-02-23 16:00:00+00:00,2026-02-24 01:00:00+00:00,1,5230.4,5231.4,417.75,SL,B_MACDCROSS,V16-HighRisk,v16
2026-02-25 11:00:00+00:00,2026-02-25 14:00:00+00:00,1,5199.5,5184.4,-797.91,SL,C_MOMENTUM,V16-HighRisk,v16
2026-02-27 13:00:00+00:00,2026-02-27 16:00:00+00:00,1,5240.8,5265.18,268.43,TP1,B_MACDCROSS,V16-HighRisk,v16
2026-02-27 13:00:00+00:00,2026-02-27 17:00:00+00:00,1,5240.8,5241.61,20.88,SL,B_MACDCROSS,V16-HighRisk,v16
2026-03-18 08:00:00+00:00,2026-03-18 10:00:00+00:00,-1,4990.7,4964.76,268.75,TP1,B_MACDCROSS,V16-HighRisk,v16
2026-03-18 08:00:00+00:00,2026-03-18 11:00:00+00:00,-1,4990.7,4947.46,447.91,TP2,B_MACDCROSS,V16-HighRisk,v16
2026-03-18 08:00:00+00:00,2026-03-18 12:00:00+00:00,-1,4990.7,4921.52,2388.85,TP3,B_MACDCROSS,V16-HighRisk,v16
2026-03-20 13:00:00+00:00,2026-03-20 14:00:00+00:00,-1,4617.0,4578.93,326.52,TP1,E_BOS,V16-HighRisk,v16
2026-03-20 13:00:00+00:00,2026-03-20 15:00:00+00:00,-1,4617.0,4546.5,604.66,TP2,E_BOS,V16-HighRisk,v16
2026-03-20 13:00:00+00:00,2026-03-20 16:00:00+00:00,-1,4617.0,4605.72,322.49,SL,E_BOS,V16-HighRisk,v16
2026-03-20 16:00:00+00:00,2026-03-20 18:00:00+00:00,-1,4585.3,4540.48,364.6,TP1,C_MOMENTUM,V16-HighRisk,v16
2026-03-20 16:00:00+00:00,2026-03-20 18:00:00+00:00,-1,4585.3,4510.6,607.67,TP2,C_MOMENTUM,V16-HighRisk,v16
2026-03-20 16:00:00+00:00,2026-03-22 23:00:00+00:00,-1,4585.3,4465.78,1296.37,TP3,C_MOMENTUM,V16-HighRisk,v16
2026-03-23 11:00:00+00:00,2026-03-23 12:00:00+00:00,-1,4379.2,4419.09,-766.4,SL,D_PULLBACK,V16-HighRisk,v16
2026-03-24 13:00:00+00:00,2026-03-24 14:00:00+00:00,-1,4382.5,4424.11,-764.1,SL,F_MSS,V16-HighRisk,v16
2026-03-26 08:00:00+00:00,2026-03-26 13:00:00+00:00,-1,4424.8,4457.67,-812.59,SL,C_MOMENTUM,V16-HighRisk,v16
2026-03-26 13:00:00+00:00,2026-03-26 14:00:00+00:00,-1,4450.1,4468.16,-405.0,SL,C_MOMENTUM,V16-HighRisk,v16
2026-04-07 09:00:00+00:00,2026-04-07 11:00:00+00:00,1,4696.6,4674.77,-505.44,SL,A_EMACROSS,V16-HighRisk,v16
2026-04-22 15:00:00+00:00,2026-04-22 18:00:00+00:00,-1,4746.2,4762.04,-403.54,SL,B_MACDCROSS,V16-HighRisk,v16
2026-04-23 07:00:00+00:00,2026-04-23 08:00:00+00:00,-1,4736.1,4721.65,181.3,TP1,C_MOMENTUM,V16-HighRisk,v16
2026-04-23 07:00:00+00:00,2026-04-23 09:00:00+00:00,-1,4736.1,4712.01,302.17,TP2,C_MOMENTUM,V16-HighRisk,v16
2026-04-23 07:00:00+00:00,2026-04-23 11:00:00+00:00,-1,4736.1,4732.25,161.16,SL,C_MOMENTUM,V16-HighRisk,v16
2026-04-23 11:00:00+00:00,2026-04-23 12:00:00+00:00,-1,4737.4,4747.09,-807.85,SL,C_MOMENTUM,V16-HighRisk,v16
2026-04-24 09:00:00+00:00,2026-04-24 11:00:00+00:00,-1,4697.7,4713.07,-603.95,SL,D_PULLBACK,V16-HighRisk,v16
2026-04-27 14:00:00+00:00,2026-04-27 23:00:00+00:00,-1,4693.2,4707.18,-803.33,SL,C_MOMENTUM,V16-HighRisk,v16
2026-04-28 17:00:00+00:00,2026-04-29 00:00:00+00:00,-1,4609.0,4619.39,-400.38,SL,C_MOMENTUM,V16-HighRisk,v16
2026-04-29 07:00:00+00:00,2026-04-29 12:00:00+00:00,-1,4581.4,4562.68,161.89,TP1,E_BOS,V16-HighRisk,v16
2026-04-29 07:00:00+00:00,2026-04-29 13:00:00+00:00,-1,4581.4,4546.74,299.81,TP2,E_BOS,V16-HighRisk,v16
2026-04-29 07:00:00+00:00,2026-04-29 13:00:00+00:00,-1,4581.4,4531.49,575.63,TP3,E_BOS,V16-HighRisk,v16
2026-04-29 14:00:00+00:00,2026-04-29 15:00:00+00:00,-1,4551.9,4566.2,-802.8,SL,C_MOMENTUM,V16-HighRisk,v16
2026-05-01 07:00:00+00:00,2026-05-01 12:00:00+00:00,-1,4589.5,4603.52,-1000.29,SL,A_EMACROSS,V16-HighRisk,v16
2026-05-04 10:00:00+00:00,2026-05-04 12:00:00+00:00,-1,4573.2,4587.79,-797.03,SL,E_BOS,V16-HighRisk,v16
2026-05-04 13:00:00+00:00,2026-05-04 14:00:00+00:00,-1,4575.0,4590.53,-297.93,SL,C_MOMENTUM,V16-HighRisk,v16
2026-05-11 13:00:00+00:00,2026-05-11 14:00:00+00:00,1,4745.7,4730.55,-297.57,SL,E_BOS,V16-HighRisk,v16
2026-05-11 16:00:00+00:00,2026-05-11 20:00:00+00:00,1,4726.1,4748.39,100.31,TP1,F_MSS,V16-HighRisk,v16
2026-05-11 16:00:00+00:00,2026-05-11 22:00:00+00:00,1,4726.1,4763.25,167.18,TP2,F_MSS,V16-HighRisk,v16
2026-05-11 16:00:00+00:00,2026-05-12 03:00:00+00:00,1,4726.1,4726.84,89.16,SL,F_MSS,V16-HighRisk,v16
2024-11-12 13:00:00+00:00,2024-11-12 14:00:00+00:00,-1,2618.1,2622.3,-320.0,SL,D_PULLBACK,V16-Freq,v16
2024-11-13 15:00:00+00:00,2024-11-13 16:00:00+00:00,-1,2611.3,2602.52,215.57,TP1,A_EMACROSS,V16-Freq,v16
2024-11-13 15:00:00+00:00,2024-11-13 16:00:00+00:00,-1,2611.3,2596.67,359.28,TP2,A_EMACROSS,V16-Freq,v16
2024-11-13 15:00:00+00:00,2024-11-13 17:00:00+00:00,-1,2611.3,2587.89,766.46,TP3,A_EMACROSS,V16-Freq,v16
2024-11-14 11:00:00+00:00,2024-11-14 13:00:00+00:00,-1,2558.7,2564.95,-402.55,SL,C_MOMENTUM,V16-Freq,v16
2024-11-14 14:00:00+00:00,2024-11-14 15:00:00+00:00,-1,2564.6,2569.1,-321.24,SL,D_PULLBACK,V16-Freq,v16
2024-11-15 13:00:00+00:00,2024-11-15 14:00:00+00:00,-1,2569.7,2575.55,-480.89,SL,A_EMACROSS,V16-Freq,v16
2024-12-10 10:00:00+00:00,2024-12-10 13:00:00+00:00,1,2698.1,2686.27,-199.77,SL,E_BOS,V16-Freq,v16
2024-12-10 13:00:00+00:00,2024-12-10 14:00:00+00:00,1,2704.4,2692.33,-199.52,SL,E_BOS,V16-Freq,v16
2024-12-17 08:00:00+00:00,2024-12-17 09:00:00+00:00,-1,2659.5,2645.76,89.67,TP1,B_MACDCROSS,V16-Freq,v16
2024-12-17 08:00:00+00:00,2024-12-17 12:00:00+00:00,-1,2659.5,2659.04,139.49,SL,B_MACDCROSS,V16-Freq,v16
2024-12-17 15:00:00+00:00,2024-12-17 18:00:00+00:00,-1,2654.4,2663.7,-399.12,SL,C_MOMENTUM,V16-Freq,v16
2024-12-18 13:00:00+00:00,2024-12-18 15:00:00+00:00,-1,2659.8,2649.7,114.66,TP1,F_MSS,V16-Freq,v16
2024-12-18 13:00:00+00:00,2024-12-18 19:00:00+00:00,-1,2659.8,2642.96,3821.94,TP2,F_MSS,V16-Freq,v16
2024-12-18 13:00:00+00:00,2024-12-18 19:00:00+00:00,-1,2659.8,2632.86,8153.47,TP3,F_MSS,V16-Freq,v16
2024-12-19 07:00:00+00:00,2024-12-19 09:00:00+00:00,-1,2630.1,2634.82,-342.67,SL,D_PULLBACK,V16-Freq,v16
2024-12-19 13:00:00+00:00,2024-12-20 06:00:00+00:00,-1,2610.0,2618.11,-427.49,SL,E_BOS,V16-Freq,v16
2024-12-23 11:00:00+00:00,2024-12-26 05:00:00+00:00,-1,2630.0,2636.18,-426.42,SL,E_BOS,V16-Freq,v16
2024-12-27 08:00:00+00:00,2024-12-27 12:00:00+00:00,-1,2640.8,2644.9,-212.68,SL,E_BOS,V16-Freq,v16
2024-12-27 13:00:00+00:00,2024-12-27 14:00:00+00:00,-1,2633.4,2627.49,86.03,TP1,E_BOS,V16-Freq,v16
2024-12-27 13:00:00+00:00,2024-12-27 15:00:00+00:00,-1,2633.4,2633.18,7.43,SL,E_BOS,V16-Freq,v16
2024-12-30 08:00:00+00:00,2024-12-30 09:00:00+00:00,-1,2623.6,2627.57,-425.05,SL,E_BOS,V16-Freq,v16
2024-12-30 09:00:00+00:00,2024-12-30 11:00:00+00:00,-1,2624.9,2628.87,-339.19,SL,C_MOMENTUM,V16-Freq,v16
2024-12-30 11:00:00+00:00,2024-12-30 12:00:00+00:00,-1,2629.5,2633.47,-338.51,SL,C_MOMENTUM,V16-Freq,v16
2025-01-08 13:00:00+00:00,2025-01-08 14:00:00+00:00,1,2674.8,2681.79,76.01,TP1,B_MACDCROSS,V16-Freq,v16
2025-01-08 13:00:00+00:00,2025-01-08 15:00:00+00:00,1,2674.8,2675.03,5.91,SL,B_MACDCROSS,V16-Freq,v16
2025-01-09 11:00:00+00:00,2025-01-09 13:00:00+00:00,1,2687.3,2694.16,152.1,TP1,B_MACDCROSS,V16-Freq,v16
2025-01-09 11:00:00+00:00,2025-01-09 14:00:00+00:00,1,2687.3,2687.53,11.83,SL,B_MACDCROSS,V16-Freq,v16
2025-01-15 14:00:00+00:00,2025-01-15 15:00:00+00:00,1,2704.3,2699.96,-270.66,SL,D_PULLBACK,V16-Freq,v16
2025-01-15 15:00:00+00:00,2025-01-15 16:00:00+00:00,1,2700.4,2705.63,121.6,TP1,D_PULLBACK,V16-Freq,v16
2025-01-15 15:00:00+00:00,2025-01-15 16:00:00+00:00,1,2700.4,2709.12,202.67,TP2,D_PULLBACK,V16-Freq,v16
2025-01-15 15:00:00+00:00,2025-01-15 17:00:00+00:00,1,2700.4,2714.35,432.37,TP3,D_PULLBACK,V16-Freq,v16
2025-01-17 15:00:00+00:00,2025-01-17 16:00:00+00:00,1,2749.9,2756.77,229.03,TP1,A_EMACROSS,V16-Freq,v16
2025-01-17 15:00:00+00:00,2025-01-17 18:00:00+00:00,1,2749.9,2750.13,356.27,SL,A_EMACROSS,V16-Freq,v16
2025-01-21 14:00:00+00:00,2025-01-21 15:00:00+00:00,1,2753.9,2749.08,-510.71,SL,A_EMACROSS,V16-Freq,v16
2025-01-21 15:00:00+00:00,2025-01-21 16:00:00+00:00,1,2753.1,2760.33,152.75,TP1,F_MSS,V16-Freq,v16
2025-01-21 15:00:00+00:00,2025-01-22 01:00:00+00:00,1,2753.1,2765.15,5091.76,TP2,F_MSS,V16-Freq,v16
2025-01-21 15:00:00+00:00,2025-01-22 09:00:00+00:00,1,2753.1,2772.38,10862.42,TP3,F_MSS,V16-Freq,v16
2025-01-22 13:00:00+00:00,2025-01-22 14:00:00+00:00,1,2767.8,2763.17,-371.66,SL,D_PULLBACK,V16-Freq,v16
2025-01-22 14:00:00+00:00,2025-01-22 15:00:00+00:00,1,2763.6,2770.54,166.91,TP1,D_PULLBACK,V16-Freq,v16
2025-01-22 14:00:00+00:00,2025-01-22 23:00:00+00:00,1,2763.6,2763.83,259.64,SL,D_PULLBACK,V16-Freq,v16
2025-01-24 15:00:00+00:00,2025-01-24 16:00:00+00:00,1,2782.6,2778.05,-371.77,SL,D_PULLBACK,V16-Freq,v16
2025-01-24 16:00:00+00:00,2025-01-26 23:00:00+00:00,1,2778.4,2774.83,-371.03,SL,D_PULLBACK,V16-Freq,v16
2025-01-28 14:00:00+00:00,2025-01-28 16:00:00+00:00,1,2758.4,2765.98,249.94,TP1,A_EMACROSS,V16-Freq,v16
2025-01-28 14:00:00+00:00,2025-01-28 18:00:00+00:00,1,2758.4,2771.04,1041.44,TP2,A_EMACROSS,V16-Freq,v16
2025-01-28 14:00:00+00:00,2025-01-30 06:00:00+00:00,1,2758.4,2778.62,2221.73,TP3,A_EMACROSS,V16-Freq,v16
2025-01-31 16:00:00+00:00,2025-01-31 17:00:00+00:00,1,2849.7,2836.78,-377.31,SL,D_PULLBACK,V16-Freq,v16
2025-02-03 12:00:00+00:00,2025-02-03 13:00:00+00:00,1,2847.5,2834.02,-564.84,SL,A_EMACROSS,V16-Freq,v16
2025-02-03 15:00:00+00:00,2025-02-03 16:00:00+00:00,1,2854.8,2839.99,-469.29,SL,C_MOMENTUM,V16-Freq,v16
2025-02-04 13:00:00+00:00,2025-02-04 14:00:00+00:00,1,2859.7,2846.1,-280.87,SL,A_EMACROSS,V16-Freq,v16
2025-02-04 14:00:00+00:00,2025-02-04 15:00:00+00:00,1,2868.7,2854.67,-233.71,SL,B_MACDCROSS,V16-Freq,v16
2025-02-04 15:00:00+00:00,2025-02-04 16:00:00+00:00,1,2863.9,2849.69,-149.39,SL,F_MSS,V16-Freq,v16
2025-02-05 07:00:00+00:00,2025-02-05 08:00:00+00:00,1,2890.5,2877.75,-186.58,SL,B_MACDCROSS,V16-Freq,v16
2025-02-05 13:00:00+00:00,2025-02-05 14:00:00+00:00,1,2883.7,2870.7,-149.12,SL,D_PULLBACK,V16-Freq,v16
2025-02-05 14:00:00+00:00,2025-02-05 15:00:00+00:00,1,2894.0,2881.0,-149.0,SL,D_PULLBACK,V16-Freq,v16
2025-02-07 09:00:00+00:00,2025-02-07 10:00:00+00:00,1,2892.5,2880.04,-186.1,SL,E_BOS,V16-Freq,v16
2025-02-07 14:00:00+00:00,2025-02-07 15:00:00+00:00,1,2900.3,2887.32,-185.91,SL,E_BOS,V16-Freq,v16
2025-02-07 15:00:00+00:00,2025-02-07 16:00:00+00:00,1,2904.4,2891.42,-185.73,SL,E_BOS,V16-Freq,v16
2025-02-12 16:00:00+00:00,2025-02-12 17:00:00+00:00,1,2929.6,2916.65,-185.54,SL,E_BOS,V16-Freq,v16
2025-02-12 17:00:00+00:00,2025-02-12 18:00:00+00:00,1,2930.8,2917.85,-222.42,SL,A_EMACROSS,V16-Freq,v16
2025-02-13 07:00:00+00:00,2025-02-13 08:00:00+00:00,1,2940.6,2928.05,-148.11,SL,D_PULLBACK,V16-Freq,v16
2025-02-13 14:00:00+00:00,2025-02-13 15:00:00+00:00,1,2942.9,2930.49,-147.99,SL,D_PULLBACK,V16-Freq,v16
2025-02-13 15:00:00+00:00,2025-02-13 16:00:00+00:00,1,2947.8,2935.39,-184.84,SL,B_MACDCROSS,V16-Freq,v16
2025-02-14 10:00:00+00:00,2025-02-14 13:00:00+00:00,1,2960.6,2949.14,-147.72,SL,D_PULLBACK,V16-Freq,v16
2025-02-18 13:00:00+00:00,2025-02-18 16:00:00+00:00,1,2933.6,2949.33,74.72,TP1,E_BOS,V16-Freq,v16
2025-02-18 13:00:00+00:00,2025-02-18 17:00:00+00:00,1,2933.6,2934.18,6.46,SL,E_BOS,V16-Freq,v16
2025-02-19 09:00:00+00:00,2025-02-19 10:00:00+00:00,1,2962.6,2951.58,-369.17,SL,B_MACDCROSS,V16-Freq,v16
2025-02-20 07:00:00+00:00,2025-02-20 08:00:00+00:00,1,2967.3,2957.4,-368.43,SL,E_BOS,V16-Freq,v16
2025-02-20 10:00:00+00:00,2025-02-20 11:00:00+00:00,1,2970.6,2960.79,-367.69,SL,C_MOMENTUM,V16-Freq,v16
2025-02-24 08:00:00+00:00,2025-02-24 09:00:00+00:00,1,2961.1,2951.88,-183.48,SL,E_BOS,V16-Freq,v16
2025-02-24 11:00:00+00:00,2025-02-24 12:00:00+00:00,1,2962.2,2952.98,-183.3,SL,C_MOMENTUM,V16-Freq,v16
2025-02-24 13:00:00+00:00,2025-02-24 14:00:00+00:00,1,2970.9,2961.3,-183.11,SL,E_BOS,V16-Freq,v16
2025-03-07 14:00:00+00:00,2025-03-07 15:00:00+00:00,1,2934.9,2928.69,-137.2,SL,C_MOMENTUM,V16-Freq,v16
2025-03-12 15:00:00+00:00,2025-03-12 16:00:00+00:00,1,2935.7,2944.01,61.69,TP1,B_MACDCROSS,V16-Freq,v16
2025-03-12 15:00:00+00:00,2025-03-13 01:00:00+00:00,1,2935.7,2949.55,2056.41,TP2,B_MACDCROSS,V16-Freq,v16
2025-03-12 15:00:00+00:00,2025-03-13 11:00:00+00:00,1,2935.7,2957.85,4387.0,TP3,B_MACDCROSS,V16-Freq,v16
2025-03-13 13:00:00+00:00,2025-03-13 14:00:00+00:00,1,2960.1,2968.2,191.66,TP1,E_BOS,V16-Freq,v16
2025-03-13 13:00:00+00:00,2025-03-13 14:00:00+00:00,1,2960.1,2975.11,354.93,TP2,E_BOS,V16-Freq,v16
2025-03-13 13:00:00+00:00,2025-03-13 14:00:00+00:00,1,2960.1,2981.71,681.47,TP3,E_BOS,V16-Freq,v16
2025-03-17 14:00:00+00:00,2025-03-17 15:00:00+00:00,1,3006.0,3000.81,-476.31,SL,B_MACDCROSS,V16-Freq,v16
2025-03-17 15:00:00+00:00,2025-03-18 00:00:00+00:00,1,3005.1,3012.88,171.04,TP1,D_PULLBACK,V16-Freq,v16
2025-03-17 15:00:00+00:00,2025-03-18 02:00:00+00:00,1,3005.1,3018.07,712.68,TP2,D_PULLBACK,V16-Freq,v16
2025-03-17 15:00:00+00:00,2025-03-18 06:00:00+00:00,1,3005.1,3025.85,1520.39,TP3,D_PULLBACK,V16-Freq,v16
2025-03-19 10:00:00+00:00,2025-03-19 13:00:00+00:00,1,3042.3,3037.67,-384.91,SL,D_PULLBACK,V16-Freq,v16
2025-03-19 13:00:00+00:00,2025-03-19 14:00:00+00:00,1,3041.8,3037.09,-384.14,SL,D_PULLBACK,V16-Freq,v16
2025-03-19 15:00:00+00:00,2025-03-19 18:00:00+00:00,1,3040.1,3047.16,172.52,TP1,D_PULLBACK,V16-Freq,v16
2025-03-19 15:00:00+00:00,2025-03-19 18:00:00+00:00,1,3040.1,3051.87,287.53,TP2,D_PULLBACK,V16-Freq,v16
2025-03-19 15:00:00+00:00,2025-03-19 19:00:00+00:00,1,3040.1,3058.93,613.39,TP3,D_PULLBACK,V16-Freq,v16
2025-03-25 09:00:00+00:00,2025-03-25 12:00:00+00:00,1,3027.3,3022.31,-578.27,SL,A_EMACROSS,V16-Freq,v16
2025-03-26 10:00:00+00:00,2025-03-26 13:00:00+00:00,1,3029.1,3024.2,-480.45,SL,C_MOMENTUM,V16-Freq,v16
2025-03-28 14:00:00+00:00,2025-03-28 15:00:00+00:00,1,3103.9,3092.91,-383.4,SL,D_PULLBACK,V16-Freq,v16
2025-03-31 13:00:00+00:00,2025-03-31 14:00:00+00:00,1,3146.5,3129.31,-191.32,SL,D_PULLBACK,V16-Freq,v16
2025-03-31 15:00:00+00:00,2025-03-31 16:00:00+00:00,1,3146.9,3129.21,-191.12,SL,D_PULLBACK,V16-Freq,v16
2025-03-31 16:00:00+00:00,2025-03-31 17:00:00+00:00,1,3151.5,3133.72,-190.93,SL,D_PULLBACK,V16-Freq,v16
2025-04-01 13:00:00+00:00,2025-04-01 14:00:00+00:00,1,3165.5,3148.89,-152.59,SL,D_PULLBACK,V16-Freq,v16
2025-04-01 14:00:00+00:00,2025-04-01 15:00:00+00:00,1,3160.2,3143.36,-152.47,SL,D_PULLBACK,V16-Freq,v16
2025-04-02 08:00:00+00:00,2025-04-02 09:00:00+00:00,1,3162.7,3149.37,-228.52,SL,A_EMACROSS,V16-Freq,v16
2025-04-02 11:00:00+00:00,2025-04-02 13:00:00+00:00,1,3157.3,3143.97,-190.21,SL,C_MOMENTUM,V16-Freq,v16
2025-04-02 13:00:00+00:00,2025-04-02 14:00:00+00:00,1,3159.1,3145.52,-152.01,SL,D_PULLBACK,V16-Freq,v16
2025-04-10 13:00:00+00:00,2025-04-10 14:00:00+00:00,1,3134.2,3163.32,68.35,TP1,D_PULLBACK,V16-Freq,v16
2025-04-10 13:00:00+00:00,2025-04-10 15:00:00+00:00,1,3134.2,3182.74,113.92,TP2,D_PULLBACK,V16-Freq,v16
2025-04-10 13:00:00+00:00,2025-04-10 22:00:00+00:00,1,3134.2,3211.86,4860.57,TP3,D_PULLBACK,V16-Freq,v16
2025-04-15 08:00:00+00:00,2025-04-15 12:00:00+00:00,1,3243.5,3228.78,-389.82,SL,D_PULLBACK,V16-Freq,v16
2025-04-15 14:00:00+00:00,2025-04-15 23:00:00+00:00,1,3239.1,3260.68,175.07,TP1,D_PULLBACK,V16-Freq,v16
2025-04-15 14:00:00+00:00,2025-04-16 00:00:00+00:00,1,3239.1,3275.07,291.78,TP2,D_PULLBACK,V16-Freq,v16
2025-04-15 14:00:00+00:00,2025-04-16 03:00:00+00:00,1,3239.1,3296.64,1556.15,TP3,D_PULLBACK,V16-Freq,v16
2025-04-22 08:00:00+00:00,2025-04-22 09:00:00+00:00,1,3455.5,3469.66,176.89,TP1,D_PULLBACK,V16-Freq,v16
2025-04-22 08:00:00+00:00,2025-04-22 10:00:00+00:00,1,3455.5,3479.11,294.81,TP2,D_PULLBACK,V16-Freq,v16
2025-04-22 08:00:00+00:00,2025-04-22 12:00:00+00:00,1,3455.5,3455.97,157.23,SL,D_PULLBACK,V16-Freq,v16
2025-04-28 14:00:00+00:00,2025-04-28 18:00:00+00:00,1,3339.6,3360.02,266.18,TP1,A_EMACROSS,V16-Freq,v16
2025-04-28 14:00:00+00:00,2025-04-28 22:00:00+00:00,1,3339.6,3345.04,414.06,SL,A_EMACROSS,V16-Freq,v16
2025-05-09 15:00:00+00:00,2025-05-09 19:00:00+00:00,1,3350.3,3338.34,-494.63,SL,E_BOS,V16-Freq,v16
2025-05-14 11:00:00+00:00,2025-05-14 12:00:00+00:00,-1,3223.7,3209.98,199.82,TP1,E_BOS,V16-Freq,v16
2025-05-14 11:00:00+00:00,2025-05-14 12:00:00+00:00,-1,3223.7,3198.3,370.04,TP2,E_BOS,V16-Freq,v16
2025-05-14 11:00:00+00:00,2025-05-14 13:00:00+00:00,-1,3223.7,3187.12,710.48,TP3,E_BOS,V16-Freq,v16
2025-05-16 10:00:00+00:00,2025-05-16 11:00:00+00:00,-1,3179.0,3161.24,268.16,TP1,A_EMACROSS,V16-Freq,v16
2025-05-16 10:00:00+00:00,2025-05-16 12:00:00+00:00,-1,3179.0,3178.41,20.86,SL,A_EMACROSS,V16-Freq,v16
2025-05-16 13:00:00+00:00,2025-05-16 17:00:00+00:00,-1,3183.0,3194.94,-497.31,SL,C_MOMENTUM,V16-Freq,v16
2025-05-22 07:00:00+00:00,2025-05-22 08:00:00+00:00,1,3328.3,3322.76,-396.86,SL,D_PULLBACK,V16-Freq,v16
2025-05-23 11:00:00+00:00,2025-05-23 13:00:00+00:00,1,3348.3,3338.59,-495.08,SL,E_BOS,V16-Freq,v16
2025-05-28 07:00:00+00:00,2025-05-28 11:00:00+00:00,1,3317.4,3309.21,-246.92,SL,E_BOS,V16-Freq,v16
2025-05-29 07:00:00+00:00,2025-05-29 08:00:00+00:00,1,3310.7,3300.98,-246.61,SL,E_BOS,V16-Freq,v16
2025-05-29 10:00:00+00:00,2025-05-29 11:00:00+00:00,1,3321.5,3310.95,-246.3,SL,E_BOS,V16-Freq,v16
2025-06-04 14:00:00+00:00,2025-06-04 16:00:00+00:00,1,3401.5,3385.63,-236.16,SL,A_EMACROSS,V16-Freq,v16
2025-06-05 09:00:00+00:00,2025-06-05 10:00:00+00:00,1,3413.5,3398.59,-196.56,SL,B_MACDCROSS,V16-Freq,v16
2025-06-09 16:00:00+00:00,2025-06-09 18:00:00+00:00,1,3358.4,3343.25,-235.64,SL,A_EMACROSS,V16-Freq,v16
2025-06-10 08:00:00+00:00,2025-06-10 09:00:00+00:00,1,3350.0,3335.37,-235.35,SL,A_EMACROSS,V16-Freq,v16
2025-06-10 13:00:00+00:00,2025-06-10 14:00:00+00:00,1,3364.6,3349.77,-195.89,SL,E_BOS,V16-Freq,v16
2025-06-11 07:00:00+00:00,2025-06-11 09:00:00+00:00,1,3366.6,3353.13,-195.7,SL,E_BOS,V16-Freq,v16
2025-06-12 10:00:00+00:00,2025-06-12 12:00:00+00:00,1,3402.9,3388.17,-195.5,SL,B_MACDCROSS,V16-Freq,v16
2025-06-12 13:00:00+00:00,2025-06-12 15:00:00+00:00,1,3412.8,3398.03,-195.31,SL,E_BOS,V16-Freq,v16
2025-06-12 15:00:00+00:00,2025-06-12 16:00:00+00:00,1,3406.5,3391.73,-195.11,SL,C_MOMENTUM,V16-Freq,v16
2025-06-13 10:00:00+00:00,2025-06-13 12:00:00+00:00,1,3436.0,3457.25,70.17,TP1,D_PULLBACK,V16-Freq,v16
2025-06-13 10:00:00+00:00,2025-06-13 14:00:00+00:00,1,3436.0,3436.71,109.15,SL,D_PULLBACK,V16-Freq,v16
2025-06-13 14:00:00+00:00,2025-06-13 15:00:00+00:00,1,3448.4,3434.07,-312.15,SL,D_PULLBACK,V16-Freq,v16
2025-06-13 15:00:00+00:00,2025-06-15 22:00:00+00:00,1,3446.3,3467.79,140.24,TP1,D_PULLBACK,V16-Freq,v16
2025-06-13 15:00:00+00:00,2025-06-16 04:00:00+00:00,1,3446.3,3447.02,218.16,SL,D_PULLBACK,V16-Freq,v16
2025-06-18 15:00:00+00:00,2025-06-18 18:00:00+00:00,1,3411.0,3401.4,-468.34,SL,A_EMACROSS,V16-Freq,v16
2025-06-30 11:00:00+00:00,2025-06-30 12:00:00+00:00,-1,3289.2,3296.93,-311.48,SL,F_MSS,V16-Freq,v16
2025-07-08 13:00:00+00:00,2025-07-08 14:00:00+00:00,-1,3324.6,3314.81,174.93,TP1,C_MOMENTUM,V16-Freq,v16
2025-07-08 13:00:00+00:00,2025-07-08 14:00:00+00:00,-1,3324.6,3308.28,291.54,TP2,C_MOMENTUM,V16-Freq,v16
2025-07-08 13:00:00+00:00,2025-07-08 15:00:00+00:00,-1,3324.6,3298.49,621.96,TP3,C_MOMENTUM,V16-Freq,v16
2025-07-08 17:00:00+00:00,2025-07-08 23:00:00+00:00,-1,3315.1,3305.4,175.9,TP1,C_MOMENTUM,V16-Freq,v16
2025-07-08 17:00:00+00:00,2025-07-09 00:00:00+00:00,-1,3315.1,3314.78,13.68,SL,C_MOMENTUM,V16-Freq,v16
2025-07-15 08:00:00+00:00,2025-07-15 11:00:00+00:00,1,3369.5,3364.08,-313.02,SL,D_PULLBACK,V16-Freq,v16
2025-07-16 15:00:00+00:00,2025-07-16 16:00:00+00:00,1,3350.4,3359.21,158.21,TP1,E_BOS,V16-Freq,v16
2025-07-16 15:00:00+00:00,2025-07-16 23:00:00+00:00,1,3350.4,3350.73,273.46,SL,E_BOS,V16-Freq,v16
2025-07-23 10:00:00+00:00,2025-07-23 12:00:00+00:00,1,3435.2,3429.68,-313.21,SL,D_PULLBACK,V16-Freq,v16
2025-07-28 15:00:00+00:00,2025-07-29 06:00:00+00:00,-1,3314.1,3320.11,-390.89,SL,C_MOMENTUM,V16-Freq,v16
2025-08-04 16:00:00+00:00,2025-08-04 17:00:00+00:00,1,3424.7,3398.67,-312.09,SL,D_PULLBACK,V16-Freq,v16
2025-08-05 14:00:00+00:00,2025-08-05 15:00:00+00:00,1,3439.7,3416.83,-233.69,SL,A_EMACROSS,V16-Freq,v16
2025-08-05 15:00:00+00:00,2025-08-05 16:00:00+00:00,1,3444.0,3421.13,-194.51,SL,B_MACDCROSS,V16-Freq,v16
2025-08-05 16:00:00+00:00,2025-08-05 17:00:00+00:00,1,3436.7,3413.79,-155.45,SL,F_MSS,V16-Freq,v16
2025-08-06 14:00:00+00:00,2025-08-07 07:00:00+00:00,1,3435.3,3458.95,78.63,TP1,E_BOS,V16-Freq,v16
2025-08-06 14:00:00+00:00,2025-08-07 14:00:00+00:00,1,3435.3,3436.18,135.91,SL,E_BOS,V16-Freq,v16
2025-08-07 14:00:00+00:00,2025-08-07 19:00:00+00:00,1,3450.3,3463.7,139.95,TP1,D_PULLBACK,V16-Freq,v16
2025-08-07 14:00:00+00:00,2025-08-07 20:00:00+00:00,1,3450.3,3472.64,233.25,TP2,D_PULLBACK,V16-Freq,v16
2025-08-07 14:00:00+00:00,2025-08-07 22:00:00+00:00,1,3450.3,3486.04,1243.98,TP3,D_PULLBACK,V16-Freq,v16
2025-08-08 14:00:00+00:00,2025-08-08 17:00:00+00:00,1,3492.8,3479.36,-313.58,SL,D_PULLBACK,V16-Freq,v16
2025-08-19 13:00:00+00:00,2025-08-19 14:00:00+00:00,-1,3377.9,3369.94,211.33,TP1,A_EMACROSS,V16-Freq,v16
2025-08-19 13:00:00+00:00,2025-08-19 14:00:00+00:00,-1,3377.9,3364.64,352.22,TP2,A_EMACROSS,V16-Freq,v16
2025-08-19 13:00:00+00:00,2025-08-19 23:00:00+00:00,-1,3377.9,3356.68,751.4,TP3,A_EMACROSS,V16-Freq,v16
2025-08-25 14:00:00+00:00,2025-08-25 19:00:00+00:00,1,3418.7,3414.12,-492.48,SL,E_BOS,V16-Freq,v16
2025-08-26 07:00:00+00:00,2025-08-26 09:00:00+00:00,1,3423.0,3417.73,-393.0,SL,C_MOMENTUM,V16-Freq,v16
2025-08-26 13:00:00+00:00,2025-08-26 15:00:00+00:00,1,3422.2,3430.42,141.2,TP1,D_PULLBACK,V16-Freq,v16
2025-08-26 13:00:00+00:00,2025-08-26 15:00:00+00:00,1,3422.2,3435.9,235.33,TP2,D_PULLBACK,V16-Freq,v16
2025-08-26 13:00:00+00:00,2025-08-26 22:00:00+00:00,1,3422.2,3444.11,502.03,TP3,D_PULLBACK,V16-Freq,v16
2025-08-27 07:00:00+00:00,2025-08-27 10:00:00+00:00,1,3430.5,3425.48,-393.97,SL,D_PULLBACK,V16-Freq,v16
2025-08-27 14:00:00+00:00,2025-08-27 16:00:00+00:00,1,3435.7,3443.34,212.32,TP1,A_EMACROSS,V16-Freq,v16
2025-08-27 14:00:00+00:00,2025-08-27 16:00:00+00:00,1,3435.7,3448.43,353.86,TP2,A_EMACROSS,V16-Freq,v16
2025-08-27 14:00:00+00:00,2025-08-28 08:00:00+00:00,1,3435.7,3456.06,754.91,TP3,A_EMACROSS,V16-Freq,v16
2025-08-28 11:00:00+00:00,2025-08-28 12:00:00+00:00,1,3462.0,3457.16,-494.78,SL,E_BOS,V16-Freq,v16
2025-08-28 14:00:00+00:00,2025-08-28 15:00:00+00:00,1,3468.9,3463.9,-493.54,SL,E_BOS,V16-Freq,v16
2025-08-29 11:00:00+00:00,2025-08-29 12:00:00+00:00,1,3469.8,3465.39,-315.08,SL,D_PULLBACK,V16-Freq,v16
2025-09-03 11:00:00+00:00,2025-09-03 12:00:00+00:00,1,3616.0,3609.21,-196.61,SL,E_BOS,V16-Freq,v16
2025-09-04 15:00:00+00:00,2025-09-04 17:00:00+00:00,1,3612.3,3604.6,-235.69,SL,A_EMACROSS,V16-Freq,v16
2025-09-05 11:00:00+00:00,2025-09-05 12:00:00+00:00,1,3609.3,3619.63,70.62,TP1,D_PULLBACK,V16-Freq,v16
2025-09-05 11:00:00+00:00,2025-09-05 12:00:00+00:00,1,3609.3,3626.52,117.71,TP2,D_PULLBACK,V16-Freq,v16
2025-09-05 11:00:00+00:00,2025-09-05 12:00:00+00:00,1,3609.3,3636.85,251.1,TP3,D_PULLBACK,V16-Freq,v16
2025-09-09 14:00:00+00:00,2025-09-09 15:00:00+00:00,1,3684.3,3677.95,-314.58,SL,D_PULLBACK,V16-Freq,v16
2025-09-09 15:00:00+00:00,2025-09-09 19:00:00+00:00,1,3684.3,3676.21,-314.08,SL,D_PULLBACK,V16-Freq,v16
2025-09-10 11:00:00+00:00,2025-09-10 12:00:00+00:00,1,3688.8,3681.04,-313.58,SL,D_PULLBACK,V16-Freq,v16
2025-09-10 13:00:00+00:00,2025-09-10 15:00:00+00:00,1,3690.7,3682.96,-195.67,SL,C_MOMENTUM,V16-Freq,v16
2025-09-10 15:00:00+00:00,2025-09-10 19:00:00+00:00,1,3683.7,3677.23,-156.38,SL,D_PULLBACK,V16-Freq,v16
2025-09-12 09:00:00+00:00,2025-09-12 12:00:00+00:00,1,3684.5,3677.74,-195.32,SL,C_MOMENTUM,V16-Freq,v16
2025-09-12 13:00:00+00:00,2025-09-12 15:00:00+00:00,1,3688.2,3681.46,-195.13,SL,C_MOMENTUM,V16-Freq,v16
2025-09-15 12:00:00+00:00,2025-09-15 13:00:00+00:00,1,3687.6,3697.87,105.26,TP1,A_EMACROSS,V16-Freq,v16
2025-09-15 12:00:00+00:00,2025-09-15 15:00:00+00:00,1,3687.6,3704.72,3508.75,TP2,A_EMACROSS,V16-Freq,v16
2025-09-15 12:00:00+00:00,2025-09-15 15:00:00+00:00,1,3687.6,3714.99,7485.33,TP3,A_EMACROSS,V16-Freq,v16
2025-09-16 11:00:00+00:00,2025-09-16 12:00:00+00:00,1,3734.5,3728.3,-515.07,SL,C_MOMENTUM,V16-Freq,v16
2025-09-16 14:00:00+00:00,2025-09-16 15:00:00+00:00,1,3722.3,3717.61,-411.03,SL,D_PULLBACK,V16-Freq,v16
2025-09-16 15:00:00+00:00,2025-09-16 20:00:00+00:00,1,3723.0,3730.1,184.59,TP1,D_PULLBACK,V16-Freq,v16
2025-09-16 15:00:00+00:00,2025-09-17 01:00:00+00:00,1,3723.0,3723.24,287.15,SL,D_PULLBACK,V16-Freq,v16
2025-09-17 17:00:00+00:00,2025-09-17 18:00:00+00:00,1,3722.3,3714.85,-616.73,SL,A_EMACROSS,V16-Freq,v16
2025-09-19 13:00:00+00:00,2025-09-19 15:00:00+00:00,1,3696.1,3707.79,276.69,TP1,A_EMACROSS,V16-Freq,v16
2025-09-19 13:00:00+00:00,2025-09-19 18:00:00+00:00,1,3696.1,3715.58,9223.14,TP2,A_EMACROSS,V16-Freq,v16
2025-09-19 13:00:00+00:00,2025-09-22 04:00:00+00:00,1,3696.1,3727.26,19676.02,TP3,A_EMACROSS,V16-Freq,v16
2025-09-25 07:00:00+00:00,2025-09-25 11:00:00+00:00,1,3782.5,3774.41,-585.34,SL,E_BOS,V16-Freq,v16
2025-09-25 11:00:00+00:00,2025-09-25 12:00:00+00:00,1,3784.0,3775.92,-467.1,SL,F_MSS,V16-Freq,v16
2025-09-29 11:00:00+00:00,2025-09-29 12:00:00+00:00,1,3858.2,3849.9,-582.71,SL,E_BOS,V16-Freq,v16
2025-09-29 13:00:00+00:00,2025-09-29 20:00:00+00:00,1,3850.7,3863.21,130.78,TP1,C_MOMENTUM,V16-Freq,v16
2025-09-29 13:00:00+00:00,2025-09-30 01:00:00+00:00,1,3850.7,3871.56,4359.36,TP2,C_MOMENTUM,V16-Freq,v16
2025-09-29 13:00:00+00:00,2025-09-30 03:00:00+00:00,1,3850.7,3884.07,9299.97,TP3,C_MOMENTUM,V16-Freq,v16
2025-09-30 07:00:00+00:00,2025-09-30 08:00:00+00:00,1,3872.2,3866.17,-492.58,SL,D_PULLBACK,V16-Freq,v16
2025-09-30 14:00:00+00:00,2025-09-30 15:00:00+00:00,1,3881.7,3871.87,-491.59,SL,F_MSS,V16-Freq,v16
2025-09-30 15:00:00+00:00,2025-09-30 19:00:00+00:00,1,3866.3,3881.05,220.77,TP1,F_MSS,V16-Freq,v16
2025-09-30 15:00:00+00:00,2025-10-01 00:00:00+00:00,1,3866.3,3890.88,919.89,TP2,F_MSS,V16-Freq,v16
2025-09-30 15:00:00+00:00,2025-10-01 07:00:00+00:00,1,3866.3,3905.63,1962.44,TP3,F_MSS,V16-Freq,v16
2025-10-01 08:00:00+00:00,2025-10-01 11:00:00+00:00,1,3920.1,3910.96,-621.02,SL,E_BOS,V16-Freq,v16
2025-10-01 13:00:00+00:00,2025-10-01 14:00:00+00:00,1,3899.8,3890.35,-495.57,SL,D_PULLBACK,V16-Freq,v16
2025-10-01 14:00:00+00:00,2025-10-01 15:00:00+00:00,1,3899.9,3890.45,-494.58,SL,D_PULLBACK,V16-Freq,v16
2025-10-02 13:00:00+00:00,2025-10-02 14:00:00+00:00,1,3899.7,3889.68,-246.8,SL,D_PULLBACK,V16-Freq,v16
2025-10-03 15:00:00+00:00,2025-10-03 17:00:00+00:00,1,3914.4,3904.78,-308.19,SL,C_MOMENTUM,V16-Freq,v16
2025-10-07 14:00:00+00:00,2025-10-07 15:00:00+00:00,1,4009.0,3999.11,-307.8,SL,B_MACDCROSS,V16-Freq,v16
2025-10-07 15:00:00+00:00,2025-10-07 17:00:00+00:00,1,3988.7,4003.53,110.67,TP1,D_PULLBACK,V16-Freq,v16
2025-10-07 15:00:00+00:00,2025-10-07 23:00:00+00:00,1,3988.7,4013.42,3689.02,TP2,D_PULLBACK,V16-Freq,v16
2025-10-07 15:00:00+00:00,2025-10-08 02:00:00+00:00,1,3988.7,4028.26,7869.9,TP3,D_PULLBACK,V16-Freq,v16
2025-10-09 12:00:00+00:00,2025-10-09 13:00:00+00:00,1,4072.9,4062.08,-644.01,SL,B_MACDCROSS,V16-Freq,v16
2025-10-15 10:00:00+00:00,2025-10-15 12:00:00+00:00,1,4218.9,4204.51,-642.4,SL,C_MOMENTUM,V16-Freq,v16
2025-10-15 13:00:00+00:00,2025-10-15 19:00:00+00:00,1,4207.6,4229.11,230.69,TP1,D_PULLBACK,V16-Freq,v16
2025-10-15 13:00:00+00:00,2025-10-16 01:00:00+00:00,1,4207.6,4243.45,7689.53,TP2,D_PULLBACK,V16-Freq,v16
2025-10-15 13:00:00+00:00,2025-10-16 12:00:00+00:00,1,4207.6,4264.96,16404.32,TP3,D_PULLBACK,V16-Freq,v16
2025-10-16 13:00:00+00:00,2025-10-16 14:00:00+00:00,1,4262.5,4283.11,315.72,TP1,B_MACDCROSS,V16-Freq,v16
2025-10-16 13:00:00+00:00,2025-10-16 16:00:00+00:00,1,4262.5,4296.86,1315.51,TP2,B_MACDCROSS,V16-Freq,v16
2025-10-16 13:00:00+00:00,2025-10-16 19:00:00+00:00,1,4262.5,4317.47,2806.42,TP3,B_MACDCROSS,V16-Freq,v16
2025-10-17 07:00:00+00:00,2025-10-17 08:00:00+00:00,1,4354.5,4337.34,-570.16,SL,D_PULLBACK,V16-Freq,v16
2025-10-17 08:00:00+00:00,2025-10-17 10:00:00+00:00,1,4360.2,4342.5,-569.02,SL,D_PULLBACK,V16-Freq,v16
2025-10-20 12:00:00+00:00,2025-10-20 13:00:00+00:00,1,4340.9,4320.39,-851.82,SL,A_EMACROSS,V16-Freq,v16
2025-10-20 13:00:00+00:00,2025-10-20 14:00:00+00:00,1,4317.1,4347.86,127.39,TP1,F_MSS,V16-Freq,v16
2025-10-20 13:00:00+00:00,2025-10-20 15:00:00+00:00,1,4317.1,4368.36,212.32,TP2,F_MSS,V16-Freq,v16
2025-10-20 13:00:00+00:00,2025-10-21 07:00:00+00:00,1,4317.1,4318.13,113.24,SL,F_MSS,V16-Freq,v16
2025-11-12 12:00:00+00:00,2025-11-12 15:00:00+00:00,1,4136.4,4153.28,318.98,TP1,B_MACDCROSS,V16-Freq,v16
2025-11-12 12:00:00+00:00,2025-11-12 15:00:00+00:00,1,4136.4,4164.53,531.64,TP2,B_MACDCROSS,V16-Freq,v16
2025-11-12 12:00:00+00:00,2025-11-12 15:00:00+00:00,1,4136.4,4181.4,1134.17,TP3,B_MACDCROSS,V16-Freq,v16
2025-11-25 13:00:00+00:00,2025-11-25 14:00:00+00:00,1,4181.8,4166.9,-713.82,SL,B_MACDCROSS,V16-Freq,v16
2025-11-28 14:30:00+00:00,2025-11-28 15:30:00+00:00,1,4233.5,4209.79,-854.44,SL,A_EMACROSS,V16-Freq,v16
2025-11-28 15:30:00+00:00,2025-11-28 16:30:00+00:00,1,4239.3,4215.34,-709.9,SL,B_MACDCROSS,V16-Freq,v16
2025-12-03 13:00:00+00:00,2025-12-03 14:00:00+00:00,1,4268.7,4248.83,-424.87,SL,A_EMACROSS,V16-Freq,v16
2025-12-03 14:00:00+00:00,2025-12-03 15:00:00+00:00,1,4244.5,4224.63,-282.82,SL,D_PULLBACK,V16-Freq,v16
2025-12-03 15:00:00+00:00,2025-12-03 16:00:00+00:00,1,4247.8,4227.93,-282.54,SL,C_MOMENTUM,V16-Freq,v16
2025-12-04 16:00:00+00:00,2025-12-04 19:00:00+00:00,1,4245.9,4227.19,-338.71,SL,A_EMACROSS,V16-Freq,v16
2025-12-05 13:00:00+00:00,2025-12-05 15:00:00+00:00,1,4264.9,4248.47,-281.92,SL,E_BOS,V16-Freq,v16
2025-12-09 09:00:00+00:00,2025-12-09 12:00:00+00:00,1,4232.2,4215.93,-281.64,SL,E_BOS,V16-Freq,v16
2025-12-09 16:00:00+00:00,2025-12-09 17:00:00+00:00,1,4242.1,4225.65,-225.08,SL,D_PULLBACK,V16-Freq,v16
2025-12-09 17:00:00+00:00,2025-12-09 19:00:00+00:00,1,4232.1,4215.65,-224.9,SL,D_PULLBACK,V16-Freq,v16
2025-12-11 13:00:00+00:00,2025-12-11 14:00:00+00:00,1,4248.6,4232.46,-224.72,SL,D_PULLBACK,V16-Freq,v16
2025-12-11 14:00:00+00:00,2025-12-11 15:00:00+00:00,1,4257.9,4282.1,126.31,TP1,B_MACDCROSS,V16-Freq,v16
2025-12-11 14:00:00+00:00,2025-12-11 16:00:00+00:00,1,4257.9,4298.24,210.51,TP2,B_MACDCROSS,V16-Freq,v16
2025-12-11 14:00:00+00:00,2025-12-11 16:00:00+00:00,1,4257.9,4264.35,44.91,SL,B_MACDCROSS,V16-Freq,v16
2025-12-16 13:00:00+00:00,2025-12-16 15:00:00+00:00,1,4342.5,4365.01,227.66,TP1,E_BOS,V16-Freq,v16
2025-12-16 13:00:00+00:00,2025-12-16 16:00:00+00:00,1,4342.5,4343.33,19.67,SL,E_BOS,V16-Freq,v16
2025-12-16 17:00:00+00:00,2025-12-16 21:00:00+00:00,1,4333.8,4317.32,-562.62,SL,C_MOMENTUM,V16-Freq,v16
2025-12-17 13:00:00+00:00,2025-12-17 14:00:00+00:00,1,4373.6,4357.75,-561.5,SL,B_MACDCROSS,V16-Freq,v16
2025-12-17 16:00:00+00:00,2025-12-17 17:00:00+00:00,1,4365.2,4349.25,-560.37,SL,C_MOMENTUM,V16-Freq,v16
2025-12-18 16:00:00+00:00,2025-12-18 17:00:00+00:00,1,4394.6,4380.78,-279.63,SL,B_MACDCROSS,V16-Freq,v16
2025-12-26 15:00:00+00:00,2025-12-26 16:00:00+00:00,1,4580.1,4567.48,-279.35,SL,E_BOS,V16-Freq,v16
2026-01-06 14:00:00+00:00,2026-01-06 15:00:00+00:00,1,4498.3,4483.81,-279.07,SL,E_BOS,V16-Freq,v16
2026-01-06 16:00:00+00:00,2026-01-07 01:00:00+00:00,1,4498.7,4484.65,-278.79,SL,B_MACDCROSS,V16-Freq,v16
2026-01-08 15:00:00+00:00,2026-01-08 20:00:00+00:00,1,4463.5,4480.06,112.8,TP1,E_BOS,V16-Freq,v16
2026-01-08 15:00:00+00:00,2026-01-09 01:00:00+00:00,1,4463.5,4464.11,194.96,SL,E_BOS,V16-Freq,v16
2026-01-09 13:00:00+00:00,2026-01-09 15:00:00+00:00,1,4492.0,4509.8,250.93,TP1,B_MACDCROSS,V16-Freq,v16
2026-01-09 13:00:00+00:00,2026-01-09 15:00:00+00:00,1,4492.0,4521.67,418.22,TP2,B_MACDCROSS,V16-Freq,v16
2026-01-09 13:00:00+00:00,2026-01-11 23:00:00+00:00,1,4492.0,4539.47,892.21,TP3,B_MACDCROSS,V16-Freq,v16
2026-01-13 13:00:00+00:00,2026-01-13 14:00:00+00:00,1,4619.5,4636.26,227.11,TP1,E_BOS,V16-Freq,v16
2026-01-13 13:00:00+00:00,2026-01-13 15:00:00+00:00,1,4619.5,4620.12,19.63,SL,E_BOS,V16-Freq,v16
2026-01-13 16:00:00+00:00,2026-01-13 17:00:00+00:00,1,4622.2,4609.6,-449.0,SL,D_PULLBACK,V16-Freq,v16
2026-01-22 13:00:00+00:00,2026-01-22 14:00:00+00:00,1,4823.8,4842.09,201.73,TP1,D_PULLBACK,V16-Freq,v16
2026-01-22 13:00:00+00:00,2026-01-22 15:00:00+00:00,1,4823.8,4854.28,336.21,TP2,D_PULLBACK,V16-Freq,v16
2026-01-22 13:00:00+00:00,2026-01-22 15:00:00+00:00,1,4823.8,4872.57,717.25,TP3,D_PULLBACK,V16-Freq,v16
2026-01-23 16:00:00+00:00,2026-01-23 17:00:00+00:00,1,4981.4,4964.83,-562.86,SL,E_BOS,V16-Freq,v16
2026-01-27 13:00:00+00:00,2026-01-27 14:00:00+00:00,1,5073.8,5058.05,-449.39,SL,D_PULLBACK,V16-Freq,v16
2026-01-27 15:00:00+00:00,2026-01-27 20:00:00+00:00,1,5087.6,5115.49,201.9,TP1,D_PULLBACK,V16-Freq,v16
2026-01-27 15:00:00+00:00,2026-01-27 20:00:00+00:00,1,5087.6,5134.08,336.5,TP2,D_PULLBACK,V16-Freq,v16
2026-01-27 15:00:00+00:00,2026-01-27 20:00:00+00:00,1,5087.6,5161.97,717.87,TP3,D_PULLBACK,V16-Freq,v16
2026-02-09 15:00:00+00:00,2026-02-09 23:00:00+00:00,1,5082.2,5044.66,-563.35,SL,E_BOS,V16-Freq,v16
2026-02-20 08:00:00+00:00,2026-02-20 12:00:00+00:00,1,5048.7,5030.38,-562.22,SL,C_MOMENTUM,V16-Freq,v16
2026-02-20 16:00:00+00:00,2026-02-20 20:00:00+00:00,1,5087.0,5115.51,252.49,TP1,C_MOMENTUM,V16-Freq,v16
2026-02-20 16:00:00+00:00,2026-02-20 21:00:00+00:00,1,5087.0,5087.95,19.64,SL,C_MOMENTUM,V16-Freq,v16
2026-02-23 16:00:00+00:00,2026-02-23 23:00:00+00:00,1,5230.4,5260.36,252.74,TP1,B_MACDCROSS,V16-Freq,v16
2026-02-23 16:00:00+00:00,2026-02-24 01:00:00+00:00,1,5230.4,5231.4,393.15,SL,B_MACDCROSS,V16-Freq,v16
2026-02-25 11:00:00+00:00,2026-02-25 14:00:00+00:00,1,5199.5,5184.4,-562.93,SL,C_MOMENTUM,V16-Freq,v16
2026-02-27 13:00:00+00:00,2026-02-27 16:00:00+00:00,1,5240.8,5265.18,252.81,TP1,B_MACDCROSS,V16-Freq,v16
2026-02-27 13:00:00+00:00,2026-02-27 17:00:00+00:00,1,5240.8,5241.61,19.66,SL,B_MACDCROSS,V16-Freq,v16
2026-03-18 08:00:00+00:00,2026-03-18 10:00:00+00:00,-1,4990.7,4964.76,253.06,TP1,B_MACDCROSS,V16-Freq,v16
2026-03-18 08:00:00+00:00,2026-03-18 11:00:00+00:00,-1,4990.7,4947.46,421.77,TP2,B_MACDCROSS,V16-Freq,v16
2026-03-18 08:00:00+00:00,2026-03-18 12:00:00+00:00,-1,4990.7,4921.52,2249.42,TP3,B_MACDCROSS,V16-Freq,v16
2026-03-20 13:00:00+00:00,2026-03-20 14:00:00+00:00,-1,4617.0,4578.93,287.65,TP1,E_BOS,V16-Freq,v16
2026-03-20 13:00:00+00:00,2026-03-20 15:00:00+00:00,-1,4617.0,4546.5,532.69,TP2,E_BOS,V16-Freq,v16
2026-03-20 13:00:00+00:00,2026-03-20 16:00:00+00:00,-1,4617.0,4605.72,284.1,SL,E_BOS,V16-Freq,v16
2026-03-20 16:00:00+00:00,2026-03-20 18:00:00+00:00,-1,4585.3,4540.48,320.86,TP1,C_MOMENTUM,V16-Freq,v16
2026-03-20 16:00:00+00:00,2026-03-20 18:00:00+00:00,-1,4585.3,4510.6,534.76,TP2,C_MOMENTUM,V16-Freq,v16
2026-03-20 16:00:00+00:00,2026-03-22 23:00:00+00:00,-1,4585.3,4465.78,1140.82,TP3,C_MOMENTUM,V16-Freq,v16
2026-03-23 11:00:00+00:00,2026-03-23 12:00:00+00:00,-1,4379.2,4419.09,-574.4,SL,D_PULLBACK,V16-Freq,v16
2026-03-24 13:00:00+00:00,2026-03-24 14:00:00+00:00,-1,4382.5,4424.11,-573.26,SL,F_MSS,V16-Freq,v16
2026-03-26 08:00:00+00:00,2026-03-26 13:00:00+00:00,-1,4424.8,4457.67,-715.14,SL,C_MOMENTUM,V16-Freq,v16
2026-03-26 13:00:00+00:00,2026-03-26 14:00:00+00:00,-1,4450.1,4468.16,-356.67,SL,C_MOMENTUM,V16-Freq,v16
2026-03-26 14:00:00+00:00,2026-03-26 15:00:00+00:00,-1,4461.9,4434.45,160.3,TP1,C_MOMENTUM,V16-Freq,v16
2026-03-26 14:00:00+00:00,2026-03-26 16:00:00+00:00,-1,4461.9,4416.15,267.17,TP2,C_MOMENTUM,V16-Freq,v16
2026-03-26 14:00:00+00:00,2026-03-26 16:00:00+00:00,-1,4461.9,4388.69,569.97,TP3,C_MOMENTUM,V16-Freq,v16
2026-03-26 17:00:00+00:00,2026-03-26 20:00:00+00:00,-1,4377.6,4409.75,-714.95,SL,C_MOMENTUM,V16-Freq,v16
2026-04-07 09:00:00+00:00,2026-04-07 11:00:00+00:00,1,4696.6,4674.77,-855.8,SL,A_EMACROSS,V16-Freq,v16
2026-04-07 17:00:00+00:00,2026-04-07 19:00:00+00:00,1,4701.7,4735.05,383.95,TP1,A_EMACROSS,V16-Freq,v16
2026-04-07 17:00:00+00:00,2026-04-07 22:00:00+00:00,1,4701.7,4757.29,1599.8,TP2,A_EMACROSS,V16-Freq,v16
2026-04-07 17:00:00+00:00,2026-04-07 22:00:00+00:00,1,4701.7,4790.64,3412.91,TP3,A_EMACROSS,V16-Freq,v16
2026-04-17 12:00:00+00:00,2026-04-17 13:00:00+00:00,1,4869.0,4891.41,391.24,TP1,A_EMACROSS,V16-Freq,v16
2026-04-17 12:00:00+00:00,2026-04-17 13:00:00+00:00,1,4869.0,4906.34,652.06,TP2,A_EMACROSS,V16-Freq,v16
2026-04-17 12:00:00+00:00,2026-04-17 20:00:00+00:00,1,4869.0,4854.06,-347.77,SL,A_EMACROSS,V16-Freq,v16
2026-04-22 15:00:00+00:00,2026-04-22 18:00:00+00:00,-1,4746.2,4762.04,-726.25,SL,B_MACDCROSS,V16-Freq,v16
2026-04-23 07:00:00+00:00,2026-04-23 08:00:00+00:00,-1,4736.1,4721.65,326.0,TP1,C_MOMENTUM,V16-Freq,v16
2026-04-23 07:00:00+00:00,2026-04-23 09:00:00+00:00,-1,4736.1,4712.01,543.33,TP2,C_MOMENTUM,V16-Freq,v16
2026-04-23 07:00:00+00:00,2026-04-23 11:00:00+00:00,-1,4736.1,4732.25,289.78,SL,C_MOMENTUM,V16-Freq,v16
2026-04-23 11:00:00+00:00,2026-04-23 12:00:00+00:00,-1,4737.4,4747.09,-727.34,SL,C_MOMENTUM,V16-Freq,v16
2026-04-24 09:00:00+00:00,2026-04-24 11:00:00+00:00,-1,4697.7,4713.07,-580.41,SL,D_PULLBACK,V16-Freq,v16
2026-04-27 12:00:00+00:00,2026-04-27 14:00:00+00:00,-1,4714.1,4693.12,391.0,TP1,A_EMACROSS,V16-Freq,v16
2026-04-27 12:00:00+00:00,2026-04-27 23:00:00+00:00,-1,4714.1,4708.51,608.22,SL,A_EMACROSS,V16-Freq,v16
2026-04-28 17:00:00+00:00,2026-04-29 00:00:00+00:00,-1,4609.0,4619.39,-726.56,SL,C_MOMENTUM,V16-Freq,v16
2026-04-29 07:00:00+00:00,2026-04-29 12:00:00+00:00,-1,4581.4,4562.68,293.52,TP1,E_BOS,V16-Freq,v16
2026-04-29 07:00:00+00:00,2026-04-29 13:00:00+00:00,-1,4581.4,4546.74,543.56,TP2,E_BOS,V16-Freq,v16
2026-04-29 07:00:00+00:00,2026-04-29 13:00:00+00:00,-1,4581.4,4531.49,1043.64,TP3,E_BOS,V16-Freq,v16
2026-04-29 14:00:00+00:00,2026-04-29 15:00:00+00:00,-1,4551.9,4566.2,-729.45,SL,C_MOMENTUM,V16-Freq,v16
2026-05-01 07:00:00+00:00,2026-05-01 12:00:00+00:00,-1,4589.5,4603.52,-873.15,SL,A_EMACROSS,V16-Freq,v16
2026-05-04 10:00:00+00:00,2026-05-04 12:00:00+00:00,-1,4573.2,4587.79,-725.44,SL,E_BOS,V16-Freq,v16
2026-05-04 13:00:00+00:00,2026-05-04 14:00:00+00:00,-1,4575.0,4590.53,-361.81,SL,C_MOMENTUM,V16-Freq,v16
2026-05-04 14:00:00+00:00,2026-05-04 15:00:00+00:00,-1,4572.7,4549.4,162.61,TP1,C_MOMENTUM,V16-Freq,v16
2026-05-04 14:00:00+00:00,2026-05-04 15:00:00+00:00,-1,4572.7,4533.87,271.02,TP2,C_MOMENTUM,V16-Freq,v16
2026-05-04 14:00:00+00:00,2026-05-04 16:00:00+00:00,-1,4572.7,4510.58,578.18,TP3,C_MOMENTUM,V16-Freq,v16
2026-05-11 13:00:00+00:00,2026-05-11 14:00:00+00:00,1,4745.7,4730.55,-725.25,SL,E_BOS,V16-Freq,v16
2026-05-11 14:00:00+00:00,2026-05-11 16:00:00+00:00,1,4735.4,4720.25,-868.13,SL,A_EMACROSS,V16-Freq,v16
2024-11-12 13:00:00+00:00,2024-11-12 14:00:00+00:00,-1,2618.1,2622.3,-400.0,SL,D_PULLBACK,V16-TP3Big,v16
2024-11-13 15:00:00+00:00,2024-11-13 16:00:00+00:00,-1,2611.3,2602.52,287.28,TP1,A_EMACROSS,V16-TP3Big,v16
2024-11-13 15:00:00+00:00,2024-11-13 16:00:00+00:00,-1,2611.3,2593.74,574.56,TP2,A_EMACROSS,V16-TP3Big,v16
2024-11-13 15:00:00+00:00,2024-11-13 20:00:00+00:00,-1,2611.3,2582.03,1276.8,TP3,A_EMACROSS,V16-TP3Big,v16
2024-11-14 11:00:00+00:00,2024-11-14 13:00:00+00:00,-1,2558.7,2564.95,-485.22,SL,C_MOMENTUM,V16-TP3Big,v16
2024-11-14 14:00:00+00:00,2024-11-14 15:00:00+00:00,-1,2564.6,2569.1,-403.13,SL,D_PULLBACK,V16-TP3Big,v16
2024-11-15 13:00:00+00:00,2024-11-15 14:00:00+00:00,-1,2569.7,2575.55,-643.4,SL,A_EMACROSS,V16-TP3Big,v16
2024-12-10 10:00:00+00:00,2024-12-10 13:00:00+00:00,1,2698.1,2686.27,-240.31,SL,E_BOS,V16-TP3Big,v16
2024-12-10 13:00:00+00:00,2024-12-10 14:00:00+00:00,1,2704.4,2692.33,-191.96,SL,E_BOS,V16-TP3Big,v16
2024-12-17 08:00:00+00:00,2024-12-17 09:00:00+00:00,-1,2659.5,2645.76,86.28,TP1,B_MACDCROSS,V16-TP3Big,v16
2024-12-17 08:00:00+00:00,2024-12-17 12:00:00+00:00,-1,2659.5,2659.04,134.21,SL,B_MACDCROSS,V16-TP3Big,v16
2024-12-17 15:00:00+00:00,2024-12-17 18:00:00+00:00,-1,2654.4,2663.7,-383.99,SL,C_MOMENTUM,V16-TP3Big,v16
2024-12-18 13:00:00+00:00,2024-12-18 15:00:00+00:00,-1,2659.8,2649.7,143.65,TP1,F_MSS,V16-TP3Big,v16
2024-12-18 13:00:00+00:00,2024-12-18 19:00:00+00:00,-1,2659.8,2639.6,5746.0,TP2,F_MSS,V16-TP3Big,v16
2024-12-18 13:00:00+00:00,2024-12-18 19:00:00+00:00,-1,2659.8,2626.13,12768.89,TP3,F_MSS,V16-TP3Big,v16
2024-12-19 07:00:00+00:00,2024-12-19 09:00:00+00:00,-1,2630.1,2634.82,-445.67,SL,D_PULLBACK,V16-TP3Big,v16
2024-12-19 13:00:00+00:00,2024-12-20 06:00:00+00:00,-1,2610.0,2618.11,-533.47,SL,E_BOS,V16-TP3Big,v16
2024-12-23 11:00:00+00:00,2024-12-26 05:00:00+00:00,-1,2630.0,2636.18,-531.87,SL,E_BOS,V16-TP3Big,v16
2024-12-27 08:00:00+00:00,2024-12-27 12:00:00+00:00,-1,2640.8,2644.9,-265.14,SL,E_BOS,V16-TP3Big,v16
2024-12-27 13:00:00+00:00,2024-12-27 14:00:00+00:00,-1,2633.4,2627.49,107.22,TP1,E_BOS,V16-TP3Big,v16
2024-12-27 13:00:00+00:00,2024-12-27 15:00:00+00:00,-1,2633.4,2633.18,9.27,SL,E_BOS,V16-TP3Big,v16
2024-12-30 08:00:00+00:00,2024-12-30 09:00:00+00:00,-1,2623.6,2627.57,-529.83,SL,E_BOS,V16-TP3Big,v16
2024-12-30 11:00:00+00:00,2024-12-30 12:00:00+00:00,-1,2629.5,2633.47,-422.59,SL,C_MOMENTUM,V16-TP3Big,v16
2025-01-08 13:00:00+00:00,2025-01-08 14:00:00+00:00,1,2674.8,2681.79,189.71,TP1,B_MACDCROSS,V16-TP3Big,v16
2025-01-08 13:00:00+00:00,2025-01-08 15:00:00+00:00,1,2674.8,2675.03,14.76,SL,B_MACDCROSS,V16-TP3Big,v16
2025-01-09 11:00:00+00:00,2025-01-09 13:00:00+00:00,1,2687.3,2694.16,189.93,TP1,B_MACDCROSS,V16-TP3Big,v16
2025-01-09 11:00:00+00:00,2025-01-09 14:00:00+00:00,1,2687.3,2687.53,14.77,SL,B_MACDCROSS,V16-TP3Big,v16
2025-01-15 14:00:00+00:00,2025-01-15 15:00:00+00:00,1,2704.3,2699.96,-352.13,SL,D_PULLBACK,V16-TP3Big,v16
2025-01-15 16:00:00+00:00,2025-01-15 18:00:00+00:00,1,2712.0,2719.42,189.77,TP1,C_MOMENTUM,V16-TP3Big,v16
2025-01-15 16:00:00+00:00,2025-01-16 01:00:00+00:00,1,2712.0,2726.84,7590.87,TP2,C_MOMENTUM,V16-TP3Big,v16
2025-01-15 16:00:00+00:00,2025-01-16 09:00:00+00:00,1,2712.0,2736.73,16868.6,TP3,C_MOMENTUM,V16-TP3Big,v16
2025-01-17 15:00:00+00:00,2025-01-17 16:00:00+00:00,1,2749.9,2756.77,360.65,TP1,A_EMACROSS,V16-TP3Big,v16
2025-01-17 15:00:00+00:00,2025-01-17 18:00:00+00:00,1,2749.9,2750.13,561.02,SL,A_EMACROSS,V16-TP3Big,v16
2025-01-21 14:00:00+00:00,2025-01-21 15:00:00+00:00,1,2753.9,2749.08,-805.14,SL,A_EMACROSS,V16-TP3Big,v16
2025-01-21 16:00:00+00:00,2025-01-22 01:00:00+00:00,1,2758.1,2764.51,243.58,TP1,E_BOS,V16-TP3Big,v16
2025-01-21 16:00:00+00:00,2025-01-22 08:00:00+00:00,1,2758.1,2760.0,421.01,SL,E_BOS,V16-TP3Big,v16
2025-01-22 13:00:00+00:00,2025-01-22 14:00:00+00:00,1,2767.8,2763.17,-502.86,SL,D_PULLBACK,V16-TP3Big,v16
2025-01-22 16:00:00+00:00,2025-01-22 21:00:00+00:00,1,2769.6,2765.11,-501.61,SL,D_PULLBACK,V16-TP3Big,v16
2025-01-24 15:00:00+00:00,2025-01-24 16:00:00+00:00,1,2782.6,2778.05,-500.35,SL,D_PULLBACK,V16-TP3Big,v16
2025-01-28 14:00:00+00:00,2025-01-28 16:00:00+00:00,1,2758.4,2765.98,179.68,TP1,A_EMACROSS,V16-TP3Big,v16
2025-01-28 14:00:00+00:00,2025-01-28 19:00:00+00:00,1,2758.4,2773.57,7187.05,TP2,A_EMACROSS,V16-TP3Big,v16
2025-01-28 14:00:00+00:00,2025-01-30 07:00:00+00:00,1,2758.4,2783.68,15971.21,TP3,A_EMACROSS,V16-TP3Big,v16
2025-01-31 16:00:00+00:00,2025-01-31 17:00:00+00:00,1,2849.7,2836.78,-557.45,SL,D_PULLBACK,V16-TP3Big,v16
2025-02-03 12:00:00+00:00,2025-02-03 13:00:00+00:00,1,2847.5,2834.02,-889.68,SL,A_EMACROSS,V16-TP3Big,v16
2025-02-03 15:00:00+00:00,2025-02-03 16:00:00+00:00,1,2854.8,2839.99,-664.59,SL,C_MOMENTUM,V16-TP3Big,v16
2025-02-04 13:00:00+00:00,2025-02-04 14:00:00+00:00,1,2859.7,2846.1,-441.73,SL,A_EMACROSS,V16-TP3Big,v16
2025-02-04 15:00:00+00:00,2025-02-04 16:00:00+00:00,1,2863.9,2849.69,-220.42,SL,F_MSS,V16-TP3Big,v16
2025-02-05 07:00:00+00:00,2025-02-05 08:00:00+00:00,1,2890.5,2877.75,-264.25,SL,B_MACDCROSS,V16-TP3Big,v16
2025-02-05 13:00:00+00:00,2025-02-05 14:00:00+00:00,1,2883.7,2870.7,-219.94,SL,D_PULLBACK,V16-TP3Big,v16
2025-02-07 09:00:00+00:00,2025-02-07 10:00:00+00:00,1,2892.5,2880.04,-263.66,SL,E_BOS,V16-TP3Big,v16
2025-02-07 14:00:00+00:00,2025-02-07 15:00:00+00:00,1,2900.3,2887.32,-263.35,SL,E_BOS,V16-TP3Big,v16
2025-02-12 16:00:00+00:00,2025-02-12 17:00:00+00:00,1,2929.6,2916.65,-263.03,SL,E_BOS,V16-TP3Big,v16
2025-02-13 14:00:00+00:00,2025-02-13 15:00:00+00:00,1,2942.9,2930.49,-218.93,SL,D_PULLBACK,V16-TP3Big,v16
2025-02-13 16:00:00+00:00,2025-02-13 17:00:00+00:00,1,2941.6,2929.22,-218.71,SL,D_PULLBACK,V16-TP3Big,v16
2025-02-14 10:00:00+00:00,2025-02-14 13:00:00+00:00,1,2960.6,2949.14,-218.49,SL,D_PULLBACK,V16-TP3Big,v16
2025-02-18 13:00:00+00:00,2025-02-18 16:00:00+00:00,1,2933.6,2949.33,106.08,TP1,E_BOS,V16-TP3Big,v16
2025-02-18 13:00:00+00:00,2025-02-18 17:00:00+00:00,1,2933.6,2934.18,9.17,SL,E_BOS,V16-TP3Big,v16
2025-02-19 09:00:00+00:00,2025-02-19 10:00:00+00:00,1,2962.6,2951.58,-524.13,SL,B_MACDCROSS,V16-TP3Big,v16
2025-02-20 07:00:00+00:00,2025-02-20 08:00:00+00:00,1,2967.3,2957.4,-522.88,SL,E_BOS,V16-TP3Big,v16
2025-02-20 10:00:00+00:00,2025-02-20 11:00:00+00:00,1,2970.6,2960.79,-521.62,SL,C_MOMENTUM,V16-TP3Big,v16
2025-02-24 08:00:00+00:00,2025-02-24 09:00:00+00:00,1,2961.1,2951.88,-260.18,SL,E_BOS,V16-TP3Big,v16
2025-02-24 11:00:00+00:00,2025-02-24 12:00:00+00:00,1,2962.2,2952.98,-259.87,SL,C_MOMENTUM,V16-TP3Big,v16
2025-03-07 14:00:00+00:00,2025-03-07 15:00:00+00:00,1,2934.9,2928.69,-259.56,SL,C_MOMENTUM,V16-TP3Big,v16
2025-03-13 13:00:00+00:00,2025-03-13 14:00:00+00:00,1,2960.1,2968.2,78.75,TP1,E_BOS,V16-TP3Big,v16
2025-03-13 13:00:00+00:00,2025-03-13 14:00:00+00:00,1,2960.1,2978.11,174.99,TP2,E_BOS,V16-TP3Big,v16
2025-03-13 13:00:00+00:00,2025-03-13 15:00:00+00:00,1,2960.1,2987.11,349.99,TP3,E_BOS,V16-TP3Big,v16
2025-03-17 14:00:00+00:00,2025-03-17 15:00:00+00:00,1,3006.0,3000.81,-519.95,SL,B_MACDCROSS,V16-TP3Big,v16
2025-03-17 16:00:00+00:00,2025-03-17 20:00:00+00:00,1,3002.1,3009.68,145.88,TP1,D_PULLBACK,V16-TP3Big,v16
2025-03-17 16:00:00+00:00,2025-03-18 01:00:00+00:00,1,3002.1,3017.26,5835.36,TP2,D_PULLBACK,V16-TP3Big,v16
2025-03-17 16:00:00+00:00,2025-03-18 07:00:00+00:00,1,3002.1,3027.36,12967.48,TP3,D_PULLBACK,V16-TP3Big,v16
2025-03-19 10:00:00+00:00,2025-03-19 13:00:00+00:00,1,3042.3,3037.67,-587.68,SL,D_PULLBACK,V16-TP3Big,v16
2025-03-19 13:00:00+00:00,2025-03-19 14:00:00+00:00,1,3041.8,3037.09,-586.21,SL,D_PULLBACK,V16-TP3Big,v16
2025-03-26 10:00:00+00:00,2025-03-26 13:00:00+00:00,1,3029.1,3024.2,-701.7,SL,C_MOMENTUM,V16-TP3Big,v16
2025-03-28 14:00:00+00:00,2025-03-28 15:00:00+00:00,1,3103.9,3092.91,-291.5,SL,D_PULLBACK,V16-TP3Big,v16
2025-03-31 13:00:00+00:00,2025-03-31 14:00:00+00:00,1,3146.5,3129.31,-291.13,SL,D_PULLBACK,V16-TP3Big,v16
2025-03-31 15:00:00+00:00,2025-03-31 16:00:00+00:00,1,3146.9,3129.21,-232.62,SL,D_PULLBACK,V16-TP3Big,v16
2025-04-01 13:00:00+00:00,2025-04-01 14:00:00+00:00,1,3165.5,3148.89,-232.38,SL,D_PULLBACK,V16-TP3Big,v16
2025-04-02 08:00:00+00:00,2025-04-02 09:00:00+00:00,1,3162.7,3149.37,-371.44,SL,A_EMACROSS,V16-TP3Big,v16
2025-04-02 11:00:00+00:00,2025-04-02 13:00:00+00:00,1,3157.3,3143.97,-278.13,SL,C_MOMENTUM,V16-TP3Big,v16
2025-04-10 13:00:00+00:00,2025-04-10 14:00:00+00:00,1,3134.2,3163.32,104.18,TP1,D_PULLBACK,V16-TP3Big,v16
2025-04-10 13:00:00+00:00,2025-04-10 15:00:00+00:00,1,3134.2,3192.45,208.35,TP2,D_PULLBACK,V16-TP3Big,v16
2025-04-10 13:00:00+00:00,2025-04-11 00:00:00+00:00,1,3134.2,3231.28,9260.02,TP3,D_PULLBACK,V16-TP3Big,v16
2025-04-15 08:00:00+00:00,2025-04-15 12:00:00+00:00,1,3243.5,3228.78,-602.68,SL,D_PULLBACK,V16-TP3Big,v16
2025-04-15 14:00:00+00:00,2025-04-15 23:00:00+00:00,1,3239.1,3260.68,270.53,TP1,D_PULLBACK,V16-TP3Big,v16
2025-04-15 14:00:00+00:00,2025-04-16 00:00:00+00:00,1,3239.1,3282.26,541.06,TP2,D_PULLBACK,V16-TP3Big,v16
2025-04-15 14:00:00+00:00,2025-04-16 06:00:00+00:00,1,3239.1,3311.03,3005.88,TP3,D_PULLBACK,V16-TP3Big,v16
2025-04-22 08:00:00+00:00,2025-04-22 09:00:00+00:00,1,3455.5,3469.66,274.82,TP1,D_PULLBACK,V16-TP3Big,v16
2025-04-22 08:00:00+00:00,2025-04-22 12:00:00+00:00,1,3455.5,3455.97,427.5,SL,D_PULLBACK,V16-TP3Big,v16
2025-04-28 14:00:00+00:00,2025-04-28 18:00:00+00:00,1,3339.6,3360.02,440.98,TP1,A_EMACROSS,V16-TP3Big,v16
2025-04-28 14:00:00+00:00,2025-04-28 22:00:00+00:00,1,3339.6,3345.04,685.97,SL,A_EMACROSS,V16-TP3Big,v16
2025-05-09 15:00:00+00:00,2025-05-09 19:00:00+00:00,1,3350.3,3338.34,-738.35,SL,E_BOS,V16-TP3Big,v16
2025-05-14 11:00:00+00:00,2025-05-14 12:00:00+00:00,-1,3223.7,3209.98,298.14,TP1,E_BOS,V16-TP3Big,v16
2025-05-14 11:00:00+00:00,2025-05-14 12:00:00+00:00,-1,3223.7,3193.22,662.52,TP2,E_BOS,V16-TP3Big,v16
2025-05-14 11:00:00+00:00,2025-05-14 16:00:00+00:00,-1,3223.7,3177.98,1325.05,TP3,E_BOS,V16-TP3Big,v16
2025-05-16 10:00:00+00:00,2025-05-16 11:00:00+00:00,-1,3179.0,3161.24,445.8,TP1,A_EMACROSS,V16-TP3Big,v16
2025-05-16 10:00:00+00:00,2025-05-16 12:00:00+00:00,-1,3179.0,3178.41,34.67,SL,A_EMACROSS,V16-TP3Big,v16
2025-05-16 13:00:00+00:00,2025-05-16 17:00:00+00:00,-1,3183.0,3194.94,-744.43,SL,C_MOMENTUM,V16-TP3Big,v16
2025-05-22 07:00:00+00:00,2025-05-22 08:00:00+00:00,1,3328.3,3322.76,-618.5,SL,D_PULLBACK,V16-TP3Big,v16
2025-05-23 11:00:00+00:00,2025-05-23 13:00:00+00:00,1,3348.3,3338.59,-740.35,SL,E_BOS,V16-TP3Big,v16
2025-05-28 07:00:00+00:00,2025-05-28 11:00:00+00:00,1,3317.4,3309.21,-369.06,SL,E_BOS,V16-TP3Big,v16
2025-05-29 07:00:00+00:00,2025-05-29 08:00:00+00:00,1,3310.7,3300.98,-368.51,SL,E_BOS,V16-TP3Big,v16
2025-05-29 10:00:00+00:00,2025-05-29 11:00:00+00:00,1,3321.5,3310.95,-294.36,SL,E_BOS,V16-TP3Big,v16
2025-06-04 14:00:00+00:00,2025-06-04 16:00:00+00:00,1,3401.5,3385.63,-392.02,SL,A_EMACROSS,V16-TP3Big,v16
2025-06-05 09:00:00+00:00,2025-06-05 10:00:00+00:00,1,3413.5,3398.59,-293.54,SL,B_MACDCROSS,V16-TP3Big,v16
2025-06-09 16:00:00+00:00,2025-06-09 18:00:00+00:00,1,3358.4,3343.25,-390.92,SL,A_EMACROSS,V16-TP3Big,v16
2025-06-10 13:00:00+00:00,2025-06-10 14:00:00+00:00,1,3364.6,3349.77,-292.72,SL,E_BOS,V16-TP3Big,v16
2025-06-11 07:00:00+00:00,2025-06-11 09:00:00+00:00,1,3366.6,3353.13,-292.37,SL,E_BOS,V16-TP3Big,v16
2025-06-12 10:00:00+00:00,2025-06-12 12:00:00+00:00,1,3402.9,3388.17,-292.02,SL,B_MACDCROSS,V16-TP3Big,v16
2025-06-12 13:00:00+00:00,2025-06-12 15:00:00+00:00,1,3412.8,3398.03,-291.67,SL,E_BOS,V16-TP3Big,v16
2025-06-13 14:00:00+00:00,2025-06-13 15:00:00+00:00,1,3448.4,3434.07,-242.76,SL,D_PULLBACK,V16-TP3Big,v16
2025-06-18 15:00:00+00:00,2025-06-18 18:00:00+00:00,1,3411.0,3401.4,-388.03,SL,A_EMACROSS,V16-TP3Big,v16
2025-06-30 11:00:00+00:00,2025-06-30 12:00:00+00:00,-1,3289.2,3296.93,-242.13,SL,F_MSS,V16-TP3Big,v16
2025-07-08 13:00:00+00:00,2025-07-08 14:00:00+00:00,-1,3324.6,3314.81,130.62,TP1,C_MOMENTUM,V16-TP3Big,v16
2025-07-08 13:00:00+00:00,2025-07-08 14:00:00+00:00,-1,3324.6,3305.02,261.24,TP2,C_MOMENTUM,V16-TP3Big,v16
2025-07-08 13:00:00+00:00,2025-07-09 08:00:00+00:00,-1,3324.6,3291.96,580.54,TP3,C_MOMENTUM,V16-TP3Big,v16
2025-07-15 08:00:00+00:00,2025-07-15 11:00:00+00:00,1,3369.5,3364.08,-485.73,SL,D_PULLBACK,V16-TP3Big,v16
2025-07-16 15:00:00+00:00,2025-07-16 16:00:00+00:00,1,3350.4,3359.21,235.59,TP1,E_BOS,V16-TP3Big,v16
2025-07-16 15:00:00+00:00,2025-07-16 23:00:00+00:00,1,3350.4,3353.01,407.2,SL,E_BOS,V16-TP3Big,v16
2025-07-23 10:00:00+00:00,2025-07-23 12:00:00+00:00,1,3435.2,3429.68,-486.04,SL,D_PULLBACK,V16-TP3Big,v16
2025-07-28 15:00:00+00:00,2025-07-29 06:00:00+00:00,-1,3314.1,3320.11,-582.08,SL,C_MOMENTUM,V16-TP3Big,v16
2025-08-04 16:00:00+00:00,2025-08-04 17:00:00+00:00,1,3424.7,3398.67,-483.91,SL,D_PULLBACK,V16-TP3Big,v16
2025-08-05 14:00:00+00:00,2025-08-05 15:00:00+00:00,1,3439.7,3416.83,-386.35,SL,A_EMACROSS,V16-TP3Big,v16
2025-08-05 16:00:00+00:00,2025-08-05 17:00:00+00:00,1,3436.7,3413.79,-241.08,SL,F_MSS,V16-TP3Big,v16
2025-08-06 14:00:00+00:00,2025-08-07 07:00:00+00:00,1,3435.3,3458.95,117.05,TP1,E_BOS,V16-TP3Big,v16
2025-08-06 14:00:00+00:00,2025-08-07 14:00:00+00:00,1,3435.3,3436.18,202.31,SL,E_BOS,V16-TP3Big,v16
2025-08-07 14:00:00+00:00,2025-08-07 19:00:00+00:00,1,3450.3,3463.7,217.04,TP1,D_PULLBACK,V16-TP3Big,v16
2025-08-07 14:00:00+00:00,2025-08-07 20:00:00+00:00,1,3450.3,3477.1,434.09,TP2,D_PULLBACK,V16-TP3Big,v16
2025-08-07 14:00:00+00:00,2025-08-07 22:00:00+00:00,1,3450.3,3494.97,2411.61,TP3,D_PULLBACK,V16-TP3Big,v16
2025-08-08 14:00:00+00:00,2025-08-08 17:00:00+00:00,1,3492.8,3479.36,-488.45,SL,D_PULLBACK,V16-TP3Big,v16
2025-08-19 13:00:00+00:00,2025-08-19 14:00:00+00:00,-1,3377.9,3369.94,350.98,TP1,A_EMACROSS,V16-TP3Big,v16
2025-08-19 13:00:00+00:00,2025-08-19 16:00:00+00:00,-1,3377.9,3361.98,1754.89,TP2,A_EMACROSS,V16-TP3Big,v16
2025-08-19 13:00:00+00:00,2025-08-20 11:00:00+00:00,-1,3377.9,3375.78,311.98,SL,A_EMACROSS,V16-TP3Big,v16
2025-08-25 14:00:00+00:00,2025-08-25 19:00:00+00:00,1,3418.7,3414.12,-738.46,SL,E_BOS,V16-TP3Big,v16
2025-08-26 07:00:00+00:00,2025-08-26 09:00:00+00:00,1,3423.0,3417.73,-589.0,SL,C_MOMENTUM,V16-TP3Big,v16
2025-08-26 13:00:00+00:00,2025-08-26 15:00:00+00:00,1,3422.2,3430.42,220.34,TP1,D_PULLBACK,V16-TP3Big,v16
2025-08-26 13:00:00+00:00,2025-08-26 19:00:00+00:00,1,3422.2,3438.63,1101.72,TP2,D_PULLBACK,V16-TP3Big,v16
2025-08-26 13:00:00+00:00,2025-08-27 05:00:00+00:00,1,3422.2,3424.39,195.86,SL,D_PULLBACK,V16-TP3Big,v16
2025-08-27 14:00:00+00:00,2025-08-27 16:00:00+00:00,1,3435.7,3443.34,443.42,TP1,A_EMACROSS,V16-TP3Big,v16
2025-08-27 14:00:00+00:00,2025-08-27 20:00:00+00:00,1,3435.7,3450.97,2217.09,TP2,A_EMACROSS,V16-TP3Big,v16
2025-08-27 14:00:00+00:00,2025-08-28 11:00:00+00:00,1,3435.7,3461.15,4926.87,TP3,A_EMACROSS,V16-TP3Big,v16
2025-08-28 14:00:00+00:00,2025-08-28 15:00:00+00:00,1,3468.9,3463.9,-761.79,SL,E_BOS,V16-TP3Big,v16
2025-09-03 11:00:00+00:00,2025-09-03 12:00:00+00:00,1,3616.0,3609.21,-759.51,SL,E_BOS,V16-TP3Big,v16
2025-09-04 15:00:00+00:00,2025-09-04 17:00:00+00:00,1,3612.3,3604.6,-1009.64,SL,A_EMACROSS,V16-TP3Big,v16
2025-09-05 11:00:00+00:00,2025-09-05 12:00:00+00:00,1,3609.3,3619.63,141.41,TP1,D_PULLBACK,V16-TP3Big,v16
2025-09-05 11:00:00+00:00,2025-09-05 12:00:00+00:00,1,3609.3,3629.96,282.83,TP2,D_PULLBACK,V16-TP3Big,v16
2025-09-05 11:00:00+00:00,2025-09-05 12:00:00+00:00,1,3609.3,3643.73,628.5,TP3,D_PULLBACK,V16-TP3Big,v16
2025-09-09 14:00:00+00:00,2025-09-09 15:00:00+00:00,1,3684.3,3677.95,-631.13,SL,D_PULLBACK,V16-TP3Big,v16
2025-09-10 11:00:00+00:00,2025-09-10 12:00:00+00:00,1,3688.8,3681.04,-629.55,SL,D_PULLBACK,V16-TP3Big,v16
2025-09-10 13:00:00+00:00,2025-09-10 15:00:00+00:00,1,3690.7,3682.96,-602.86,SL,C_MOMENTUM,V16-TP3Big,v16
2025-09-12 09:00:00+00:00,2025-09-12 12:00:00+00:00,1,3684.5,3677.74,-300.71,SL,C_MOMENTUM,V16-TP3Big,v16
2025-09-12 13:00:00+00:00,2025-09-12 15:00:00+00:00,1,3688.2,3681.46,-300.35,SL,C_MOMENTUM,V16-TP3Big,v16
2025-09-15 12:00:00+00:00,2025-09-15 13:00:00+00:00,1,3687.6,3697.87,179.99,TP1,A_EMACROSS,V16-TP3Big,v16
2025-09-15 12:00:00+00:00,2025-09-15 15:00:00+00:00,1,3687.6,3708.14,899.96,TP2,A_EMACROSS,V16-TP3Big,v16
2025-09-15 12:00:00+00:00,2025-09-15 15:00:00+00:00,1,3687.6,3721.83,1999.91,TP3,A_EMACROSS,V16-TP3Big,v16
2025-09-16 11:00:00+00:00,2025-09-16 12:00:00+00:00,1,3734.5,3728.3,-759.2,SL,C_MOMENTUM,V16-TP3Big,v16
2025-09-16 14:00:00+00:00,2025-09-16 15:00:00+00:00,1,3722.3,3717.61,-630.77,SL,D_PULLBACK,V16-TP3Big,v16
2025-09-17 17:00:00+00:00,2025-09-17 18:00:00+00:00,1,3722.3,3714.85,-1006.71,SL,A_EMACROSS,V16-TP3Big,v16
2025-09-19 13:00:00+00:00,2025-09-19 15:00:00+00:00,1,3696.1,3707.79,180.48,TP1,A_EMACROSS,V16-TP3Big,v16
2025-09-19 13:00:00+00:00,2025-09-19 20:00:00+00:00,1,3696.1,3719.47,7219.33,TP2,A_EMACROSS,V16-TP3Big,v16
2025-09-19 13:00:00+00:00,2025-09-22 05:00:00+00:00,1,3696.1,3735.05,16042.96,TP3,A_EMACROSS,V16-TP3Big,v16
2025-09-25 08:00:00+00:00,2025-09-25 11:00:00+00:00,1,3786.7,3778.62,-822.34,SL,E_BOS,V16-TP3Big,v16
2025-09-25 11:00:00+00:00,2025-09-25 12:00:00+00:00,1,3784.0,3775.92,-683.23,SL,F_MSS,V16-TP3Big,v16
2025-09-29 11:00:00+00:00,2025-09-29 12:00:00+00:00,1,3858.2,3849.9,-817.83,SL,E_BOS,V16-TP3Big,v16
2025-09-29 13:00:00+00:00,2025-09-29 20:00:00+00:00,1,3850.7,3863.21,183.46,TP1,C_MOMENTUM,V16-TP3Big,v16
2025-09-29 13:00:00+00:00,2025-09-30 01:00:00+00:00,1,3850.7,3875.73,7338.35,TP2,C_MOMENTUM,V16-TP3Big,v16
2025-09-29 13:00:00+00:00,2025-09-30 03:00:00+00:00,1,3850.7,3892.41,16307.44,TP3,C_MOMENTUM,V16-TP3Big,v16
2025-09-30 07:00:00+00:00,2025-09-30 08:00:00+00:00,1,3872.2,3866.17,-739.05,SL,D_PULLBACK,V16-TP3Big,v16
2025-09-30 14:00:00+00:00,2025-09-30 15:00:00+00:00,1,3881.7,3871.87,-737.2,SL,F_MSS,V16-TP3Big,v16
2025-10-01 07:00:00+00:00,2025-10-01 08:00:00+00:00,1,3907.2,3921.22,397.09,TP1,B_MACDCROSS,V16-TP3Big,v16
2025-10-01 07:00:00+00:00,2025-10-01 11:00:00+00:00,1,3907.2,3910.94,617.7,SL,B_MACDCROSS,V16-TP3Big,v16
2025-10-01 13:00:00+00:00,2025-10-01 14:00:00+00:00,1,3899.8,3890.35,-737.9,SL,D_PULLBACK,V16-TP3Big,v16
2025-10-01 15:00:00+00:00,2025-10-01 18:00:00+00:00,1,3895.1,3885.65,-736.05,SL,D_PULLBACK,V16-TP3Big,v16
2025-10-02 13:00:00+00:00,2025-10-02 14:00:00+00:00,1,3899.7,3889.68,-734.21,SL,D_PULLBACK,V16-TP3Big,v16
2025-10-03 15:00:00+00:00,2025-10-03 17:00:00+00:00,1,3914.4,3904.78,-439.43,SL,C_MOMENTUM,V16-TP3Big,v16
2025-10-07 14:00:00+00:00,2025-10-07 15:00:00+00:00,1,4009.0,3999.11,-351.01,SL,B_MACDCROSS,V16-TP3Big,v16
2025-10-09 12:00:00+00:00,2025-10-09 13:00:00+00:00,1,4072.9,4062.08,-350.59,SL,B_MACDCROSS,V16-TP3Big,v16
2025-10-15 10:00:00+00:00,2025-10-15 12:00:00+00:00,1,4218.9,4204.51,-350.17,SL,C_MOMENTUM,V16-TP3Big,v16
2025-10-15 13:00:00+00:00,2025-10-15 19:00:00+00:00,1,4207.6,4229.11,131.16,TP1,D_PULLBACK,V16-TP3Big,v16
2025-10-15 13:00:00+00:00,2025-10-16 02:00:00+00:00,1,4207.6,4250.62,5246.26,TP2,D_PULLBACK,V16-TP3Big,v16
2025-10-15 13:00:00+00:00,2025-10-16 14:00:00+00:00,1,4207.6,4279.3,11658.36,TP3,D_PULLBACK,V16-TP3Big,v16
2025-10-17 07:00:00+00:00,2025-10-17 08:00:00+00:00,1,4354.5,4337.34,-771.24,SL,D_PULLBACK,V16-TP3Big,v16
2025-10-20 12:00:00+00:00,2025-10-20 13:00:00+00:00,1,4340.9,4320.39,-1230.89,SL,A_EMACROSS,V16-TP3Big,v16
2025-10-20 14:00:00+00:00,2025-10-20 18:00:00+00:00,1,4348.7,4376.38,372.39,TP1,E_BOS,V16-TP3Big,v16
2025-10-20 14:00:00+00:00,2025-10-21 01:00:00+00:00,1,4348.7,4356.9,643.63,SL,E_BOS,V16-TP3Big,v16
2025-11-12 12:00:00+00:00,2025-11-12 15:00:00+00:00,1,4136.4,4153.28,415.14,TP1,B_MACDCROSS,V16-TP3Big,v16
2025-11-12 12:00:00+00:00,2025-11-12 15:00:00+00:00,1,4136.4,4170.15,830.27,TP2,B_MACDCROSS,V16-TP3Big,v16
2025-11-12 12:00:00+00:00,2025-11-12 16:00:00+00:00,1,4136.4,4192.66,1845.05,TP3,B_MACDCROSS,V16-TP3Big,v16
2025-11-25 13:00:00+00:00,2025-11-25 14:00:00+00:00,1,4181.8,4166.9,-931.8,SL,B_MACDCROSS,V16-TP3Big,v16
2025-11-28 14:30:00+00:00,2025-11-28 15:30:00+00:00,1,4233.5,4209.79,-1238.67,SL,A_EMACROSS,V16-TP3Big,v16
2025-12-03 13:00:00+00:00,2025-12-03 14:00:00+00:00,1,4268.7,4248.83,-1233.72,SL,A_EMACROSS,V16-TP3Big,v16
2025-12-03 15:00:00+00:00,2025-12-03 16:00:00+00:00,1,4247.8,4227.93,-368.63,SL,C_MOMENTUM,V16-TP3Big,v16
2025-12-04 16:00:00+00:00,2025-12-04 19:00:00+00:00,1,4245.9,4227.19,-490.92,SL,A_EMACROSS,V16-TP3Big,v16
2025-12-05 13:00:00+00:00,2025-12-05 15:00:00+00:00,1,4264.9,4248.47,-367.6,SL,E_BOS,V16-TP3Big,v16
2025-12-09 09:00:00+00:00,2025-12-09 12:00:00+00:00,1,4232.2,4215.93,-367.16,SL,E_BOS,V16-TP3Big,v16
2025-12-09 16:00:00+00:00,2025-12-09 17:00:00+00:00,1,4242.1,4225.65,-305.6,SL,D_PULLBACK,V16-TP3Big,v16
2025-12-11 13:00:00+00:00,2025-12-11 14:00:00+00:00,1,4248.6,4232.46,-305.3,SL,D_PULLBACK,V16-TP3Big,v16
2025-12-16 13:00:00+00:00,2025-12-16 15:00:00+00:00,1,4342.5,4365.01,148.23,TP1,E_BOS,V16-TP3Big,v16
2025-12-16 13:00:00+00:00,2025-12-16 16:00:00+00:00,1,4342.5,4343.33,12.81,SL,E_BOS,V16-TP3Big,v16
2025-12-16 17:00:00+00:00,2025-12-16 21:00:00+00:00,1,4333.8,4317.32,-732.36,SL,C_MOMENTUM,V16-TP3Big,v16
2025-12-17 13:00:00+00:00,2025-12-17 14:00:00+00:00,1,4373.6,4357.75,-730.6,SL,B_MACDCROSS,V16-TP3Big,v16
2025-12-17 16:00:00+00:00,2025-12-17 17:00:00+00:00,1,4365.2,4349.25,-728.85,SL,C_MOMENTUM,V16-TP3Big,v16
2025-12-26 15:00:00+00:00,2025-12-26 16:00:00+00:00,1,4580.1,4567.48,-363.55,SL,E_BOS,V16-TP3Big,v16
2026-01-06 14:00:00+00:00,2026-01-06 15:00:00+00:00,1,4498.3,4483.81,-363.11,SL,E_BOS,V16-TP3Big,v16
2026-01-06 16:00:00+00:00,2026-01-07 01:00:00+00:00,1,4498.7,4484.65,-362.68,SL,B_MACDCROSS,V16-TP3Big,v16
2026-01-08 15:00:00+00:00,2026-01-08 20:00:00+00:00,1,4463.5,4480.06,146.71,TP1,E_BOS,V16-TP3Big,v16
2026-01-08 15:00:00+00:00,2026-01-09 01:00:00+00:00,1,4463.5,4468.41,253.57,SL,E_BOS,V16-TP3Big,v16
2026-01-13 13:00:00+00:00,2026-01-13 14:00:00+00:00,1,4619.5,4636.26,293.81,TP1,E_BOS,V16-TP3Big,v16
2026-01-13 13:00:00+00:00,2026-01-13 15:00:00+00:00,1,4619.5,4620.12,25.39,SL,E_BOS,V16-TP3Big,v16
2026-01-13 16:00:00+00:00,2026-01-13 17:00:00+00:00,1,4622.2,4609.6,-605.18,SL,D_PULLBACK,V16-TP3Big,v16
2026-01-22 13:00:00+00:00,2026-01-22 14:00:00+00:00,1,4823.8,4842.09,271.79,TP1,D_PULLBACK,V16-TP3Big,v16
2026-01-22 13:00:00+00:00,2026-01-22 15:00:00+00:00,1,4823.8,4860.38,543.57,TP2,D_PULLBACK,V16-TP3Big,v16
2026-01-22 13:00:00+00:00,2026-01-22 15:00:00+00:00,1,4823.8,4828.68,96.63,SL,D_PULLBACK,V16-TP3Big,v16
2026-01-23 16:00:00+00:00,2026-01-23 17:00:00+00:00,1,4981.4,4964.83,-726.95,SL,E_BOS,V16-TP3Big,v16
2026-01-27 13:00:00+00:00,2026-01-27 14:00:00+00:00,1,5073.8,5058.05,-604.34,SL,D_PULLBACK,V16-TP3Big,v16
2026-01-27 15:00:00+00:00,2026-01-27 20:00:00+00:00,1,5087.6,5115.49,271.41,TP1,D_PULLBACK,V16-TP3Big,v16
2026-01-27 15:00:00+00:00,2026-01-27 20:00:00+00:00,1,5087.6,5143.38,542.82,TP2,D_PULLBACK,V16-TP3Big,v16
2026-01-27 15:00:00+00:00,2026-01-27 20:00:00+00:00,1,5087.6,5180.56,1206.26,TP3,D_PULLBACK,V16-TP3Big,v16
2026-02-09 15:00:00+00:00,2026-02-09 23:00:00+00:00,1,5082.2,5044.66,-728.6,SL,E_BOS,V16-TP3Big,v16
2026-02-20 08:00:00+00:00,2026-02-20 12:00:00+00:00,1,5048.7,5030.38,-726.86,SL,C_MOMENTUM,V16-TP3Big,v16
2026-02-20 16:00:00+00:00,2026-02-20 20:00:00+00:00,1,5087.0,5115.51,326.3,TP1,C_MOMENTUM,V16-TP3Big,v16
2026-02-20 16:00:00+00:00,2026-02-20 21:00:00+00:00,1,5087.0,5087.95,25.38,SL,C_MOMENTUM,V16-TP3Big,v16
2026-02-23 16:00:00+00:00,2026-02-23 23:00:00+00:00,1,5230.4,5260.36,326.68,TP1,B_MACDCROSS,V16-TP3Big,v16
2026-02-23 16:00:00+00:00,2026-02-24 01:00:00+00:00,1,5230.4,5231.4,508.17,SL,B_MACDCROSS,V16-TP3Big,v16
2026-02-25 11:00:00+00:00,2026-02-25 14:00:00+00:00,1,5199.5,5184.4,-727.96,SL,C_MOMENTUM,V16-TP3Big,v16
2026-02-27 13:00:00+00:00,2026-02-27 16:00:00+00:00,1,5240.8,5265.18,326.8,TP1,B_MACDCROSS,V16-TP3Big,v16
2026-02-27 13:00:00+00:00,2026-02-27 17:00:00+00:00,1,5240.8,5241.61,25.42,SL,B_MACDCROSS,V16-TP3Big,v16
2026-03-18 08:00:00+00:00,2026-03-18 10:00:00+00:00,-1,4990.7,4964.76,327.18,TP1,B_MACDCROSS,V16-TP3Big,v16
2026-03-18 08:00:00+00:00,2026-03-18 11:00:00+00:00,-1,4990.7,4938.82,654.35,TP2,B_MACDCROSS,V16-TP3Big,v16
2026-03-18 08:00:00+00:00,2026-03-18 12:00:00+00:00,-1,4990.7,4904.23,3635.29,TP3,B_MACDCROSS,V16-TP3Big,v16
2026-03-20 13:00:00+00:00,2026-03-20 14:00:00+00:00,-1,4617.0,4578.93,373.68,TP1,E_BOS,V16-TP3Big,v16
2026-03-20 13:00:00+00:00,2026-03-20 16:00:00+00:00,-1,4617.0,4605.72,645.87,SL,E_BOS,V16-TP3Big,v16
2026-03-20 16:00:00+00:00,2026-03-20 18:00:00+00:00,-1,4585.3,4540.48,416.58,TP1,C_MOMENTUM,V16-TP3Big,v16
2026-03-20 16:00:00+00:00,2026-03-20 18:00:00+00:00,-1,4585.3,4495.66,833.16,TP2,C_MOMENTUM,V16-TP3Big,v16
2026-03-20 16:00:00+00:00,2026-03-23 00:00:00+00:00,-1,4585.3,4435.9,1851.46,TP3,C_MOMENTUM,V16-TP3Big,v16
2026-03-23 11:00:00+00:00,2026-03-23 12:00:00+00:00,-1,4379.2,4419.09,-779.2,SL,D_PULLBACK,V16-TP3Big,v16
2026-03-24 13:00:00+00:00,2026-03-24 14:00:00+00:00,-1,4382.5,4424.11,-777.25,SL,F_MSS,V16-TP3Big,v16
2026-03-26 08:00:00+00:00,2026-03-26 13:00:00+00:00,-1,4424.8,4457.67,-930.36,SL,C_MOMENTUM,V16-TP3Big,v16
2026-03-26 13:00:00+00:00,2026-03-26 14:00:00+00:00,-1,4450.1,4468.16,-463.79,SL,C_MOMENTUM,V16-TP3Big,v16
2026-04-07 09:00:00+00:00,2026-04-07 11:00:00+00:00,1,4696.6,4674.77,-617.46,SL,A_EMACROSS,V16-TP3Big,v16
2026-04-07 17:00:00+00:00,2026-04-07 19:00:00+00:00,1,4701.7,4735.05,221.84,TP1,A_EMACROSS,V16-TP3Big,v16
2026-04-07 17:00:00+00:00,2026-04-07 22:00:00+00:00,1,4701.7,4768.4,8873.57,TP2,A_EMACROSS,V16-TP3Big,v16
2026-04-07 17:00:00+00:00,2026-04-07 22:00:00+00:00,1,4701.7,4812.87,19719.04,TP3,A_EMACROSS,V16-TP3Big,v16
2026-04-17 12:00:00+00:00,2026-04-17 13:00:00+00:00,1,4869.0,4891.41,606.46,TP1,A_EMACROSS,V16-TP3Big,v16
2026-04-17 12:00:00+00:00,2026-04-17 13:00:00+00:00,1,4869.0,4913.81,1212.93,TP2,A_EMACROSS,V16-TP3Big,v16
2026-04-17 12:00:00+00:00,2026-04-17 20:00:00+00:00,1,4869.0,4854.06,-539.08,SL,A_EMACROSS,V16-TP3Big,v16
2026-04-22 15:00:00+00:00,2026-04-22 18:00:00+00:00,-1,4746.2,4762.04,-1014.61,SL,B_MACDCROSS,V16-TP3Big,v16
2026-04-23 07:00:00+00:00,2026-04-23 08:00:00+00:00,-1,4736.1,4721.65,455.21,TP1,C_MOMENTUM,V16-TP3Big,v16
2026-04-23 07:00:00+00:00,2026-04-23 10:00:00+00:00,-1,4736.1,4707.19,2276.03,TP2,C_MOMENTUM,V16-TP3Big,v16
2026-04-23 07:00:00+00:00,2026-04-23 11:00:00+00:00,-1,4736.1,4732.25,404.63,SL,C_MOMENTUM,V16-TP3Big,v16
2026-04-23 11:00:00+00:00,2026-04-23 12:00:00+00:00,-1,4737.4,4747.09,-1020.98,SL,C_MOMENTUM,V16-TP3Big,v16
2026-04-24 09:00:00+00:00,2026-04-24 11:00:00+00:00,-1,4697.7,4713.07,-848.26,SL,D_PULLBACK,V16-TP3Big,v16
2026-04-27 12:00:00+00:00,2026-04-27 14:00:00+00:00,-1,4714.1,4693.12,609.22,TP1,A_EMACROSS,V16-TP3Big,v16
2026-04-27 12:00:00+00:00,2026-04-27 23:00:00+00:00,-1,4714.1,4708.51,947.68,SL,A_EMACROSS,V16-TP3Big,v16
2026-04-28 17:00:00+00:00,2026-04-29 00:00:00+00:00,-1,4609.0,4619.39,-1020.04,SL,C_MOMENTUM,V16-TP3Big,v16
2026-04-29 07:00:00+00:00,2026-04-29 12:00:00+00:00,-1,4581.4,4562.68,411.88,TP1,E_BOS,V16-TP3Big,v16
2026-04-29 07:00:00+00:00,2026-04-29 13:00:00+00:00,-1,4581.4,4539.81,915.28,TP2,E_BOS,V16-TP3Big,v16
2026-04-29 07:00:00+00:00,2026-04-29 16:00:00+00:00,-1,4581.4,4575.85,406.79,SL,E_BOS,V16-TP3Big,v16
2026-04-29 16:00:00+00:00,2026-04-29 18:00:00+00:00,-1,4559.0,4537.22,459.98,TP1,C_MOMENTUM,V16-TP3Big,v16
2026-04-29 16:00:00+00:00,2026-04-29 19:00:00+00:00,-1,4559.0,4558.27,35.78,SL,C_MOMENTUM,V16-TP3Big,v16
2026-05-01 07:00:00+00:00,2026-05-01 12:00:00+00:00,-1,4589.5,4603.52,-1364.89,SL,A_EMACROSS,V16-TP3Big,v16
2026-05-04 10:00:00+00:00,2026-05-04 12:00:00+00:00,-1,4573.2,4587.79,-1019.58,SL,E_BOS,V16-TP3Big,v16
2026-05-04 13:00:00+00:00,2026-05-04 14:00:00+00:00,-1,4575.0,4590.53,-980.42,SL,C_MOMENTUM,V16-TP3Big,v16
2026-05-11 13:00:00+00:00,2026-05-11 14:00:00+00:00,1,4745.7,4730.55,-506.79,SL,E_BOS,V16-TP3Big,v16
2026-05-11 16:00:00+00:00,2026-05-11 20:00:00+00:00,1,4726.1,4748.39,151.81,TP1,F_MSS,V16-TP3Big,v16
2026-05-11 16:00:00+00:00,2026-05-11 23:00:00+00:00,1,4726.1,4770.68,759.04,TP2,F_MSS,V16-TP3Big,v16
2026-05-11 16:00:00+00:00,2026-05-12 01:00:00+00:00,1,4726.1,4732.04,134.94,SL,F_MSS,V16-TP3Big,v16
2024-11-12 13:00:00+00:00,2024-11-12 14:00:00+00:00,-1,2618.1,2622.3,-352.0,SL,D_PULLBACK,V16-Balanced,v16
2024-11-13 15:00:00+00:00,2024-11-13 16:00:00+00:00,-1,2611.3,2602.52,251.45,TP1,A_EMACROSS,V16-Balanced,v16
2024-11-13 15:00:00+00:00,2024-11-13 16:00:00+00:00,-1,2611.3,2594.91,469.37,TP2,A_EMACROSS,V16-Balanced,v16
2024-11-13 15:00:00+00:00,2024-11-13 17:00:00+00:00,-1,2611.3,2584.96,1005.78,TP3,A_EMACROSS,V16-Balanced,v16
2024-11-14 11:00:00+00:00,2024-11-14 13:00:00+00:00,-1,2558.7,2564.95,-451.85,SL,C_MOMENTUM,V16-Balanced,v16
2024-11-14 14:00:00+00:00,2024-11-14 15:00:00+00:00,-1,2564.6,2569.1,-354.03,SL,D_PULLBACK,V16-Balanced,v16
2024-11-15 13:00:00+00:00,2024-11-15 14:00:00+00:00,-1,2569.7,2575.55,-561.99,SL,A_EMACROSS,V16-Balanced,v16
2024-12-10 10:00:00+00:00,2024-12-10 13:00:00+00:00,1,2698.1,2686.27,-224.01,SL,E_BOS,V16-Balanced,v16
2024-12-10 13:00:00+00:00,2024-12-10 14:00:00+00:00,1,2704.4,2692.33,-223.7,SL,E_BOS,V16-Balanced,v16
2024-12-17 08:00:00+00:00,2024-12-17 09:00:00+00:00,-1,2659.5,2645.76,80.42,TP1,B_MACDCROSS,V16-Balanced,v16
2024-12-17 08:00:00+00:00,2024-12-17 12:00:00+00:00,-1,2659.5,2659.04,125.09,SL,B_MACDCROSS,V16-Balanced,v16
2024-12-17 15:00:00+00:00,2024-12-17 18:00:00+00:00,-1,2654.4,2663.7,-447.34,SL,C_MOMENTUM,V16-Balanced,v16
2024-12-18 13:00:00+00:00,2024-12-18 15:00:00+00:00,-1,2659.8,2649.7,126.18,TP1,F_MSS,V16-Balanced,v16
2024-12-18 13:00:00+00:00,2024-12-18 19:00:00+00:00,-1,2659.8,2640.94,4710.69,TP2,F_MSS,V16-Balanced,v16
2024-12-18 13:00:00+00:00,2024-12-18 19:00:00+00:00,-1,2659.8,2629.49,10094.34,TP3,F_MSS,V16-Balanced,v16
2024-12-19 07:00:00+00:00,2024-12-19 09:00:00+00:00,-1,2630.1,2634.82,-383.35,SL,D_PULLBACK,V16-Balanced,v16
2024-12-19 13:00:00+00:00,2024-12-20 06:00:00+00:00,-1,2610.0,2618.11,-486.82,SL,E_BOS,V16-Balanced,v16
2024-12-23 11:00:00+00:00,2024-12-26 05:00:00+00:00,-1,2630.0,2636.18,-485.46,SL,E_BOS,V16-Balanced,v16
2024-12-27 08:00:00+00:00,2024-12-27 12:00:00+00:00,-1,2640.8,2644.9,-242.05,SL,E_BOS,V16-Balanced,v16
2024-12-27 13:00:00+00:00,2024-12-27 14:00:00+00:00,-1,2633.4,2627.49,97.89,TP1,E_BOS,V16-Balanced,v16
2024-12-27 13:00:00+00:00,2024-12-27 15:00:00+00:00,-1,2633.4,2633.18,8.46,SL,E_BOS,V16-Balanced,v16
2024-12-30 08:00:00+00:00,2024-12-30 09:00:00+00:00,-1,2623.6,2627.57,-483.72,SL,E_BOS,V16-Balanced,v16
2024-12-30 11:00:00+00:00,2024-12-30 12:00:00+00:00,-1,2629.5,2633.47,-385.89,SL,C_MOMENTUM,V16-Balanced,v16
2025-01-08 13:00:00+00:00,2025-01-08 14:00:00+00:00,1,2674.8,2681.79,173.26,TP1,B_MACDCROSS,V16-Balanced,v16
2025-01-08 13:00:00+00:00,2025-01-08 15:00:00+00:00,1,2674.8,2675.03,13.48,SL,B_MACDCROSS,V16-Balanced,v16
2025-01-09 11:00:00+00:00,2025-01-09 13:00:00+00:00,1,2687.3,2694.16,173.45,TP1,B_MACDCROSS,V16-Balanced,v16
2025-01-09 11:00:00+00:00,2025-01-09 14:00:00+00:00,1,2687.3,2687.53,13.49,SL,B_MACDCROSS,V16-Balanced,v16
2025-01-15 14:00:00+00:00,2025-01-15 15:00:00+00:00,1,2704.3,2699.96,-303.18,SL,D_PULLBACK,V16-Balanced,v16
2025-01-15 16:00:00+00:00,2025-01-15 18:00:00+00:00,1,2712.0,2719.42,173.33,TP1,C_MOMENTUM,V16-Balanced,v16
2025-01-15 16:00:00+00:00,2025-01-16 00:00:00+00:00,1,2712.0,2725.85,6471.12,TP2,C_MOMENTUM,V16-Balanced,v16
2025-01-15 16:00:00+00:00,2025-01-16 09:00:00+00:00,1,2712.0,2734.26,13866.69,TP3,C_MOMENTUM,V16-Balanced,v16
2025-01-17 15:00:00+00:00,2025-01-17 16:00:00+00:00,1,2749.9,2756.77,303.14,TP1,A_EMACROSS,V16-Balanced,v16
2025-01-17 15:00:00+00:00,2025-01-17 18:00:00+00:00,1,2749.9,2750.13,471.55,SL,A_EMACROSS,V16-Balanced,v16
2025-01-21 14:00:00+00:00,2025-01-21 15:00:00+00:00,1,2753.9,2749.08,-676.35,SL,A_EMACROSS,V16-Balanced,v16
2025-01-21 16:00:00+00:00,2025-01-22 01:00:00+00:00,1,2758.1,2764.51,218.37,TP1,E_BOS,V16-Balanced,v16
2025-01-21 16:00:00+00:00,2025-01-22 05:00:00+00:00,1,2758.1,2771.4,9058.37,TP2,E_BOS,V16-Balanced,v16
2025-01-21 16:00:00+00:00,2025-01-23 09:00:00+00:00,1,2758.1,2758.34,215.68,SL,E_BOS,V16-Balanced,v16
2025-01-24 15:00:00+00:00,2025-01-24 16:00:00+00:00,1,2782.6,2778.05,-444.53,SL,D_PULLBACK,V16-Balanced,v16
2025-01-28 14:00:00+00:00,2025-01-28 16:00:00+00:00,1,2758.4,2765.98,317.54,TP1,A_EMACROSS,V16-Balanced,v16
2025-01-28 14:00:00+00:00,2025-01-28 18:00:00+00:00,1,2758.4,2772.56,1481.87,TP2,A_EMACROSS,V16-Balanced,v16
2025-01-28 14:00:00+00:00,2025-01-30 07:00:00+00:00,1,2758.4,2781.15,3175.44,TP3,A_EMACROSS,V16-Balanced,v16
2025-01-31 16:00:00+00:00,2025-01-31 17:00:00+00:00,1,2849.7,2836.78,-454.5,SL,D_PULLBACK,V16-Balanced,v16
2025-02-03 12:00:00+00:00,2025-02-03 13:00:00+00:00,1,2847.5,2834.02,-721.47,SL,A_EMACROSS,V16-Balanced,v16
2025-02-03 15:00:00+00:00,2025-02-03 16:00:00+00:00,1,2854.8,2839.99,-575.16,SL,C_MOMENTUM,V16-Balanced,v16
2025-02-04 13:00:00+00:00,2025-02-04 14:00:00+00:00,1,2859.7,2846.1,-358.47,SL,A_EMACROSS,V16-Balanced,v16
2025-02-04 15:00:00+00:00,2025-02-04 16:00:00+00:00,1,2863.9,2849.69,-179.94,SL,F_MSS,V16-Balanced,v16
2025-02-05 07:00:00+00:00,2025-02-05 08:00:00+00:00,1,2890.5,2877.75,-228.82,SL,B_MACDCROSS,V16-Balanced,v16
2025-02-05 13:00:00+00:00,2025-02-05 14:00:00+00:00,1,2883.7,2870.7,-179.58,SL,D_PULLBACK,V16-Balanced,v16
2025-02-07 09:00:00+00:00,2025-02-07 10:00:00+00:00,1,2892.5,2880.04,-228.36,SL,E_BOS,V16-Balanced,v16
2025-02-07 14:00:00+00:00,2025-02-07 15:00:00+00:00,1,2900.3,2887.32,-228.1,SL,E_BOS,V16-Balanced,v16
2025-02-12 16:00:00+00:00,2025-02-12 17:00:00+00:00,1,2929.6,2916.65,-227.85,SL,E_BOS,V16-Balanced,v16
2025-02-13 14:00:00+00:00,2025-02-13 15:00:00+00:00,1,2942.9,2930.49,-178.82,SL,D_PULLBACK,V16-Balanced,v16
2025-02-13 16:00:00+00:00,2025-02-13 17:00:00+00:00,1,2941.6,2929.22,-178.67,SL,D_PULLBACK,V16-Balanced,v16
2025-02-14 10:00:00+00:00,2025-02-14 13:00:00+00:00,1,2960.6,2949.14,-178.51,SL,D_PULLBACK,V16-Balanced,v16
2025-02-18 13:00:00+00:00,2025-02-18 16:00:00+00:00,1,2933.6,2949.33,91.93,TP1,E_BOS,V16-Balanced,v16
2025-02-18 13:00:00+00:00,2025-02-18 17:00:00+00:00,1,2933.6,2934.18,7.94,SL,E_BOS,V16-Balanced,v16
2025-02-19 09:00:00+00:00,2025-02-19 10:00:00+00:00,1,2962.6,2951.58,-454.21,SL,B_MACDCROSS,V16-Balanced,v16
2025-02-20 07:00:00+00:00,2025-02-20 08:00:00+00:00,1,2967.3,2957.4,-453.19,SL,E_BOS,V16-Balanced,v16
2025-02-20 10:00:00+00:00,2025-02-20 11:00:00+00:00,1,2970.6,2960.79,-452.18,SL,C_MOMENTUM,V16-Balanced,v16
2025-02-24 08:00:00+00:00,2025-02-24 09:00:00+00:00,1,2961.1,2951.88,-225.58,SL,E_BOS,V16-Balanced,v16
2025-02-24 11:00:00+00:00,2025-02-24 12:00:00+00:00,1,2962.2,2952.98,-225.33,SL,C_MOMENTUM,V16-Balanced,v16
2025-03-07 14:00:00+00:00,2025-03-07 15:00:00+00:00,1,2934.9,2928.69,-225.08,SL,C_MOMENTUM,V16-Balanced,v16
2025-03-13 13:00:00+00:00,2025-03-13 14:00:00+00:00,1,2960.1,2968.2,91.05,TP1,E_BOS,V16-Balanced,v16
2025-03-13 13:00:00+00:00,2025-03-13 14:00:00+00:00,1,2960.1,2976.91,188.85,TP2,E_BOS,V16-Balanced,v16
2025-03-13 13:00:00+00:00,2025-03-13 14:00:00+00:00,1,2960.1,2984.41,364.22,TP3,E_BOS,V16-Balanced,v16
2025-03-17 14:00:00+00:00,2025-03-17 15:00:00+00:00,1,3006.0,3000.81,-451.09,SL,B_MACDCROSS,V16-Balanced,v16
2025-03-17 16:00:00+00:00,2025-03-17 20:00:00+00:00,1,3002.1,3009.68,159.14,TP1,D_PULLBACK,V16-Balanced,v16
2025-03-17 16:00:00+00:00,2025-03-18 01:00:00+00:00,1,3002.1,3016.25,5941.08,TP2,D_PULLBACK,V16-Balanced,v16
2025-03-17 16:00:00+00:00,2025-03-18 04:00:00+00:00,1,3002.1,3024.84,12730.88,TP3,D_PULLBACK,V16-Balanced,v16
2025-03-19 10:00:00+00:00,2025-03-19 13:00:00+00:00,1,3042.3,3037.67,-483.47,SL,D_PULLBACK,V16-Balanced,v16
2025-03-19 13:00:00+00:00,2025-03-19 14:00:00+00:00,1,3041.8,3037.09,-482.41,SL,D_PULLBACK,V16-Balanced,v16
2025-03-26 10:00:00+00:00,2025-03-26 13:00:00+00:00,1,3029.1,3024.2,-612.62,SL,C_MOMENTUM,V16-Balanced,v16
2025-03-28 14:00:00+00:00,2025-03-28 15:00:00+00:00,1,3103.9,3092.91,-240.0,SL,D_PULLBACK,V16-Balanced,v16
2025-03-31 13:00:00+00:00,2025-03-31 14:00:00+00:00,1,3146.5,3129.31,-239.74,SL,D_PULLBACK,V16-Balanced,v16
2025-03-31 15:00:00+00:00,2025-03-31 16:00:00+00:00,1,3146.9,3129.21,-239.47,SL,D_PULLBACK,V16-Balanced,v16
2025-04-01 13:00:00+00:00,2025-04-01 14:00:00+00:00,1,3165.5,3148.89,-191.37,SL,D_PULLBACK,V16-Balanced,v16
2025-04-02 08:00:00+00:00,2025-04-02 09:00:00+00:00,1,3162.7,3149.37,-304.18,SL,A_EMACROSS,V16-Balanced,v16
2025-04-02 11:00:00+00:00,2025-04-02 13:00:00+00:00,1,3157.3,3143.97,-243.0,SL,C_MOMENTUM,V16-Balanced,v16
2025-04-10 13:00:00+00:00,2025-04-10 14:00:00+00:00,1,3134.2,3163.32,85.82,TP1,D_PULLBACK,V16-Balanced,v16
2025-04-10 13:00:00+00:00,2025-04-10 15:00:00+00:00,1,3134.2,3188.56,160.2,TP2,D_PULLBACK,V16-Balanced,v16
2025-04-10 13:00:00+00:00,2025-04-11 00:00:00+00:00,1,3134.2,3221.57,6865.82,TP3,D_PULLBACK,V16-Balanced,v16
2025-04-15 08:00:00+00:00,2025-04-15 12:00:00+00:00,1,3243.5,3228.78,-492.44,SL,D_PULLBACK,V16-Balanced,v16
2025-04-15 14:00:00+00:00,2025-04-15 23:00:00+00:00,1,3239.1,3260.68,221.11,TP1,D_PULLBACK,V16-Balanced,v16
2025-04-15 14:00:00+00:00,2025-04-16 00:00:00+00:00,1,3239.1,3279.38,412.74,TP2,D_PULLBACK,V16-Balanced,v16
2025-04-15 14:00:00+00:00,2025-04-16 04:00:00+00:00,1,3239.1,3303.84,2211.1,TP3,D_PULLBACK,V16-Balanced,v16
2025-04-22 08:00:00+00:00,2025-04-22 09:00:00+00:00,1,3455.5,3469.66,223.93,TP1,D_PULLBACK,V16-Balanced,v16
2025-04-22 08:00:00+00:00,2025-04-22 12:00:00+00:00,1,3455.5,3455.97,348.33,SL,D_PULLBACK,V16-Balanced,v16
2025-04-28 14:00:00+00:00,2025-04-28 18:00:00+00:00,1,3339.6,3360.02,357.15,TP1,A_EMACROSS,V16-Balanced,v16
2025-04-28 14:00:00+00:00,2025-04-28 22:00:00+00:00,1,3339.6,3345.04,555.56,SL,A_EMACROSS,V16-Balanced,v16
2025-05-09 15:00:00+00:00,2025-05-09 19:00:00+00:00,1,3350.3,3338.34,-637.49,SL,E_BOS,V16-Balanced,v16
2025-05-14 11:00:00+00:00,2025-05-14 12:00:00+00:00,-1,3223.7,3209.98,257.46,TP1,E_BOS,V16-Balanced,v16
2025-05-14 11:00:00+00:00,2025-05-14 12:00:00+00:00,-1,3223.7,3195.25,533.99,TP2,E_BOS,V16-Balanced,v16
2025-05-14 11:00:00+00:00,2025-05-14 13:00:00+00:00,-1,3223.7,3182.55,1029.84,TP3,E_BOS,V16-Balanced,v16
2025-05-16 10:00:00+00:00,2025-05-16 11:00:00+00:00,-1,3179.0,3161.24,360.45,TP1,A_EMACROSS,V16-Balanced,v16
2025-05-16 10:00:00+00:00,2025-05-16 12:00:00+00:00,-1,3179.0,3178.41,28.04,SL,A_EMACROSS,V16-Balanced,v16
2025-05-16 13:00:00+00:00,2025-05-16 17:00:00+00:00,-1,3183.0,3194.94,-641.89,SL,C_MOMENTUM,V16-Balanced,v16
2025-05-22 07:00:00+00:00,2025-05-22 08:00:00+00:00,1,3328.3,3322.76,-502.93,SL,D_PULLBACK,V16-Balanced,v16
2025-05-23 11:00:00+00:00,2025-05-23 13:00:00+00:00,1,3348.3,3338.59,-638.68,SL,E_BOS,V16-Balanced,v16
2025-05-28 07:00:00+00:00,2025-05-28 11:00:00+00:00,1,3317.4,3309.21,-318.45,SL,E_BOS,V16-Balanced,v16
2025-05-29 07:00:00+00:00,2025-05-29 08:00:00+00:00,1,3310.7,3300.98,-318.0,SL,E_BOS,V16-Balanced,v16
2025-05-29 10:00:00+00:00,2025-05-29 11:00:00+00:00,1,3321.5,3310.95,-254.04,SL,E_BOS,V16-Balanced,v16
2025-06-04 14:00:00+00:00,2025-06-04 16:00:00+00:00,1,3401.5,3385.63,-317.2,SL,A_EMACROSS,V16-Balanced,v16
2025-06-05 09:00:00+00:00,2025-06-05 10:00:00+00:00,1,3413.5,3398.59,-253.41,SL,B_MACDCROSS,V16-Balanced,v16
2025-06-09 16:00:00+00:00,2025-06-09 18:00:00+00:00,1,3358.4,3343.25,-316.4,SL,A_EMACROSS,V16-Balanced,v16
2025-06-10 13:00:00+00:00,2025-06-10 14:00:00+00:00,1,3364.6,3349.77,-252.77,SL,E_BOS,V16-Balanced,v16
2025-06-11 07:00:00+00:00,2025-06-11 09:00:00+00:00,1,3366.6,3353.13,-252.48,SL,E_BOS,V16-Balanced,v16
2025-06-12 10:00:00+00:00,2025-06-12 12:00:00+00:00,1,3402.9,3388.17,-252.2,SL,B_MACDCROSS,V16-Balanced,v16
2025-06-12 13:00:00+00:00,2025-06-12 15:00:00+00:00,1,3412.8,3398.03,-251.92,SL,E_BOS,V16-Balanced,v16
2025-06-13 14:00:00+00:00,2025-06-13 15:00:00+00:00,1,3448.4,3434.07,-197.71,SL,D_PULLBACK,V16-Balanced,v16
2025-06-18 15:00:00+00:00,2025-06-18 18:00:00+00:00,1,3411.0,3401.4,-314.27,SL,A_EMACROSS,V16-Balanced,v16
2025-06-30 11:00:00+00:00,2025-06-30 12:00:00+00:00,-1,3289.2,3296.93,-197.26,SL,F_MSS,V16-Balanced,v16
2025-07-08 13:00:00+00:00,2025-07-08 14:00:00+00:00,-1,3324.6,3314.81,112.88,TP1,C_MOMENTUM,V16-Balanced,v16
2025-07-08 13:00:00+00:00,2025-07-08 14:00:00+00:00,-1,3324.6,3306.32,210.71,TP2,C_MOMENTUM,V16-Balanced,v16
2025-07-08 13:00:00+00:00,2025-07-09 02:00:00+00:00,-1,3324.6,3295.23,451.52,TP3,C_MOMENTUM,V16-Balanced,v16
2025-07-15 08:00:00+00:00,2025-07-15 11:00:00+00:00,1,3369.5,3364.08,-395.54,SL,D_PULLBACK,V16-Balanced,v16
2025-07-16 15:00:00+00:00,2025-07-16 16:00:00+00:00,1,3350.4,3359.21,203.53,TP1,E_BOS,V16-Balanced,v16
2025-07-16 15:00:00+00:00,2025-07-16 23:00:00+00:00,1,3350.4,3353.01,351.77,SL,E_BOS,V16-Balanced,v16
2025-07-23 10:00:00+00:00,2025-07-23 12:00:00+00:00,1,3435.2,3429.68,-395.83,SL,D_PULLBACK,V16-Balanced,v16
2025-07-28 15:00:00+00:00,2025-07-29 06:00:00+00:00,-1,3314.1,3320.11,-502.89,SL,C_MOMENTUM,V16-Balanced,v16
2025-08-04 16:00:00+00:00,2025-08-04 17:00:00+00:00,1,3424.7,3398.67,-394.24,SL,D_PULLBACK,V16-Balanced,v16
2025-08-05 14:00:00+00:00,2025-08-05 15:00:00+00:00,1,3439.7,3416.83,-313.05,SL,A_EMACROSS,V16-Balanced,v16
2025-08-05 16:00:00+00:00,2025-08-05 17:00:00+00:00,1,3436.7,3413.79,-196.5,SL,F_MSS,V16-Balanced,v16
2025-08-06 14:00:00+00:00,2025-08-07 07:00:00+00:00,1,3435.3,3458.95,101.2,TP1,E_BOS,V16-Balanced,v16
2025-08-06 14:00:00+00:00,2025-08-07 14:00:00+00:00,1,3435.3,3436.18,174.91,SL,E_BOS,V16-Balanced,v16
2025-08-07 14:00:00+00:00,2025-08-07 19:00:00+00:00,1,3450.3,3463.7,176.91,TP1,D_PULLBACK,V16-Balanced,v16
2025-08-07 14:00:00+00:00,2025-08-07 20:00:00+00:00,1,3450.3,3475.32,330.24,TP2,D_PULLBACK,V16-Balanced,v16
2025-08-07 14:00:00+00:00,2025-08-07 22:00:00+00:00,1,3450.3,3490.5,1769.13,TP3,D_PULLBACK,V16-Balanced,v16
2025-08-08 14:00:00+00:00,2025-08-08 17:00:00+00:00,1,3492.8,3479.36,-397.15,SL,D_PULLBACK,V16-Balanced,v16
2025-08-19 13:00:00+00:00,2025-08-19 14:00:00+00:00,-1,3377.9,3369.94,283.82,TP1,A_EMACROSS,V16-Balanced,v16
2025-08-19 13:00:00+00:00,2025-08-19 16:00:00+00:00,-1,3377.9,3363.04,1324.49,TP2,A_EMACROSS,V16-Balanced,v16
2025-08-19 13:00:00+00:00,2025-08-20 01:00:00+00:00,-1,3377.9,3354.03,2838.2,TP3,A_EMACROSS,V16-Balanced,v16
2025-08-25 14:00:00+00:00,2025-08-25 19:00:00+00:00,1,3418.7,3414.12,-643.16,SL,E_BOS,V16-Balanced,v16
2025-08-26 07:00:00+00:00,2025-08-26 09:00:00+00:00,1,3423.0,3417.73,-641.36,SL,C_MOMENTUM,V16-Balanced,v16
2025-08-26 13:00:00+00:00,2025-08-26 15:00:00+00:00,1,3422.2,3430.42,226.13,TP1,D_PULLBACK,V16-Balanced,v16
2025-08-26 13:00:00+00:00,2025-08-26 19:00:00+00:00,1,3422.2,3437.54,1055.28,TP2,D_PULLBACK,V16-Balanced,v16
2025-08-26 13:00:00+00:00,2025-08-27 05:00:00+00:00,1,3422.2,3424.39,201.01,SL,D_PULLBACK,V16-Balanced,v16
2025-08-27 14:00:00+00:00,2025-08-27 16:00:00+00:00,1,3435.7,3443.34,362.09,TP1,A_EMACROSS,V16-Balanced,v16
2025-08-27 14:00:00+00:00,2025-08-27 16:00:00+00:00,1,3435.7,3449.95,675.9,TP2,A_EMACROSS,V16-Balanced,v16
2025-08-27 14:00:00+00:00,2025-08-28 11:00:00+00:00,1,3435.7,3458.61,1448.36,TP3,A_EMACROSS,V16-Balanced,v16
2025-08-28 14:00:00+00:00,2025-08-28 15:00:00+00:00,1,3468.9,3463.9,-650.68,SL,E_BOS,V16-Balanced,v16
2025-09-03 11:00:00+00:00,2025-09-03 12:00:00+00:00,1,3616.0,3609.21,-648.85,SL,E_BOS,V16-Balanced,v16
2025-09-04 15:00:00+00:00,2025-09-04 17:00:00+00:00,1,3612.3,3604.6,-808.8,SL,A_EMACROSS,V16-Balanced,v16
2025-09-05 11:00:00+00:00,2025-09-05 12:00:00+00:00,1,3609.3,3619.63,113.99,TP1,D_PULLBACK,V16-Balanced,v16
2025-09-05 11:00:00+00:00,2025-09-05 12:00:00+00:00,1,3609.3,3628.58,212.78,TP2,D_PULLBACK,V16-Balanced,v16
2025-09-05 11:00:00+00:00,2025-09-05 12:00:00+00:00,1,3609.3,3640.29,455.95,TP3,D_PULLBACK,V16-Balanced,v16
2025-09-09 14:00:00+00:00,2025-09-09 15:00:00+00:00,1,3684.3,3677.95,-508.33,SL,D_PULLBACK,V16-Balanced,v16
2025-09-10 11:00:00+00:00,2025-09-10 12:00:00+00:00,1,3688.8,3681.04,-507.21,SL,D_PULLBACK,V16-Balanced,v16
2025-09-10 13:00:00+00:00,2025-09-10 15:00:00+00:00,1,3690.7,3682.96,-515.3,SL,C_MOMENTUM,V16-Balanced,v16
2025-09-12 09:00:00+00:00,2025-09-12 12:00:00+00:00,1,3684.5,3677.74,-257.07,SL,C_MOMENTUM,V16-Balanced,v16
2025-09-12 13:00:00+00:00,2025-09-12 15:00:00+00:00,1,3688.2,3681.46,-256.78,SL,C_MOMENTUM,V16-Balanced,v16
2025-09-15 12:00:00+00:00,2025-09-15 13:00:00+00:00,1,3687.6,3697.87,144.28,TP1,A_EMACROSS,V16-Balanced,v16
2025-09-15 12:00:00+00:00,2025-09-15 15:00:00+00:00,1,3687.6,3706.77,5386.41,TP2,A_EMACROSS,V16-Balanced,v16
2025-09-15 12:00:00+00:00,2025-09-15 15:00:00+00:00,1,3687.6,3718.41,11542.31,TP3,A_EMACROSS,V16-Balanced,v16
2025-09-16 11:00:00+00:00,2025-09-16 12:00:00+00:00,1,3734.5,3728.3,-689.04,SL,C_MOMENTUM,V16-Balanced,v16
2025-09-16 14:00:00+00:00,2025-09-16 15:00:00+00:00,1,3722.3,3717.61,-539.88,SL,D_PULLBACK,V16-Balanced,v16
2025-09-17 17:00:00+00:00,2025-09-17 18:00:00+00:00,1,3722.3,3714.85,-857.0,SL,A_EMACROSS,V16-Balanced,v16
2025-09-19 13:00:00+00:00,2025-09-19 15:00:00+00:00,1,3696.1,3707.79,192.15,TP1,A_EMACROSS,V16-Balanced,v16
2025-09-19 13:00:00+00:00,2025-09-19 18:00:00+00:00,1,3696.1,3717.91,7173.64,TP2,A_EMACROSS,V16-Balanced,v16
2025-09-19 13:00:00+00:00,2025-09-22 05:00:00+00:00,1,3696.1,3731.16,15372.08,TP3,A_EMACROSS,V16-Balanced,v16
2025-09-25 08:00:00+00:00,2025-09-25 11:00:00+00:00,1,3786.7,3778.62,-746.87,SL,E_BOS,V16-Balanced,v16
2025-09-25 11:00:00+00:00,2025-09-25 12:00:00+00:00,1,3784.0,3775.92,-585.18,SL,F_MSS,V16-Balanced,v16
2025-09-29 11:00:00+00:00,2025-09-29 12:00:00+00:00,1,3858.2,3849.9,-743.14,SL,E_BOS,V16-Balanced,v16
2025-09-29 13:00:00+00:00,2025-09-29 20:00:00+00:00,1,3850.7,3863.21,166.74,TP1,C_MOMENTUM,V16-Balanced,v16
2025-09-29 13:00:00+00:00,2025-09-30 01:00:00+00:00,1,3850.7,3874.06,6224.89,TP2,C_MOMENTUM,V16-Balanced,v16
2025-09-29 13:00:00+00:00,2025-09-30 03:00:00+00:00,1,3850.7,3888.24,13339.06,TP3,C_MOMENTUM,V16-Balanced,v16
2025-09-30 07:00:00+00:00,2025-09-30 08:00:00+00:00,1,3872.2,3866.17,-625.67,SL,D_PULLBACK,V16-Balanced,v16
2025-09-30 14:00:00+00:00,2025-09-30 15:00:00+00:00,1,3881.7,3871.87,-624.29,SL,F_MSS,V16-Balanced,v16
2025-10-01 07:00:00+00:00,2025-10-01 08:00:00+00:00,1,3907.2,3921.22,356.76,TP1,B_MACDCROSS,V16-Balanced,v16
2025-10-01 07:00:00+00:00,2025-10-01 11:00:00+00:00,1,3907.2,3910.94,554.96,SL,B_MACDCROSS,V16-Balanced,v16
2025-10-01 13:00:00+00:00,2025-10-01 14:00:00+00:00,1,3899.8,3890.35,-624.92,SL,D_PULLBACK,V16-Balanced,v16
2025-10-01 15:00:00+00:00,2025-10-01 18:00:00+00:00,1,3895.1,3885.65,-623.55,SL,D_PULLBACK,V16-Balanced,v16
2025-10-02 13:00:00+00:00,2025-10-02 14:00:00+00:00,1,3899.7,3889.68,-622.18,SL,D_PULLBACK,V16-Balanced,v16
2025-10-03 15:00:00+00:00,2025-10-03 17:00:00+00:00,1,3914.4,3904.78,-395.06,SL,C_MOMENTUM,V16-Balanced,v16
2025-10-07 14:00:00+00:00,2025-10-07 15:00:00+00:00,1,4009.0,3999.11,-394.51,SL,B_MACDCROSS,V16-Balanced,v16
2025-10-09 12:00:00+00:00,2025-10-09 13:00:00+00:00,1,4072.9,4062.08,-315.16,SL,B_MACDCROSS,V16-Balanced,v16
2025-10-15 10:00:00+00:00,2025-10-15 12:00:00+00:00,1,4218.9,4204.51,-314.81,SL,C_MOMENTUM,V16-Balanced,v16
2025-10-15 13:00:00+00:00,2025-10-15 19:00:00+00:00,1,4207.6,4229.11,111.18,TP1,D_PULLBACK,V16-Balanced,v16
2025-10-15 13:00:00+00:00,2025-10-16 02:00:00+00:00,1,4207.6,4247.75,4150.85,TP2,D_PULLBACK,V16-Balanced,v16
2025-10-15 13:00:00+00:00,2025-10-16 13:00:00+00:00,1,4207.6,4272.13,8894.67,TP3,D_PULLBACK,V16-Balanced,v16
2025-10-17 07:00:00+00:00,2025-10-17 08:00:00+00:00,1,4354.5,4337.34,-646.63,SL,D_PULLBACK,V16-Balanced,v16
2025-10-20 12:00:00+00:00,2025-10-20 13:00:00+00:00,1,4340.9,4320.39,-1026.47,SL,A_EMACROSS,V16-Balanced,v16
2025-10-20 14:00:00+00:00,2025-10-20 18:00:00+00:00,1,4348.7,4376.38,331.41,TP1,E_BOS,V16-Balanced,v16
2025-10-20 14:00:00+00:00,2025-10-21 01:00:00+00:00,1,4348.7,4356.9,572.81,SL,E_BOS,V16-Balanced,v16
2025-11-12 12:00:00+00:00,2025-11-12 15:00:00+00:00,1,4136.4,4153.28,369.37,TP1,B_MACDCROSS,V16-Balanced,v16
2025-11-12 12:00:00+00:00,2025-11-12 15:00:00+00:00,1,4136.4,4167.9,689.5,TP2,B_MACDCROSS,V16-Balanced,v16
2025-11-12 12:00:00+00:00,2025-11-12 15:00:00+00:00,1,4136.4,4187.03,1477.5,TP3,B_MACDCROSS,V16-Balanced,v16
2025-11-25 13:00:00+00:00,2025-11-25 14:00:00+00:00,1,4181.8,4166.9,-827.93,SL,B_MACDCROSS,V16-Balanced,v16
2025-11-28 14:30:00+00:00,2025-11-28 15:30:00+00:00,1,4233.5,4209.79,-1032.02,SL,A_EMACROSS,V16-Balanced,v16
2025-12-03 13:00:00+00:00,2025-12-03 14:00:00+00:00,1,4268.7,4248.83,-1028.41,SL,A_EMACROSS,V16-Balanced,v16
2025-12-03 15:00:00+00:00,2025-12-03 16:00:00+00:00,1,4247.8,4227.93,-409.92,SL,C_MOMENTUM,V16-Balanced,v16
2025-12-04 16:00:00+00:00,2025-12-04 19:00:00+00:00,1,4245.9,4227.19,-409.35,SL,A_EMACROSS,V16-Balanced,v16
2025-12-05 13:00:00+00:00,2025-12-05 15:00:00+00:00,1,4264.9,4248.47,-327.02,SL,E_BOS,V16-Balanced,v16
2025-12-09 09:00:00+00:00,2025-12-09 12:00:00+00:00,1,4232.2,4215.93,-326.65,SL,E_BOS,V16-Balanced,v16
2025-12-09 16:00:00+00:00,2025-12-09 17:00:00+00:00,1,4242.1,4225.65,-256.37,SL,D_PULLBACK,V16-Balanced,v16
2025-12-11 13:00:00+00:00,2025-12-11 14:00:00+00:00,1,4248.6,4232.46,-256.14,SL,D_PULLBACK,V16-Balanced,v16
2025-12-16 13:00:00+00:00,2025-12-16 15:00:00+00:00,1,4342.5,4365.01,131.91,TP1,E_BOS,V16-Balanced,v16
2025-12-16 13:00:00+00:00,2025-12-16 16:00:00+00:00,1,4342.5,4343.33,11.4,SL,E_BOS,V16-Balanced,v16
2025-12-16 17:00:00+00:00,2025-12-16 21:00:00+00:00,1,4333.8,4317.32,-651.75,SL,C_MOMENTUM,V16-Balanced,v16
2025-12-17 13:00:00+00:00,2025-12-17 14:00:00+00:00,1,4373.6,4357.75,-650.29,SL,B_MACDCROSS,V16-Balanced,v16
2025-12-17 16:00:00+00:00,2025-12-17 17:00:00+00:00,1,4365.2,4349.25,-648.83,SL,C_MOMENTUM,V16-Balanced,v16
2025-12-26 15:00:00+00:00,2025-12-26 16:00:00+00:00,1,4580.1,4567.48,-323.69,SL,E_BOS,V16-Balanced,v16
2026-01-06 14:00:00+00:00,2026-01-06 15:00:00+00:00,1,4498.3,4483.81,-323.33,SL,E_BOS,V16-Balanced,v16
2026-01-06 16:00:00+00:00,2026-01-07 01:00:00+00:00,1,4498.7,4484.65,-322.97,SL,B_MACDCROSS,V16-Balanced,v16
2026-01-08 15:00:00+00:00,2026-01-08 20:00:00+00:00,1,4463.5,4480.06,130.65,TP1,E_BOS,V16-Balanced,v16
2026-01-08 15:00:00+00:00,2026-01-09 01:00:00+00:00,1,4463.5,4464.11,225.82,SL,E_BOS,V16-Balanced,v16
2026-01-13 13:00:00+00:00,2026-01-13 14:00:00+00:00,1,4619.5,4636.26,261.63,TP1,E_BOS,V16-Balanced,v16
2026-01-13 13:00:00+00:00,2026-01-13 15:00:00+00:00,1,4619.5,4620.12,22.61,SL,E_BOS,V16-Balanced,v16
2026-01-13 16:00:00+00:00,2026-01-13 17:00:00+00:00,1,4622.2,4609.6,-508.08,SL,D_PULLBACK,V16-Balanced,v16
2026-01-22 13:00:00+00:00,2026-01-22 14:00:00+00:00,1,4823.8,4842.09,228.23,TP1,D_PULLBACK,V16-Balanced,v16
2026-01-22 13:00:00+00:00,2026-01-22 15:00:00+00:00,1,4823.8,4857.94,426.03,TP2,D_PULLBACK,V16-Balanced,v16
2026-01-22 13:00:00+00:00,2026-01-22 15:00:00+00:00,1,4823.8,4828.68,81.15,SL,D_PULLBACK,V16-Balanced,v16
2026-01-23 16:00:00+00:00,2026-01-23 17:00:00+00:00,1,4981.4,4964.83,-647.15,SL,E_BOS,V16-Balanced,v16
2026-01-27 13:00:00+00:00,2026-01-27 14:00:00+00:00,1,5073.8,5058.05,-507.34,SL,D_PULLBACK,V16-Balanced,v16
2026-01-27 15:00:00+00:00,2026-01-27 20:00:00+00:00,1,5087.6,5115.49,227.9,TP1,D_PULLBACK,V16-Balanced,v16
2026-01-27 15:00:00+00:00,2026-01-27 20:00:00+00:00,1,5087.6,5139.66,425.41,TP2,D_PULLBACK,V16-Balanced,v16
2026-01-27 15:00:00+00:00,2026-01-27 20:00:00+00:00,1,5087.6,5171.27,911.6,TP3,D_PULLBACK,V16-Balanced,v16
2026-02-09 15:00:00+00:00,2026-02-09 23:00:00+00:00,1,5082.2,5044.66,-648.07,SL,E_BOS,V16-Balanced,v16
2026-02-20 10:00:00+00:00,2026-02-20 11:00:00+00:00,1,5054.6,5036.28,-646.62,SL,C_MOMENTUM,V16-Balanced,v16
2026-02-20 16:00:00+00:00,2026-02-20 20:00:00+00:00,1,5087.0,5115.51,290.33,TP1,C_MOMENTUM,V16-Balanced,v16
2026-02-20 16:00:00+00:00,2026-02-20 21:00:00+00:00,1,5087.0,5087.95,22.58,SL,C_MOMENTUM,V16-Balanced,v16
2026-02-23 16:00:00+00:00,2026-02-23 23:00:00+00:00,1,5230.4,5260.36,290.64,TP1,B_MACDCROSS,V16-Balanced,v16
2026-02-23 16:00:00+00:00,2026-02-24 01:00:00+00:00,1,5230.4,5231.4,452.11,SL,B_MACDCROSS,V16-Balanced,v16
2026-02-25 11:00:00+00:00,2026-02-25 14:00:00+00:00,1,5199.5,5184.4,-647.54,SL,C_MOMENTUM,V16-Balanced,v16
2026-02-27 13:00:00+00:00,2026-02-27 16:00:00+00:00,1,5240.8,5265.18,290.74,TP1,B_MACDCROSS,V16-Balanced,v16
2026-02-27 13:00:00+00:00,2026-02-27 17:00:00+00:00,1,5240.8,5241.61,22.61,SL,B_MACDCROSS,V16-Balanced,v16
2026-03-18 08:00:00+00:00,2026-03-18 10:00:00+00:00,-1,4990.7,4964.76,291.05,TP1,B_MACDCROSS,V16-Balanced,v16
2026-03-18 08:00:00+00:00,2026-03-18 11:00:00+00:00,-1,4990.7,4942.27,543.3,TP2,B_MACDCROSS,V16-Balanced,v16
2026-03-18 08:00:00+00:00,2026-03-18 12:00:00+00:00,-1,4990.7,4912.87,2910.54,TP3,B_MACDCROSS,V16-Balanced,v16
2026-03-20 13:00:00+00:00,2026-03-20 14:00:00+00:00,-1,4617.0,4578.93,265.35,TP1,E_BOS,V16-Balanced,v16
2026-03-20 13:00:00+00:00,2026-03-20 16:00:00+00:00,-1,4617.0,4605.72,458.62,SL,E_BOS,V16-Balanced,v16
2026-03-20 16:00:00+00:00,2026-03-20 18:00:00+00:00,-1,4585.3,4540.48,369.45,TP1,C_MOMENTUM,V16-Balanced,v16
2026-03-20 16:00:00+00:00,2026-03-20 18:00:00+00:00,-1,4585.3,4501.63,689.64,TP2,C_MOMENTUM,V16-Balanced,v16
2026-03-20 16:00:00+00:00,2026-03-23 00:00:00+00:00,-1,4585.3,4450.84,1477.79,TP3,C_MOMENTUM,V16-Balanced,v16
2026-03-23 11:00:00+00:00,2026-03-23 12:00:00+00:00,-1,4379.2,4419.09,-650.65,SL,D_PULLBACK,V16-Balanced,v16
2026-03-24 13:00:00+00:00,2026-03-24 14:00:00+00:00,-1,4382.5,4424.11,-649.22,SL,F_MSS,V16-Balanced,v16
2026-03-26 08:00:00+00:00,2026-03-26 13:00:00+00:00,-1,4424.8,4457.67,-824.46,SL,C_MOMENTUM,V16-Balanced,v16
2026-03-26 13:00:00+00:00,2026-03-26 14:00:00+00:00,-1,4450.1,4468.16,-411.08,SL,C_MOMENTUM,V16-Balanced,v16
2026-04-07 09:00:00+00:00,2026-04-07 11:00:00+00:00,1,4696.6,4674.77,-513.13,SL,A_EMACROSS,V16-Balanced,v16
2026-04-07 17:00:00+00:00,2026-04-07 19:00:00+00:00,1,4701.7,4735.05,184.4,TP1,A_EMACROSS,V16-Balanced,v16
2026-04-07 17:00:00+00:00,2026-04-07 22:00:00+00:00,1,4701.7,4763.96,6884.34,TP2,A_EMACROSS,V16-Balanced,v16
2026-04-07 17:00:00+00:00,2026-04-07 22:00:00+00:00,1,4701.7,4801.75,14752.15,TP3,A_EMACROSS,V16-Balanced,v16
2026-04-17 12:00:00+00:00,2026-04-17 13:00:00+00:00,1,4869.0,4891.41,495.37,TP1,A_EMACROSS,V16-Balanced,v16
2026-04-17 12:00:00+00:00,2026-04-17 13:00:00+00:00,1,4869.0,4910.82,924.7,TP2,A_EMACROSS,V16-Balanced,v16
2026-04-17 12:00:00+00:00,2026-04-17 20:00:00+00:00,1,4869.0,4854.06,-440.33,SL,A_EMACROSS,V16-Balanced,v16
2026-04-22 15:00:00+00:00,2026-04-22 18:00:00+00:00,-1,4746.2,4762.04,-883.41,SL,B_MACDCROSS,V16-Balanced,v16
2026-04-23 07:00:00+00:00,2026-04-23 08:00:00+00:00,-1,4736.1,4721.65,396.42,TP1,C_MOMENTUM,V16-Balanced,v16
2026-04-23 07:00:00+00:00,2026-04-23 10:00:00+00:00,-1,4736.1,4709.12,1849.96,TP2,C_MOMENTUM,V16-Balanced,v16
2026-04-23 07:00:00+00:00,2026-04-23 11:00:00+00:00,-1,4736.1,4732.25,352.37,SL,C_MOMENTUM,V16-Balanced,v16
2026-04-23 11:00:00+00:00,2026-04-23 12:00:00+00:00,-1,4737.4,4747.09,-888.21,SL,C_MOMENTUM,V16-Balanced,v16
2026-04-24 09:00:00+00:00,2026-04-24 11:00:00+00:00,-1,4697.7,4713.07,-695.92,SL,D_PULLBACK,V16-Balanced,v16
2026-04-27 12:00:00+00:00,2026-04-27 14:00:00+00:00,-1,4714.1,4693.12,497.12,TP1,A_EMACROSS,V16-Balanced,v16
2026-04-27 12:00:00+00:00,2026-04-27 23:00:00+00:00,-1,4714.1,4708.51,773.3,SL,A_EMACROSS,V16-Balanced,v16
2026-04-28 17:00:00+00:00,2026-04-29 00:00:00+00:00,-1,4609.0,4619.39,-887.33,SL,C_MOMENTUM,V16-Balanced,v16
2026-04-29 07:00:00+00:00,2026-04-29 12:00:00+00:00,-1,4581.4,4562.68,358.36,TP1,E_BOS,V16-Balanced,v16
2026-04-29 07:00:00+00:00,2026-04-29 13:00:00+00:00,-1,4581.4,4542.58,743.27,TP2,E_BOS,V16-Balanced,v16
2026-04-29 07:00:00+00:00,2026-04-29 13:00:00+00:00,-1,4581.4,4525.25,1433.45,TP3,E_BOS,V16-Balanced,v16
2026-04-29 14:00:00+00:00,2026-04-29 15:00:00+00:00,-1,4551.9,4566.2,-891.94,SL,C_MOMENTUM,V16-Balanced,v16
2026-05-01 07:00:00+00:00,2026-05-01 12:00:00+00:00,-1,4589.5,4603.52,-1111.81,SL,A_EMACROSS,V16-Balanced,v16
2026-05-04 10:00:00+00:00,2026-05-04 12:00:00+00:00,-1,4573.2,4587.79,-886.33,SL,E_BOS,V16-Balanced,v16
2026-05-04 13:00:00+00:00,2026-05-04 14:00:00+00:00,-1,4575.0,4590.53,-441.93,SL,C_MOMENTUM,V16-Balanced,v16
2026-05-11 13:00:00+00:00,2026-05-11 14:00:00+00:00,1,4745.7,4730.55,-353.05,SL,E_BOS,V16-Balanced,v16
2026-05-11 16:00:00+00:00,2026-05-11 20:00:00+00:00,1,4726.1,4748.39,124.69,TP1,F_MSS,V16-Balanced,v16
2026-05-11 16:00:00+00:00,2026-05-11 23:00:00+00:00,1,4726.1,4767.71,4654.99,TP2,F_MSS,V16-Balanced,v16
2026-05-11 16:00:00+00:00,2026-05-12 03:00:00+00:00,1,4726.1,4726.84,110.83,SL,F_MSS,V16-Balanced,v16
2024-11-12 13:00:00+00:00,2024-11-12 14:00:00+00:00,-1,2618.1,2622.3,-240.0,SL,D_PULLBACK,V16-Conservative,v16
2024-11-13 15:00:00+00:00,2024-11-13 16:00:00+00:00,-1,2611.3,2602.52,209.69,TP1,A_EMACROSS,V16-Conservative,v16
2024-11-13 15:00:00+00:00,2024-11-13 16:00:00+00:00,-1,2611.3,2596.67,299.55,TP2,A_EMACROSS,V16-Conservative,v16
2024-11-13 15:00:00+00:00,2024-11-13 17:00:00+00:00,-1,2611.3,2587.89,559.16,TP3,A_EMACROSS,V16-Conservative,v16
2024-11-14 11:00:00+00:00,2024-11-14 13:00:00+00:00,-1,2558.7,2564.95,-321.66,SL,C_MOMENTUM,V16-Conservative,v16
2024-11-14 14:00:00+00:00,2024-11-14 15:00:00+00:00,-1,2564.6,2569.1,-240.76,SL,D_PULLBACK,V16-Conservative,v16
2024-11-15 13:00:00+00:00,2024-11-15 14:00:00+00:00,-1,2569.7,2575.55,-400.66,SL,A_EMACROSS,V16-Conservative,v16
2024-12-10 10:00:00+00:00,2024-12-10 13:00:00+00:00,1,2698.1,2686.27,-159.87,SL,E_BOS,V16-Conservative,v16
2024-12-10 13:00:00+00:00,2024-12-10 14:00:00+00:00,1,2704.4,2692.33,-159.71,SL,E_BOS,V16-Conservative,v16
2024-12-17 08:00:00+00:00,2024-12-17 09:00:00+00:00,-1,2659.5,2645.76,83.76,TP1,B_MACDCROSS,V16-Conservative,v16
2024-12-17 08:00:00+00:00,2024-12-17 12:00:00+00:00,-1,2659.5,2659.04,103.7,SL,B_MACDCROSS,V16-Conservative,v16
2024-12-17 15:00:00+00:00,2024-12-17 18:00:00+00:00,-1,2654.4,2663.7,-319.47,SL,C_MOMENTUM,V16-Conservative,v16
2024-12-18 13:00:00+00:00,2024-12-18 15:00:00+00:00,-1,2659.8,2649.7,125.54,TP1,F_MSS,V16-Conservative,v16
2024-12-18 13:00:00+00:00,2024-12-18 19:00:00+00:00,-1,2659.8,2642.96,3586.81,TP2,F_MSS,V16-Conservative,v16
2024-12-18 13:00:00+00:00,2024-12-18 19:00:00+00:00,-1,2659.8,2632.86,6695.38,TP3,F_MSS,V16-Conservative,v16
2024-12-19 07:00:00+00:00,2024-12-19 09:00:00+00:00,-1,2630.1,2634.82,-254.73,SL,D_PULLBACK,V16-Conservative,v16
2024-12-19 13:00:00+00:00,2024-12-20 06:00:00+00:00,-1,2610.0,2618.11,-339.13,SL,E_BOS,V16-Conservative,v16
2024-12-23 11:00:00+00:00,2024-12-26 05:00:00+00:00,-1,2630.0,2636.18,-338.46,SL,E_BOS,V16-Conservative,v16
2024-12-27 08:00:00+00:00,2024-12-27 12:00:00+00:00,-1,2640.8,2644.9,-168.89,SL,E_BOS,V16-Conservative,v16
2024-12-27 13:00:00+00:00,2024-12-27 14:00:00+00:00,-1,2633.4,2627.49,79.72,TP1,E_BOS,V16-Conservative,v16
2024-12-27 13:00:00+00:00,2024-12-27 15:00:00+00:00,-1,2633.4,2633.18,5.48,SL,E_BOS,V16-Conservative,v16
2024-12-30 08:00:00+00:00,2024-12-30 09:00:00+00:00,-1,2623.6,2627.57,-337.61,SL,E_BOS,V16-Conservative,v16
2024-12-30 11:00:00+00:00,2024-12-30 12:00:00+00:00,-1,2629.5,2633.47,-336.94,SL,C_MOMENTUM,V16-Conservative,v16
2025-01-15 14:00:00+00:00,2025-01-15 15:00:00+00:00,1,2704.3,2699.96,-252.2,SL,D_PULLBACK,V16-Conservative,v16
2025-01-17 15:00:00+00:00,2025-01-17 16:00:00+00:00,1,2749.9,2756.77,88.14,TP1,A_EMACROSS,V16-Conservative,v16
2025-01-17 15:00:00+00:00,2025-01-17 18:00:00+00:00,1,2749.9,2750.13,109.12,SL,A_EMACROSS,V16-Conservative,v16
2025-01-21 14:00:00+00:00,2025-01-21 15:00:00+00:00,1,2753.9,2749.08,-336.15,SL,A_EMACROSS,V16-Conservative,v16
2025-01-22 13:00:00+00:00,2025-01-22 14:00:00+00:00,1,2767.8,2763.17,-201.29,SL,D_PULLBACK,V16-Conservative,v16
2025-01-22 16:00:00+00:00,2025-01-22 21:00:00+00:00,1,2769.6,2765.11,-201.05,SL,D_PULLBACK,V16-Conservative,v16
2025-01-24 15:00:00+00:00,2025-01-24 16:00:00+00:00,1,2782.6,2778.05,-100.4,SL,D_PULLBACK,V16-Conservative,v16
2025-01-31 16:00:00+00:00,2025-01-31 17:00:00+00:00,1,2849.7,2836.78,-100.34,SL,D_PULLBACK,V16-Conservative,v16
2025-02-03 12:00:00+00:00,2025-02-03 13:00:00+00:00,1,2847.5,2834.02,-167.14,SL,A_EMACROSS,V16-Conservative,v16
2025-02-03 15:00:00+00:00,2025-02-03 16:00:00+00:00,1,2854.8,2839.99,-133.58,SL,C_MOMENTUM,V16-Conservative,v16
2025-02-04 13:00:00+00:00,2025-02-04 14:00:00+00:00,1,2859.7,2846.1,-166.84,SL,A_EMACROSS,V16-Conservative,v16
2025-02-04 16:00:00+00:00,2025-02-04 17:00:00+00:00,1,2869.7,2855.27,-133.34,SL,C_MOMENTUM,V16-Conservative,v16
2025-02-05 07:00:00+00:00,2025-02-05 08:00:00+00:00,1,2890.5,2877.75,-133.23,SL,B_MACDCROSS,V16-Conservative,v16
2025-02-05 13:00:00+00:00,2025-02-05 14:00:00+00:00,1,2883.7,2870.7,-99.84,SL,D_PULLBACK,V16-Conservative,v16
2025-02-07 09:00:00+00:00,2025-02-07 10:00:00+00:00,1,2892.5,2880.04,-133.04,SL,E_BOS,V16-Conservative,v16
2025-02-07 14:00:00+00:00,2025-02-07 15:00:00+00:00,1,2900.3,2887.32,-132.94,SL,E_BOS,V16-Conservative,v16
2025-02-12 16:00:00+00:00,2025-02-12 17:00:00+00:00,1,2929.6,2916.65,-132.83,SL,E_BOS,V16-Conservative,v16
2025-02-13 14:00:00+00:00,2025-02-13 15:00:00+00:00,1,2942.9,2930.49,-99.54,SL,D_PULLBACK,V16-Conservative,v16
2025-02-14 10:00:00+00:00,2025-02-14 13:00:00+00:00,1,2960.6,2949.14,-99.48,SL,D_PULLBACK,V16-Conservative,v16
2025-02-18 13:00:00+00:00,2025-02-18 16:00:00+00:00,1,2933.6,2949.33,62.64,TP1,E_BOS,V16-Conservative,v16
2025-02-18 13:00:00+00:00,2025-02-18 17:00:00+00:00,1,2933.6,2934.18,4.31,SL,E_BOS,V16-Conservative,v16
2025-02-19 09:00:00+00:00,2025-02-19 10:00:00+00:00,1,2962.6,2951.58,-265.24,SL,B_MACDCROSS,V16-Conservative,v16
2025-02-24 08:00:00+00:00,2025-02-24 09:00:00+00:00,1,2961.1,2951.88,-264.81,SL,E_BOS,V16-Conservative,v16
2025-02-24 11:00:00+00:00,2025-02-24 12:00:00+00:00,1,2962.2,2952.98,-264.39,SL,C_MOMENTUM,V16-Conservative,v16
2025-03-17 14:00:00+00:00,2025-03-17 15:00:00+00:00,1,3006.0,3000.81,-131.98,SL,B_MACDCROSS,V16-Conservative,v16
2025-03-17 17:00:00+00:00,2025-03-18 01:00:00+00:00,1,3006.3,3013.88,69.24,TP1,C_MOMENTUM,V16-Conservative,v16
2025-03-17 17:00:00+00:00,2025-03-18 02:00:00+00:00,1,3006.3,3018.93,98.91,TP2,C_MOMENTUM,V16-Conservative,v16
2025-03-17 17:00:00+00:00,2025-03-18 06:00:00+00:00,1,3006.3,3026.51,3692.54,TP3,C_MOMENTUM,V16-Conservative,v16
2025-03-19 10:00:00+00:00,2025-03-19 13:00:00+00:00,1,3042.3,3037.67,-253.06,SL,D_PULLBACK,V16-Conservative,v16
2025-03-19 13:00:00+00:00,2025-03-19 14:00:00+00:00,1,3041.8,3037.09,-252.68,SL,D_PULLBACK,V16-Conservative,v16
2025-03-28 14:00:00+00:00,2025-03-28 15:00:00+00:00,1,3103.9,3092.91,-252.3,SL,D_PULLBACK,V16-Conservative,v16
2025-03-31 13:00:00+00:00,2025-03-31 14:00:00+00:00,1,3146.5,3129.31,-100.77,SL,D_PULLBACK,V16-Conservative,v16
2025-04-01 13:00:00+00:00,2025-04-01 14:00:00+00:00,1,3165.5,3148.89,-100.71,SL,D_PULLBACK,V16-Conservative,v16
2025-04-02 08:00:00+00:00,2025-04-02 09:00:00+00:00,1,3162.7,3149.37,-167.75,SL,A_EMACROSS,V16-Conservative,v16
2025-04-02 11:00:00+00:00,2025-04-02 13:00:00+00:00,1,3157.3,3143.97,-134.06,SL,C_MOMENTUM,V16-Conservative,v16
2025-04-15 08:00:00+00:00,2025-04-15 12:00:00+00:00,1,3243.5,3228.78,-100.47,SL,D_PULLBACK,V16-Conservative,v16
2025-04-15 14:00:00+00:00,2025-04-15 23:00:00+00:00,1,3239.1,3260.68,52.71,TP1,D_PULLBACK,V16-Conservative,v16
2025-04-15 14:00:00+00:00,2025-04-16 00:00:00+00:00,1,3239.1,3275.07,75.3,TP2,D_PULLBACK,V16-Conservative,v16
2025-04-15 14:00:00+00:00,2025-04-16 03:00:00+00:00,1,3239.1,3296.64,2811.39,TP3,D_PULLBACK,V16-Conservative,v16
2025-04-22 08:00:00+00:00,2025-04-22 09:00:00+00:00,1,3455.5,3469.66,134.1,TP1,D_PULLBACK,V16-Conservative,v16
2025-04-22 08:00:00+00:00,2025-04-22 10:00:00+00:00,1,3455.5,3479.11,191.57,TP2,D_PULLBACK,V16-Conservative,v16
2025-04-22 08:00:00+00:00,2025-04-22 12:00:00+00:00,1,3455.5,3455.97,89.4,SL,D_PULLBACK,V16-Conservative,v16
2025-04-28 14:00:00+00:00,2025-04-28 18:00:00+00:00,1,3339.6,3360.02,224.04,TP1,A_EMACROSS,V16-Conservative,v16
2025-04-28 14:00:00+00:00,2025-04-29 00:00:00+00:00,1,3339.6,3340.28,277.39,SL,A_EMACROSS,V16-Conservative,v16
2025-05-09 15:00:00+00:00,2025-05-09 19:00:00+00:00,1,3350.3,3338.34,-342.4,SL,E_BOS,V16-Conservative,v16
2025-05-14 11:00:00+00:00,2025-05-14 12:00:00+00:00,-1,3223.7,3209.98,161.46,TP1,E_BOS,V16-Conservative,v16
2025-05-14 11:00:00+00:00,2025-05-14 12:00:00+00:00,-1,3223.7,3198.3,256.29,TP2,E_BOS,V16-Conservative,v16
2025-05-14 11:00:00+00:00,2025-05-14 13:00:00+00:00,-1,3223.7,3187.12,430.56,TP3,E_BOS,V16-Conservative,v16
2025-05-16 10:00:00+00:00,2025-05-16 11:00:00+00:00,-1,3179.0,3161.24,225.36,TP1,A_EMACROSS,V16-Conservative,v16
2025-05-16 10:00:00+00:00,2025-05-16 12:00:00+00:00,-1,3179.0,3178.41,13.95,SL,A_EMACROSS,V16-Conservative,v16
2025-05-16 13:00:00+00:00,2025-05-16 17:00:00+00:00,-1,3183.0,3194.94,-343.89,SL,C_MOMENTUM,V16-Conservative,v16
2025-05-22 07:00:00+00:00,2025-05-22 08:00:00+00:00,1,3328.3,3322.76,-257.4,SL,D_PULLBACK,V16-Conservative,v16
2025-05-23 11:00:00+00:00,2025-05-23 13:00:00+00:00,1,3348.3,3338.59,-342.69,SL,E_BOS,V16-Conservative,v16
2025-05-28 07:00:00+00:00,2025-05-28 11:00:00+00:00,1,3317.4,3309.21,-171.0,SL,E_BOS,V16-Conservative,v16
2025-05-29 07:00:00+00:00,2025-05-29 08:00:00+00:00,1,3310.7,3300.98,-170.83,SL,E_BOS,V16-Conservative,v16
2025-05-29 10:00:00+00:00,2025-05-29 11:00:00+00:00,1,3321.5,3310.95,-170.66,SL,E_BOS,V16-Conservative,v16
2025-06-09 16:00:00+00:00,2025-06-09 18:00:00+00:00,1,3358.4,3343.25,-213.11,SL,A_EMACROSS,V16-Conservative,v16
2025-06-10 13:00:00+00:00,2025-06-10 14:00:00+00:00,1,3364.6,3349.77,-170.28,SL,E_BOS,V16-Conservative,v16
2025-06-11 07:00:00+00:00,2025-06-11 09:00:00+00:00,1,3366.6,3353.13,-136.08,SL,E_BOS,V16-Conservative,v16
2025-06-30 11:00:00+00:00,2025-06-30 12:00:00+00:00,-1,3289.2,3296.93,-101.98,SL,F_MSS,V16-Conservative,v16
2025-07-15 08:00:00+00:00,2025-07-15 11:00:00+00:00,1,3369.5,3364.08,-101.92,SL,D_PULLBACK,V16-Conservative,v16
2025-07-23 10:00:00+00:00,2025-07-23 12:00:00+00:00,1,3435.2,3429.68,-101.86,SL,D_PULLBACK,V16-Conservative,v16
2025-07-28 15:00:00+00:00,2025-07-29 06:00:00+00:00,-1,3314.1,3320.11,-135.73,SL,C_MOMENTUM,V16-Conservative,v16
2025-08-04 16:00:00+00:00,2025-08-04 17:00:00+00:00,1,3424.7,3398.67,-101.72,SL,D_PULLBACK,V16-Conservative,v16
2025-08-05 14:00:00+00:00,2025-08-05 15:00:00+00:00,1,3439.7,3416.83,-169.43,SL,A_EMACROSS,V16-Conservative,v16
2025-08-06 14:00:00+00:00,2025-08-07 07:00:00+00:00,1,3435.3,3458.95,63.98,TP1,E_BOS,V16-Conservative,v16
2025-08-06 14:00:00+00:00,2025-08-07 14:00:00+00:00,1,3435.3,3436.18,88.01,SL,E_BOS,V16-Conservative,v16
2025-08-07 14:00:00+00:00,2025-08-07 19:00:00+00:00,1,3450.3,3463.7,106.73,TP1,D_PULLBACK,V16-Conservative,v16
2025-08-07 14:00:00+00:00,2025-08-07 20:00:00+00:00,1,3450.3,3472.64,152.47,TP2,D_PULLBACK,V16-Conservative,v16
2025-08-07 14:00:00+00:00,2025-08-07 22:00:00+00:00,1,3450.3,3486.04,5692.14,TP3,D_PULLBACK,V16-Conservative,v16
2025-08-08 14:00:00+00:00,2025-08-08 17:00:00+00:00,1,3492.8,3479.36,-263.04,SL,D_PULLBACK,V16-Conservative,v16
2025-08-25 14:00:00+00:00,2025-08-25 19:00:00+00:00,1,3418.7,3414.12,-350.19,SL,E_BOS,V16-Conservative,v16
2025-08-26 07:00:00+00:00,2025-08-26 09:00:00+00:00,1,3423.0,3417.73,-349.49,SL,C_MOMENTUM,V16-Conservative,v16
2025-08-28 08:00:00+00:00,2025-08-28 10:00:00+00:00,1,3456.9,3452.06,-174.4,SL,B_MACDCROSS,V16-Conservative,v16
2025-08-28 11:00:00+00:00,2025-08-28 12:00:00+00:00,1,3462.0,3457.16,-174.22,SL,E_BOS,V16-Conservative,v16
2025-09-03 11:00:00+00:00,2025-09-03 12:00:00+00:00,1,3616.0,3609.21,-174.05,SL,E_BOS,V16-Conservative,v16
2025-09-04 15:00:00+00:00,2025-09-04 17:00:00+00:00,1,3612.3,3604.6,-217.34,SL,A_EMACROSS,V16-Conservative,v16
2025-09-09 14:00:00+00:00,2025-09-09 15:00:00+00:00,1,3684.3,3677.95,-130.24,SL,D_PULLBACK,V16-Conservative,v16
2025-09-10 11:00:00+00:00,2025-09-10 12:00:00+00:00,1,3688.8,3681.04,-104.12,SL,D_PULLBACK,V16-Conservative,v16
2025-09-10 14:00:00+00:00,2025-09-10 15:00:00+00:00,1,3687.5,3679.76,-104.05,SL,D_PULLBACK,V16-Conservative,v16
2025-09-12 09:00:00+00:00,2025-09-12 12:00:00+00:00,1,3684.5,3677.74,-138.66,SL,C_MOMENTUM,V16-Conservative,v16
2025-09-15 12:00:00+00:00,2025-09-15 13:00:00+00:00,1,3687.6,3697.87,90.92,TP1,A_EMACROSS,V16-Conservative,v16
2025-09-15 12:00:00+00:00,2025-09-15 15:00:00+00:00,1,3687.6,3704.72,2597.71,TP2,A_EMACROSS,V16-Conservative,v16
2025-09-15 12:00:00+00:00,2025-09-15 15:00:00+00:00,1,3687.6,3714.99,4849.05,TP3,A_EMACROSS,V16-Conservative,v16
2025-09-16 11:00:00+00:00,2025-09-16 12:00:00+00:00,1,3734.5,3728.3,-361.44,SL,C_MOMENTUM,V16-Conservative,v16
2025-09-16 14:00:00+00:00,2025-09-16 15:00:00+00:00,1,3722.3,3717.61,-270.54,SL,D_PULLBACK,V16-Conservative,v16
2025-09-17 17:00:00+00:00,2025-09-17 18:00:00+00:00,1,3722.3,3714.85,-450.22,SL,A_EMACROSS,V16-Conservative,v16
2025-09-25 08:00:00+00:00,2025-09-25 11:00:00+00:00,1,3786.7,3778.62,-179.64,SL,E_BOS,V16-Conservative,v16
2025-09-25 11:00:00+00:00,2025-09-25 12:00:00+00:00,1,3784.0,3775.92,-134.59,SL,F_MSS,V16-Conservative,v16
2025-09-29 11:00:00+00:00,2025-09-29 12:00:00+00:00,1,3858.2,3849.9,-179.32,SL,E_BOS,V16-Conservative,v16
2025-09-30 07:00:00+00:00,2025-09-30 08:00:00+00:00,1,3872.2,3866.17,-134.36,SL,D_PULLBACK,V16-Conservative,v16
2025-09-30 14:00:00+00:00,2025-09-30 15:00:00+00:00,1,3881.7,3871.87,-134.26,SL,F_MSS,V16-Conservative,v16
2025-10-01 07:00:00+00:00,2025-10-01 08:00:00+00:00,1,3907.2,3921.22,75.13,TP1,B_MACDCROSS,V16-Conservative,v16
2025-10-01 07:00:00+00:00,2025-10-01 11:00:00+00:00,1,3907.2,3907.67,93.01,SL,B_MACDCROSS,V16-Conservative,v16
2025-10-01 13:00:00+00:00,2025-10-01 14:00:00+00:00,1,3899.8,3890.35,-268.56,SL,D_PULLBACK,V16-Conservative,v16
2025-10-02 13:00:00+00:00,2025-10-02 14:00:00+00:00,1,3899.7,3889.68,-214.53,SL,D_PULLBACK,V16-Conservative,v16
2025-10-03 15:00:00+00:00,2025-10-03 17:00:00+00:00,1,3914.4,3904.78,-285.69,SL,C_MOMENTUM,V16-Conservative,v16
2025-10-07 14:00:00+00:00,2025-10-07 15:00:00+00:00,1,4009.0,3999.11,-142.62,SL,B_MACDCROSS,V16-Conservative,v16
2025-10-09 12:00:00+00:00,2025-10-09 13:00:00+00:00,1,4072.9,4062.08,-142.5,SL,B_MACDCROSS,V16-Conservative,v16
2025-10-15 10:00:00+00:00,2025-10-15 12:00:00+00:00,1,4218.9,4204.51,-142.39,SL,C_MOMENTUM,V16-Conservative,v16
2025-10-15 13:00:00+00:00,2025-10-15 19:00:00+00:00,1,4207.6,4229.11,56.02,TP1,D_PULLBACK,V16-Conservative,v16
2025-10-15 13:00:00+00:00,2025-10-16 01:00:00+00:00,1,4207.6,4243.45,1600.61,TP2,D_PULLBACK,V16-Conservative,v16
2025-10-15 13:00:00+00:00,2025-10-16 12:00:00+00:00,1,4207.6,4264.96,2987.81,TP3,D_PULLBACK,V16-Conservative,v16
2025-10-17 07:00:00+00:00,2025-10-17 08:00:00+00:00,1,4354.5,4337.34,-273.74,SL,D_PULLBACK,V16-Conservative,v16
2025-10-20 12:00:00+00:00,2025-10-20 13:00:00+00:00,1,4340.9,4320.39,-455.54,SL,A_EMACROSS,V16-Conservative,v16
2025-10-20 15:00:00+00:00,2025-10-20 19:00:00+00:00,1,4366.0,4393.68,171.76,TP1,E_BOS,V16-Conservative,v16
2025-10-20 15:00:00+00:00,2025-10-20 20:00:00+00:00,1,4366.0,4367.03,11.81,SL,E_BOS,V16-Conservative,v16
2025-11-12 12:00:00+00:00,2025-11-12 15:00:00+00:00,1,4136.4,4153.28,191.04,TP1,B_MACDCROSS,V16-Conservative,v16
2025-11-12 12:00:00+00:00,2025-11-12 15:00:00+00:00,1,4136.4,4164.53,272.92,TP2,B_MACDCROSS,V16-Conservative,v16
2025-11-12 12:00:00+00:00,2025-11-12 15:00:00+00:00,1,4136.4,4181.4,509.44,TP3,B_MACDCROSS,V16-Conservative,v16
2025-11-25 13:00:00+00:00,2025-11-25 14:00:00+00:00,1,4181.8,4166.9,-365.84,SL,B_MACDCROSS,V16-Conservative,v16
2025-11-28 14:30:00+00:00,2025-11-28 15:30:00+00:00,1,4233.5,4209.79,-456.38,SL,A_EMACROSS,V16-Conservative,v16
2025-12-03 13:00:00+00:00,2025-12-03 14:00:00+00:00,1,4268.7,4248.83,-455.24,SL,A_EMACROSS,V16-Conservative,v16
2025-12-03 17:00:00+00:00,2025-12-03 18:00:00+00:00,1,4242.8,4222.8,-181.64,SL,C_MOMENTUM,V16-Conservative,v16
2025-12-09 09:00:00+00:00,2025-12-09 12:00:00+00:00,1,4232.2,4215.93,-181.46,SL,E_BOS,V16-Conservative,v16
2025-12-09 16:00:00+00:00,2025-12-09 17:00:00+00:00,1,4242.1,4225.65,-135.96,SL,D_PULLBACK,V16-Conservative,v16
2025-12-11 13:00:00+00:00,2025-12-11 14:00:00+00:00,1,4248.6,4232.46,-135.86,SL,D_PULLBACK,V16-Conservative,v16
2025-12-26 15:00:00+00:00,2025-12-26 16:00:00+00:00,1,4580.1,4567.48,-144.8,SL,E_BOS,V16-Conservative,v16
2026-01-06 14:00:00+00:00,2026-01-06 15:00:00+00:00,1,4498.3,4483.81,-144.69,SL,E_BOS,V16-Conservative,v16
2026-01-13 13:00:00+00:00,2026-01-13 14:00:00+00:00,1,4619.5,4636.26,68.31,TP1,E_BOS,V16-Conservative,v16
2026-01-13 13:00:00+00:00,2026-01-13 15:00:00+00:00,1,4619.5,4620.12,4.7,SL,E_BOS,V16-Conservative,v16
2026-01-13 16:00:00+00:00,2026-01-13 17:00:00+00:00,1,4622.2,4609.6,-216.95,SL,D_PULLBACK,V16-Conservative,v16
2026-01-22 13:00:00+00:00,2026-01-22 14:00:00+00:00,1,4823.8,4842.09,113.76,TP1,D_PULLBACK,V16-Conservative,v16
2026-01-22 13:00:00+00:00,2026-01-22 15:00:00+00:00,1,4823.8,4854.28,162.51,TP2,D_PULLBACK,V16-Conservative,v16
2026-01-22 13:00:00+00:00,2026-01-22 15:00:00+00:00,1,4823.8,4872.57,303.36,TP3,D_PULLBACK,V16-Conservative,v16
2026-01-23 16:00:00+00:00,2026-01-23 17:00:00+00:00,1,4981.4,4964.83,-362.3,SL,E_BOS,V16-Conservative,v16
2026-01-27 13:00:00+00:00,2026-01-27 14:00:00+00:00,1,5073.8,5058.05,-216.95,SL,D_PULLBACK,V16-Conservative,v16
2026-01-27 16:00:00+00:00,2026-01-27 20:00:00+00:00,1,5085.1,5112.05,113.76,TP1,D_PULLBACK,V16-Conservative,v16
2026-01-27 16:00:00+00:00,2026-01-27 20:00:00+00:00,1,5085.1,5130.02,162.52,TP2,D_PULLBACK,V16-Conservative,v16
2026-01-27 16:00:00+00:00,2026-01-27 20:00:00+00:00,1,5085.1,5156.98,303.36,TP3,D_PULLBACK,V16-Conservative,v16
2026-02-09 15:00:00+00:00,2026-02-09 23:00:00+00:00,1,5082.2,5044.66,-362.3,SL,E_BOS,V16-Conservative,v16
2026-02-23 16:00:00+00:00,2026-02-23 23:00:00+00:00,1,5230.4,5260.36,151.86,TP1,B_MACDCROSS,V16-Conservative,v16
2026-02-23 16:00:00+00:00,2026-02-24 01:00:00+00:00,1,5230.4,5231.4,188.02,SL,B_MACDCROSS,V16-Conservative,v16
2026-02-25 11:00:00+00:00,2026-02-25 14:00:00+00:00,1,5199.5,5184.4,-362.26,SL,C_MOMENTUM,V16-Conservative,v16
2026-03-18 08:00:00+00:00,2026-03-18 10:00:00+00:00,-1,4990.7,4964.76,151.84,TP1,B_MACDCROSS,V16-Conservative,v16
2026-03-18 08:00:00+00:00,2026-03-18 11:00:00+00:00,-1,4990.7,4947.46,216.92,TP2,B_MACDCROSS,V16-Conservative,v16
2026-03-18 08:00:00+00:00,2026-03-18 12:00:00+00:00,-1,4990.7,4921.52,1012.3,TP3,B_MACDCROSS,V16-Conservative,v16
2026-03-20 13:00:00+00:00,2026-03-20 14:00:00+00:00,-1,4617.0,4578.93,172.13,TP1,E_BOS,V16-Conservative,v16
2026-03-20 13:00:00+00:00,2026-03-20 15:00:00+00:00,-1,4617.0,4546.5,273.22,TP2,E_BOS,V16-Conservative,v16
2026-03-20 13:00:00+00:00,2026-03-20 16:00:00+00:00,-1,4617.0,4605.72,127.5,SL,E_BOS,V16-Conservative,v16
2026-03-20 16:00:00+00:00,2026-03-20 18:00:00+00:00,-1,4585.3,4540.48,191.86,TP1,C_MOMENTUM,V16-Conservative,v16
2026-03-20 16:00:00+00:00,2026-03-20 18:00:00+00:00,-1,4585.3,4510.6,274.08,TP2,C_MOMENTUM,V16-Conservative,v16
2026-03-20 16:00:00+00:00,2026-03-22 23:00:00+00:00,-1,4585.3,4465.78,511.62,TP3,C_MOMENTUM,V16-Conservative,v16
2026-03-23 11:00:00+00:00,2026-03-23 12:00:00+00:00,-1,4379.2,4419.09,-275.55,SL,D_PULLBACK,V16-Conservative,v16
2026-03-26 08:00:00+00:00,2026-03-26 13:00:00+00:00,-1,4424.8,4457.67,-366.85,SL,C_MOMENTUM,V16-Conservative,v16
2026-03-26 13:00:00+00:00,2026-03-26 14:00:00+00:00,-1,4450.1,4468.16,-366.11,SL,C_MOMENTUM,V16-Conservative,v16
2026-04-23 07:00:00+00:00,2026-04-23 08:00:00+00:00,-1,4736.1,4721.65,95.91,TP1,C_MOMENTUM,V16-Conservative,v16
2026-04-23 07:00:00+00:00,2026-04-23 09:00:00+00:00,-1,4736.1,4712.01,137.02,TP2,C_MOMENTUM,V16-Conservative,v16
2026-04-23 07:00:00+00:00,2026-04-23 11:00:00+00:00,-1,4736.1,4735.62,63.94,SL,C_MOMENTUM,V16-Conservative,v16
2026-04-23 11:00:00+00:00,2026-04-23 12:00:00+00:00,-1,4737.4,4747.09,-365.97,SL,C_MOMENTUM,V16-Conservative,v16
2026-04-24 09:00:00+00:00,2026-04-24 11:00:00+00:00,-1,4697.7,4713.07,-273.93,SL,D_PULLBACK,V16-Conservative,v16
2026-04-28 17:00:00+00:00,2026-04-29 00:00:00+00:00,-1,4609.0,4619.39,-364.69,SL,C_MOMENTUM,V16-Conservative,v16
2026-04-29 07:00:00+00:00,2026-04-29 12:00:00+00:00,-1,4581.4,4562.68,85.99,TP1,E_BOS,V16-Conservative,v16
2026-04-29 07:00:00+00:00,2026-04-29 13:00:00+00:00,-1,4581.4,4546.74,136.49,TP2,E_BOS,V16-Conservative,v16
2026-04-29 07:00:00+00:00,2026-04-29 13:00:00+00:00,-1,4581.4,4531.49,229.3,TP3,E_BOS,V16-Conservative,v16
2026-04-29 14:00:00+00:00,2026-04-29 15:00:00+00:00,-1,4551.9,4566.2,-364.87,SL,C_MOMENTUM,V16-Conservative,v16
2026-05-01 07:00:00+00:00,2026-05-01 12:00:00+00:00,-1,4589.5,4603.52,-455.17,SL,A_EMACROSS,V16-Conservative,v16
2026-05-04 10:00:00+00:00,2026-05-04 12:00:00+00:00,-1,4573.2,4587.79,-290.58,SL,E_BOS,V16-Conservative,v16
2026-05-04 13:00:00+00:00,2026-05-04 14:00:00+00:00,-1,4575.0,4590.53,-145.06,SL,C_MOMENTUM,V16-Conservative,v16
2026-05-11 13:00:00+00:00,2026-05-11 14:00:00+00:00,1,4745.7,4730.55,-144.94,SL,E_BOS,V16-Conservative,v16
2026-05-11 16:00:00+00:00,2026-05-11 20:00:00+00:00,1,4726.1,4748.39,57.03,TP1,F_MSS,V16-Conservative,v16
2026-05-11 16:00:00+00:00,2026-05-11 22:00:00+00:00,1,4726.1,4763.25,81.47,TP2,F_MSS,V16-Conservative,v16
2026-05-11 16:00:00+00:00,2026-05-12 03:00:00+00:00,1,4726.1,4726.84,38.02,SL,F_MSS,V16-Conservative,v16
