side,entry_time,exit_time,entry_price,exit_price,stop_loss,take_profit,size,atr,pnl,gross_pnl,exit_reason,bars_held,entry_date,month,adx14,atr14,atr_percentile,spread_percentile,spread_atr,volume_ratio,volume_percentile,ema_spread_norm,momentum_expansion,momentum_percentile,session_label,session_range_atr,session_range_percentile,overlap_mean_12,rolling_vol,vol_cluster_ratio,vol_cluster_percentile,regime_label,regime_confidence,volatility_state,breakout_regime,mean_reversion_regime,low_liquidity_regime,daily_drawdown,remaining_daily_buffer,buffer_to_min_equity,drawdown_cluster_active,stress_score,fail_probability,risk_mode,daily_profit_lock_hit,weekly_profit_lock_hit,monthly_profit_lock_hit,dominant_regime,high_risk_share,chop_share,no_trade_share,holding_minutes,weekday,entry_hour,trade_return_pct,consecutive_losses_prior,news_event,news_window,session_quality_score,suppression_score,trade_quality_score,regime_score,quality_bucket,suppression_candidate,baseline_equity_before,baseline_equity_after,v3_equity_before,v3_equity_after,suppressed,suppression_reasons,dynamic_risk_pct,position_multiplier,v3_position_size,risk_mode_live,execution_cost,slippage_cost,spread_widening_cost,latency_cost,liquidity_gap_cost,partial_fill_cost,v3_pnl,v3_executed,daily_pnl_tracker,weekly_pnl_tracker,monthly_pnl_tracker,v3_consecutive_losses,expectancy_curve,v3_expectancy_curve,rolling_pf,rolling_pf_v3,rolling_sharpe,rolling_sharpe_v3,trade_efficiency
long,2026-01-01 05:13:00,2026-01-01 05:20:00,2435.907911173285,2427.3000509832477,2427.3000509832477,2453.1236315533592,185.87662493076246,5.738573460024849,-1600.599999999981,-1599.9999999999811,SL,7,2026-01-01,2026-01,11.745255192394193,5.554654083326729,0.08560794044665013,0.2968844775296388,0.06895853219576337,0.7303556919779959,0.2919492693686242,0.010843278920902094,0.09659105136950936,0.15056520540391508,London,8.591686547127537,0.6093189964157706,0.7329925813047998,0.0033157605965598146,0.9347718468065651,0.4520264681555004,CHOP,0.7613097817711278,COMPRESSED,False,True,False,4769.7880000000005,3230.2119999999995,11230.212,False,22.891833205128204,0.38867013907692305,SURVIVAL,False,False,False,RANGE,0.035897435897435895,0.29743589743589743,0.0,7,Thu,5,-0.35350630859689597,0,,False,43.493261284052444,60.0,5.917560194975115,39.21890793816463,F,True,160000.0,158399.40000000002,160000.0,160000.0,True,CHOP_REGIME|LOW_ADX|LOW_ATR,0.0007230409429280398,0.07230409429280397,13.439641015822007,NORMAL,0.0,0.0,0.0,0.0,0.0,0.0,0.0,0,0.0,0.0,0.0,0,-1600.599999999981,0.0,0.0,0.0,0.0,0.0,0.0
long,2026-01-01 06:08:00,2026-01-01 06:25:00,2437.9382419078493,2429.0851058087896,2429.0851058087896,2455.644514105968,178.91897089080982,5.902090732706319,-1584.5940000000242,-1583.9940000000242,SL,17,2026-01-01,2026-01,13.438871636529992,5.701720961089054,0.10722360077198786,0.35652054039150816,0.07739292727353056,0.8051475191471836,0.37551695616211744,0.058526915386552435,0.42141257112535746,0.6028122415219189,London,8.475973529144744,0.5975461814171492,0.7079091279136817,0.0023839609021249243,0.8266037294775408,0.21800385993934382,CHOP,0.7283176996572016,NORMAL,False,True,False,4769.7880000000005,3230.2119999999995,11230.212,False,22.891833205128204,0.38867013907692305,SURVIVAL,False,False,False,RANGE,0.035897435897435895,0.29743589743589743,0.0,17,Thu,6,-0.36327784765683613,1,,False,50.850599517466236,50.0,15.194336177261711,41.52421627376847,F,True,158399.40000000002,156814.806,160000.0,160000.0,True,CHOP_REGIME|LOW_ADX|LOW_ATR,0.0007147189137027847,0.07147189137027847,12.787677251589974,NORMAL,0.0,0.0,0.0,0.0,0.0,0.0,0.0,0,0.0,0.0,0.0,0,-1592.5970000000025,0.0,0.0,0.0,-889.955055047315,0.0,0.0
long,2026-01-01 06:22:00,2026-01-01 06:28:00,2436.810584001247,2428.7358344769073,2428.7358344769073,2452.960083049927,196.16633249431777,5.383166349559951,-1584.5940000000048,-1583.994000000005,SL,6,2026-01-01,2026-01,12.443906615464199,5.176010559518996,0.04287289771160739,0.35552798456024265,0.07727208582172401,0.792807832829157,0.3617314585056521,0.021781467697249788,0.06175838471288054,0.09655362558588365,London/NY overlap,9.33685033696137,0.6852219465122691,0.7087591065329305,0.0024186962147275943,0.874728902725444,0.314750482492418,CHOP,0.7423243850154517,NORMAL,False,True,False,4769.7880000000005,3230.2119999999995,11230.212,False,22.891833205128204,0.38867013907692305,SURVIVAL,False,False,False,RANGE,0.035897435897435895,0.29743589743589743,0.0,6,Thu,6,-0.3314910156006446,2,,False,40.9553785957446,75.0,0.0,38.4753628403399,F,True,156814.806,155230.212,160000.0,160000.0,True,CHOP_REGIME|LOW_ADX|LOW_ATR|CONSECUTIVE_LOSSES,0.0007350000000000001,0.07350000000000001,14.418225438332358,NORMAL,0.0,0.0,0.0,0.0,0.0,0.0,0.0,0,0.0,0.0,0.0,0,-1589.9293333333364,0.0,0.0,0.0,-942.3587427321485,0.0,0.0
long,2026-01-02 06:04:00,2026-01-02 07:23:00,2454.329361249237,2468.934537224245,2447.026773261733,2468.934537224245,212.5687663957317,4.868391991669289,3104.004240000034,3104.6042400000338,TP,79,2026-01-02,2026-01,14.190204055151495,5.219823228404217,0.04706368899917287,0.9750206782464848,0.2477208241302141,1.794313710931732,0.9562172594430659,0.047506448615373134,0.1701023665849865,0.2614281775572098,London,10.84278266587618,0.8057623380204025,0.7895366048940119,0.0022142192024728956,0.6641101876951729,0.031375792666115246,CHOP,0.758638786789253,COMPRESSED,False,True,False,739.1234635893488,7260.876536410651,10491.08853641065,False,11.622753871472323,0.3112283851925475,SURVIVAL,True,False,False,RANGE,0.05128205128205128,0.2230769230769231,0.0,79,Fri,6,0.5949630717688533,3,,False,32.10773178805329,87.0,0.0,33.84075891385106,F,True,155230.212,158334.21624000004,160000.0,160000.0,True,CHOP_REGIME|LOW_ADX|LOW_ATR|HIGH_SPREAD|CONSECUTIVE_LOSSES,0.0007350000000000001,0.07350000000000001,15.623804330086282,NORMAL,0.0,0.0,0.0,0.0,0.0,0.0,0.0,0,0.0,0.0,0.0,0,-416.44593999999404,0.0,0.6507635643345213,0.0,-0.9162918221606057,0.0,0.0
long,2026-01-05 05:11:00,2026-01-05 05:24:00,2459.9539806302455,2451.236706955246,2451.236706955246,2477.388527980245,181.63272388027477,5.811515783333103,-1583.94216239996,-1583.34216239996,SL,13,2026-01-05,2026-01,17.184764842889553,5.577101992225669,0.08891645988420183,0.19341053212020953,0.05469921073334509,0.6817809479660014,0.2348221670802316,0.10265374007962097,0.5963732630813983,0.789633305762338,London,6.09551651048605,0.33030052384891095,0.707395170906762,0.0029480280241917568,1.0604178919804856,0.7393162393162394,CHOP,0.6862148044711852,NORMAL,False,True,True,3152.0449031759927,4847.955096824007,11182.171336824045,False,21.581135984019898,0.37947332240082304,SURVIVAL,False,False,False,RANGE,0.015384615384615385,0.30512820512820515,0.0,13,Mon,5,-0.35450163349249836,0,,False,42.21767753991035,72.0,5.257007557000328,45.41347204901826,F,True,158334.21624000004,156750.27407760007,160000.0,160000.0,True,CHOP_REGIME|LOW_ADX|LOW_ATR|LOW_LIQUIDITY,0.0007217671629445823,0.07217671629445822,13.109653581296259,NORMAL,0.0,0.0,0.0,0.0,0.0,0.0,0.0,0,0.0,0.0,0.0,0,-649.9451844799872,0.0,0.4885325880486512,0.0,-1.548570100674098,0.0,0.0
long,2026-01-05 07:40:00,2026-01-05 08:20:00,2471.1871746354127,2462.8932450560756,2462.8932450560756,2487.775033794087,188.9939775569322,5.529286386224694,-1568.1027407760207,-1567.5027407760208,SL,40,2026-01-05,2026-01,16.776922610620915,6.024253014257685,0.16368899917287014,0.9247311827956989,0.20336420801064367,1.7874102273575052,0.9553349875930521,0.06151834557324126,0.4263590715386841,0.6087951475048249,London/NY overlap,7.279907421925778,0.46708023159636064,0.7811014523643164,0.0026343867243812835,0.8707124487931406,0.30647918389853873,CHOP,0.7275745929004092,NORMAL,False,True,False,3152.0449031759927,4847.955096824007,11182.171336824045,False,21.581135984019898,0.37947332240082304,SURVIVAL,False,False,False,RANGE,0.015384615384615385,0.30512820512820515,0.0,40,Mon,7,-0.33575377732757594,1,,False,39.594898187688656,72.0,0.0,36.81645336906202,F,True,156750.27407760007,155182.17133682405,160000.0,160000.0,True,CHOP_REGIME|LOW_ADX|LOW_ATR|HIGH_SPREAD,0.0006929797353184451,0.0692979735318445,13.096899654418301,NORMAL,0.0,0.0,0.0,0.0,0.0,0.0,0.0,0,0.0,0.0,0.0,0,-802.9714438626594,0.0,0.3918290473856863,0.0,-2.055195448333425,0.0,0.0
long,2026-01-06 04:13:00,2026-01-06 04:23:00,2485.120196431386,2471.171265857735,2471.171265857735,2513.0180575786885,111.25022847984864,9.29928704910079,-1552.4217133682275,-1551.8217133682276,SL,10,2026-01-06,2026-01,54.64521902711219,9.17223575816158,0.8113316790736146,0.4268817204301075,0.08766728506780694,0.82309330983158,0.39421009098428456,0.00019435640754857962,0.05859667256303901,0.0916735594154949,Asia,3.671260199965437,0.09098428453267163,0.7767576288859258,0.0051666764495704376,1.1805831354931149,0.915550041356493,RANGE,0.45,NORMAL,False,False,False,1574.5846883996273,6425.415311600373,9607.586648424418,False,16.300307728591918,0.34932428240373975,SURVIVAL,True,False,False,RANGE,0.04358974358974359,0.24871794871794872,0.010256410256410256,10,Tue,4,-0.5615150462758279,2,,False,35.04583677970775,33.0,30.763706580060624,41.90453922411908,F,False,155182.17133682405,153629.7496234558,160000.0,159818.68747663236,False,CONSECUTIVE_LOSSES,0.0011141165579254143,0.11141165579254142,12.394572162238486,NORMAL,8.354649792984722,3.979007829775928,1.7939767561714393,1.2174339511141798,0.0,1.3642312559231753,-181.3125233676331,1,-181.3125233676331,-181.3125233676331,-181.3125233676331,1,-910.0357680777406,-181.3125233676331,0.32762516584468104,0.0,-2.483427366286524,-1.8257418583505536,-18.13125233676331
long,2026-01-06 08:11:00,2026-01-06 08:37:00,2492.390684560795,2515.7460579684357,2480.7129978569747,2515.7460579684357,131.55837583242942,7.7851244692135495,3071.9949924691437,3072.5949924691436,TP,26,2026-01-06,2026-01,22.56322036847198,7.3755509251256655,0.4755445271574304,0.06272401433691756,0.03668497988701528,0.5598519208032435,0.09153570443893025,0.05833101181545036,0.5763994538039097,0.7715743038323684,New York,5.488314767422361,0.25715467328370556,0.6942730364228327,0.003705247227010098,1.0680536090061494,0.7551971326164875,RANGE,0.45,EXPANDING,False,False,True,1574.5846883996273,6425.415311600373,9607.586648424418,False,16.300307728591918,0.34932428240373975,SURVIVAL,True,False,False,RANGE,0.04358974358974359,0.24871794871794872,0.010256410256410256,26,Tue,8,0.9368841265235699,3,,False,40.92700578990902,45.0,25.407519326765495,41.972118168783695,F,True,153629.7496234558,156701.74461592495,159818.68747663236,159818.68747663236,True,LOW_LIQUIDITY|CONSECUTIVE_LOSSES,0.0011882741229964147,0.11882741229964147,15.63274136651128,NORMAL,0.0,0.0,0.0,0.0,0.0,0.0,0.0,0,-181.3125233676331,-181.3125233676331,-181.3125233676331,1,-412.2819230093801,-181.3125233676331,0.6518717812042406,0.0,-0.9123350773716439,-1.6903085094570331,0.0
long,2026-01-07 06:13:00,2026-01-07 06:30:00,2546.603681663674,2539.4834677988442,2539.4834677988442,2560.844109393333,220.08010937699223,4.746809243219657,-1567.6174461592673,-1567.0174461592674,SL,17,2026-01-07,2026-01,24.923607304990288,4.87586388649336,0.021505376344086023,0.6865177832919769,0.13133480583264248,1.1461665979668494,0.7000827129859388,0.006113351259180495,0.09580981672567698,0.14935208161014613,London,9.978073897072154,0.7417149159084643,0.7765367179641172,0.0022023180480651742,0.86844240152851,0.3015164047422112,RANGE,0.45,COMPRESSED,False,False,False,3135.234892318549,4864.765107681451,9566.509723606403,True,38.07333894472628,0.5062954917839972,SURVIVAL,False,False,False,RANGE,0.05641025641025641,0.15897435897435896,0.007692307692307693,17,Wed,6,-0.279703520265608,0,,False,31.006685966363385,44.0,14.097019593093307,32.09568239982063,F,False,156701.74461592495,155134.12716976568,159818.68747663236,159639.86654814065,False,LOW_ATR|DRAWDOWN_CLUSTER,0.0011025000000000002,0.11025000000000001,24.263832058813396,RECOVERY,5.991105052658251,1.774607137252621,2.796812205603534,0.9464571398680647,0.0,0.47322856993403234,-178.8209284917175,1,-178.8209284917175,-360.1334518593506,-360.1334518593506,2,-540.6525366927009,-180.0667259296753,0.5593253750267643,0.0,-1.246548216867426,-2.390383665170162,-10.518878146571618
long,2026-01-07 06:21:00,2026-01-07 06:30:00,2547.7938468417888,2540.6319434884267,2540.6319434884267,2562.117653548513,218.7990215511152,4.774602235574646,-1567.6174461592673,-1567.0174461592674,SL,9,2026-01-07,2026-01,21.540794875996735,4.986852325313904,0.028122415219189414,0.8194651226909292,0.16211901838931841,1.1265674652912376,0.6858009374138406,0.09608586721178822,0.7269891428497416,0.8861317893575958,London/NY overlap,9.755999776559202,0.7237110559691204,0.8100649346788789,0.001795186270821254,0.7162979099219341,0.06765922249793217,CHOP,0.6895126851243494,NORMAL,False,False,False,3135.234892318549,4864.765107681451,9566.509723606403,True,38.07333894472628,0.5062954917839972,SURVIVAL,False,False,False,RANGE,0.05641025641025641,0.15897435897435896,0.007692307692307693,9,Wed,6,-0.281209784883247,1,,False,46.67602361019857,58.0,3.768744715531957,41.333539993492245,F,True,155134.12716976568,153566.5097236064,159639.86654814065,159639.86654814065,True,LOSS_PAUSE_ACTIVE|CHOP_REGIME|LOW_ATR|HIGH_SPREAD|DRAWDOWN_CLUSTER,0.0005512500000000001,0.05512500000000001,12.061296063005226,RECOVERY,0.0,0.0,0.0,0.0,0.0,0.0,0.0,0,-178.8209284917175,-360.1334518593506,-360.1334518593506,2,-643.3490276393575,-180.0667259296753,0.48978979110362014,0.0,-1.542100913065901,-2.2360010856105523,0.0
long,2026-01-08 05:23:00,2026-01-08 05:59:00,2626.9296938885595,2647.6117242754294,2616.5886786951246,2647.6117242754294,148.5023538318539,6.894010128956679,3070.7301944721057,3071.3301944721056,TP,36,2026-01-08,2026-01,26.739773959333156,7.063172097197826,0.40325337744692585,0.7201819685690654,0.13790683034150725,1.3195370903255934,0.8101461262751586,0.06190907527350149,0.49501229640925154,0.6890543148607665,London,5.2660214552217175,0.22969396195202646,0.77357348165082,0.002762715667654336,0.8474258729102507,0.25853322304935206,RANGE,0.45,NORMAL,False,False,False,191.46995418323786,7808.530045816762,9375.039769423165,False,12.364161460899403,0.3221467636713599,SURVIVAL,True,False,False,RANGE,0.02564102564102564,0.358974358974359,0.0,36,Thu,5,0.7871543001313754,2,,False,41.12744692583402,33.0,26.18473215025518,36.109242765088375,F,False,153566.5097236064,156637.2399180785,159639.86654814065,160027.20357741864,False,CONSECUTIVE_LOSSES,0.0012841151885629812,0.12841151885629812,19.06941280928376,NORMAL,6.980098992073244,2.020358166967198,3.343454291532287,1.077524355715839,0.0,0.5387621778579195,387.33702927798555,1,387.33702927798555,27.20357741863495,27.20357741863495,0,-305.7054619928609,9.067859139544984,0.733315129089254,1.0755374911110986,-0.658954254993434,0.07914318643797018,10.759361924388488
long,2026-01-09 04:58:00,2026-01-09 06:28:00,2682.148016156434,2698.3963043854837,2670.05576328516,2706.3325218989817,129.5352004176024,8.06150191418256,2104.1252721929163,2104.7252721929162,Timeout,90,2026-01-09,2026-01,26.13117272799784,8.884001822367521,0.773311276537083,0.9507582023711056,0.22137477596153557,1.7720907478973327,0.9527708850289496,0.16671984993105338,1.1313883886134881,0.9953129307968017,London,7.0766978358890915,0.4441411634960022,0.799416541915677,0.003745455153899046,0.9686635787727741,0.535483870967742,EXPANSION,0.7536096911341151,NORMAL,True,False,False,121.31335146981291,7878.686648530187,12515.926566608687,False,7.619352404664282,0.2722797044805394,NORMAL,True,False,False,RANGE,0.04871794871794872,0.31025641025641026,0.0,90,Fri,4,0.6056211732393352,0,,False,77.19523993552565,12.0,68.74698943134374,47.9079414442386,B,False,156637.2399180785,158741.3651902714,160027.20357741864,161104.91110291387,False,HIGH_SPREAD,0.005465159562914538,0.5465159562914538,70.7930539296311,NORMAL,72.23050979430357,22.01239670426317,25.06108828516819,5.03140496097444,12.578512402436097,7.547107441461659,1077.7075254952235,1,1077.7075254952235,1104.9111029138585,1104.9111029138585,0,-104.8862341440461,276.2277757284646,0.9001835237783492,4.068060179384222,-0.22388722624261448,1.2634700104231382,11.97452806105804
long,2026-01-12 06:31:00,2026-01-12 06:34:00,2730.622641699975,2722.629719850071,2722.629719850071,2746.6084853997822,198.6024237084014,5.328614566602466,-1588.0136519027187,-1587.4136519027188,SL,3,2026-01-12,2026-01,29.140618218189505,5.396915808611329,0.06481940998070031,0.6622828784119107,0.1266606783034986,1.0460844884577627,0.6182244279018473,0.06388097830863203,0.6112015261455429,0.8028673835125448,London/NY overlap,13.384255688565432,0.9267714364488558,0.735981348822616,0.0022843050186164633,0.9558631768258231,0.5030328094844224,RANGE,0.45,NORMAL,False,False,False,3160.147167286399,4839.852832713601,11581.218022985006,False,21.43956387749105,0.3764587698030105,SURVIVAL,False,False,False,RANGE,0.0641025641025641,0.2282051282051282,0.0,3,Mon,6,-0.2928248978442689,0,,False,44.56169010201268,30.0,31.563123640558338,39.1507856201558,F,False,158741.3651902714,157153.35153836868,161104.91110291387,160795.73953911263,False,LOW_ATR,0.0018835958201978353,0.18835958201978353,37.40866951783043,NORMAL,10.053976087147536,3.028371598498437,4.602907209850348,1.6151315191991664,0.0,0.8075657595995832,-309.1715638012537,1,-309.1715638012537,-309.1715638012537,795.7395391126048,1,-218.9729585870209,159.14790782252095,0.901082953029896,2.1889041923990504,-0.4773852684365194,0.8273307609642248,-103.05718793375122
long,2026-01-12 07:37:00,2026-01-12 07:47:00,2731.8752313595264,2721.8928991163707,2721.8928991163707,2751.839895845838,157.4314976804324,6.6548881621038625,-1572.1335153836758,-1571.5335153836759,SL,10,2026-01-12,2026-01,29.754987584122794,6.48148434789311,0.2621174524400331,0.3922801213123794,0.08253613392385582,0.8910746015450397,0.4679625034463744,0.10536440340602095,0.35503785834047064,0.5194099807003033,London/NY overlap,12.261167619915952,0.8856355114419631,0.700156681372654,0.002918776893253507,0.9513830462456065,0.4922249793217535,RANGE,0.45,NORMAL,False,False,False,3160.147167286399,4839.852832713601,11581.218022985006,False,21.43956387749105,0.3764587698030105,SURVIVAL,False,False,False,RANGE,0.0641025641025641,0.2282051282051282,0.0,10,Mon,7,-0.36554170959019916,1,,False,44.292597187758474,30.0,33.26466216586144,40.906142728309746,F,False,157153.35153836868,155581.218022985,160795.73953911263,160508.47966319748,False,LOW_ATR,0.0017788713407070676,0.17788713407070675,28.005037934831233,NORMAL,7.597550487036945,2.7227132255514213,2.696666681044387,1.4521137202940915,0.0,0.7260568601470457,-287.2598759151444,1,-596.431439716398,-596.431439716398,508.4796631974604,2,-315.62728407249625,84.74661053291007,0.9019751602227949,1.531568394026925,-0.703232565652923,0.4903801968433479,-28.72598759151444
long,2026-01-13 06:05:00,2026-01-13 06:32:00,2759.4713928436763,2777.282396445281,2750.5658910428742,2777.282396445281,174.70235984789628,5.93700120053486,3111.024360459708,3111.624360459708,TP,27,2026-01-13,2026-01,20.909582347447586,6.331019293395064,0.2280948442238765,0.8893575958092087,0.1868046566398711,1.416486752566059,0.8562999724290047,0.10639664392740202,0.8805595527146806,0.9549765646539841,London,7.263631865139819,0.46520540391508136,0.7562676792104727,0.0028734503561791015,0.984948827534678,0.576509511993383,CHOP,0.6705849677774967,NORMAL,False,False,False,0.0,8000.0,11581.218022985006,False,7.255678666833717,0.27433479628627777,SURVIVAL,True,False,False,RANGE,0.04358974358974359,0.1794871794871795,0.0,27,Tue,6,0.6453253777192819,2,,False,46.37115389355796,59.0,3.342489710379086,41.518258931667496,F,True,155581.218022985,158692.2423834447,160508.47966319748,160508.47966319748,True,CHOP_REGIME|LOW_ATR|HIGH_SPREAD|CONSECUTIVE_LOSSES,0.0006681834849738076,0.06681834849738076,11.673323163631553,NORMAL,0.0,0.0,0.0,0.0,0.0,0.0,0.0,0,0.0,-596.431439716398,508.4796631974604,2,-87.18384110368264,84.74661053291007,1.314734364569165,1.531568394026925,-0.18398641583235087,0.4735625186489653,0.0
long,2026-01-14 03:08:00,2026-01-14 03:20:00,2789.5356653328063,2808.90700906585,2779.849993466284,2808.90700906585,163.8422657409602,6.457114577681365,3173.24484766886,3173.84484766886,TP,12,2026-01-14,2026-01,20.227581273014234,7.002519314843214,0.3879239040529363,0.9584229390681004,0.22708047849841792,1.6199707656053894,0.9222773642128481,0.08323699574774004,0.40368663863812165,0.57968017645437,Asia,2.2943389594976433,0.022056796250344637,0.7696521682984238,0.00277166492754582,0.7656761898614792,0.12070581748001102,CHOP,0.6857439634293743,NORMAL,False,False,True,0.0,8000.0,14692.24238344471,False,7.404348920636438,0.2598501003113588,NORMAL,True,False,False,RANGE,0.05641025641025641,0.17692307692307693,0.007692307692307693,12,Wed,3,0.6942976895762606,0,,False,22.71130419916601,54.0,0.0,37.05728572361707,F,True,158692.2423834447,161865.48723111357,160508.47966319748,160508.47966319748,True,CHOP_REGIME|HIGH_SPREAD|LOW_LIQUIDITY,0.0006066492969396196,0.06066492969396196,9.939479532074781,NORMAL,0.0,0.0,0.0,0.0,0.0,0.0,0.0,0,0.0,-596.431439716398,508.4796631974604,2,116.59295194460128,84.74661053291007,1.3210290518605423,1.531568394026925,0.23717885375773748,0.4583643503812806,0.0
long,2026-01-15 04:49:00,2026-01-15 06:07:00,2902.278344247484,2931.6852745236456,2887.574879109403,2931.6852745236456,110.08662632313418,9.802310092053892,3236.7097446222856,3237.3097446222855,TP,78,2026-01-15,2026-01,17.565183857362236,9.214180041769248,0.8167907361455748,0.007030603804797354,0.024214943987216454,0.47042518663701066,0.024620898814447203,0.06708952851696194,0.5782474618773983,0.7731182795698924,London,5.328065225129227,0.23686242073338848,0.6741136563235298,0.003791672967802355,1.0092980089291999,0.6323683484973808,CHOP,0.6709903539202698,NORMAL,False,True,True,118.38423969771247,7881.6157603022875,17747.102991415857,False,13.456454738159223,0.28815095915766714,RECOVERY,True,True,False,RANGE,0.06153846153846154,0.19743589743589743,0.0,78,Thu,4,1.0130482515959596,0,,False,45.38660882410595,50.0,19.518209137784822,46.94088737296364,F,True,161865.48723111357,165102.19697573586,160508.47966319748,160508.47966319748,True,CHOP_REGIME|LOW_ADX|LOW_LIQUIDITY,0.00044153556658395375,0.044153556658395376,4.860716092690105,NORMAL,0.0,0.0,0.0,0.0,0.0,0.0,0.0,0,0.0,-596.431439716398,508.4796631974604,2,300.12923386681797,84.74661053291007,1.8870014677758646,1.531568394026925,0.5950603279972543,0.44454140923471425,0.0
long,2026-01-15 05:49:00,2026-01-15 06:30:00,2921.46947426822,2941.6232238753287,2911.3925994646656,2941.6232238753287,160.63064232376854,6.717916535702906,3236.7097446222674,3237.3097446222673,TP,41,2026-01-15,2026-01,29.607446836039014,6.872928582251436,0.3558588365039978,0.5959470636889992,0.11444748304148218,0.8911121634441672,0.46807278742762615,0.1613684004872155,0.8957661874550767,0.95936035290874,London,7.692148889852797,0.5141990625861593,0.7833631230515633,0.002839073466683611,1.0222252546385848,0.6594154948993659,EXPANSION,0.7267883324712495,NORMAL,True,False,False,118.38423969771247,7881.6157603022875,17747.102991415857,False,13.456454738159223,0.28815095915766714,RECOVERY,True,True,False,RANGE,0.06153846153846154,0.19743589743589743,0.0,41,Thu,5,0.6897218850731228,0,,False,83.17009077146355,0.0,79.37679908861128,50.74278093431856,B,False,165102.19697573586,168338.90672035812,160508.47966319748,163003.75784127155,False,,0.007892177936311003,0.7892177936311002,126.77256112431104,NORMAL,59.190745201000006,13.06948138194742,17.949230985856733,7.260862622079982,17.425975175929892,3.4851950351859786,2495.278178074068,1,2495.278178074068,1898.84673835767,3003.7578412715284,0,463.27259557545403,429.10826303878974,2.6764862838243055,4.140150624097691,0.9035658554202431,1.1735184258238278,60.860443367660196
short,2026-01-19 06:36:00,2026-01-19 06:48:00,2915.3988163395084,2890.554877872663,2927.820785572931,2890.554877872663,135.51708554181874,8.281312822281784,3366.1781344071733,3366.778134407173,TP,12,2026-01-19,2026-01,20.914900106040125,7.852197435636784,0.5802040253653157,0.10614833195478357,0.042891623308990955,0.5246167218286429,0.058946787979046046,0.09789780603865787,0.37726419808146283,0.546594982078853,London/NY overlap,10.06216197037745,0.748580093741384,0.7160346688960755,0.0032072282545680055,0.8070356691044658,0.18365039977943204,RANGE,0.45,COMPRESSED,False,False,True,23.309704205748858,7976.690295794251,24315.597016152373,False,7.71681947193759,0.21398311511718882,NORMAL,True,False,False,RANGE,0.07692307692307693,0.14102564102564102,0.002564102564102564,12,Mon,6,0.8520107383464542,0,,False,35.55893300248139,30.0,29.911121675908657,39.29933507541238,F,False,168338.90672035812,171705.0848547653,163003.75784127155,163433.13055797163,False,LOW_LIQUIDITY,0.0013005146942986672,0.13005146942986673,17.624196107566476,NORMAL,8.403696042271633,2.075830012214899,1.8994286706649501,1.1071093398479461,2.7677733496198655,0.5535546699239731,429.3727167000687,1,429.3727167000687,429.3727167000687,3433.130557971597,0,616.0570976192288,429.14131974644965,3.8712054423657754,5.662279316467612,1.1854910482932215,1.299679367007063,35.781059725005726
short,2026-01-20 07:56:00,2026-01-20 08:08:00,2850.01418226901,2860.134342863732,2860.134342863732,2829.7738610795654,169.66636373765874,6.746773729814781,-1717.6508485476515,-1717.0508485476516,SL,12,2026-01-20,2026-01,23.193452543152297,6.391095351833628,0.24097049903501516,0.07772263578715191,0.03886825915497469,0.6412489967215774,0.1851392335263303,0.0819535317859402,0.6362998775884523,0.8233250620347394,New York,14.03512684126311,0.9438930245381858,0.7045347118337594,0.002605546571519764,0.7356228153993888,0.08607664736696995,RANGE,0.45,COMPRESSED,False,False,True,5101.594785271445,2898.4052147285547,22603.490069493855,False,32.29709409162635,0.39952162711224043,NORMAL,False,False,False,RANGE,0.07948717948717948,0.2641025641025641,0.002564102564102564,12,Tue,7,-0.35521566909369723,0,,False,41.66204852495175,42.0,27.893463070665323,42.661053365674974,F,False,171705.0848547653,169987.43400621763,163433.13055797163,163164.00136659003,False,LOW_ATR|LOW_LIQUIDITY,0.0015101779527168233,0.15101779527168233,25.622640183424533,NORMAL,9.73334718738513,2.456351048669851,2.036780568219597,1.3100538926239207,3.2751347315598016,0.6550269463119603,-269.12919138158577,1,-269.12919138158577,160.2435253184829,3164.0013665900115,1,499.3717003108848,351.55570739889015,2.6580100871388757,4.2031529657339926,0.9619628745662725,1.1524830394173002,-22.427432615132147
short,2026-01-20 08:09:00,2026-01-20 08:28:00,2850.041045304363,2860.7823415032253,2860.7823415032253,2828.558452906638,158.25597847699373,7.160864132574908,-1700.4743400622028,-1699.874340062203,SL,19,2026-01-20,2026-01,30.586127843023764,7.065457272378271,0.40372208436724566,0.5938516680452164,0.11415548600080683,1.0393496717476762,0.611965811965812,0.05066775408627752,0.30928570961615526,0.45925006892748826,New York,12.695545448737617,0.9037496553625586,0.7130323467487171,0.002921370158497245,0.9638400064894933,0.5227185001378549,RANGE,0.45,NORMAL,False,False,False,5101.594785271445,2898.4052147285547,22603.490069493855,False,32.29709409162635,0.39952162711224043,NORMAL,False,False,False,RANGE,0.07948717948717948,0.2641025641025641,0.002564102564102564,19,Tue,8,-0.37701518518579913,1,,False,39.057968017645436,18.0,36.33546835486988,38.42387475134079,D,False,169987.43400621763,168286.95966615542,163164.00136659003,162851.6117282876,False,,0.0017813782149646278,0.1781378214964628,28.191375244682767,NORMAL,9.470843853123034,2.987774358613329,4.092850007619042,1.593479657927109,0.0,0.7967398289635546,-312.3896383024391,1,-581.5188296840249,-152.1461129839562,2851.6117282875725,2,394.6171269597854,285.16117282875723,2.6146587808088007,3.7265541369430664,0.9504540464283232,1.025743197763243,-16.44155991065469
short,2026-01-20 09:12:00,2026-01-20 09:27:00,2848.040641139117,2862.094320494874,2862.094320494874,2819.9332824276025,119.74583694854076,9.369119570504685,-1683.4695966615677,-1682.8695966615678,SL,15,2026-01-20,2026-01,34.62231528402822,9.163782335964573,0.8104494072236008,0.3089605734767025,0.07062592939159716,0.8122825769303915,0.383264405845051,0.02952185968410791,0.40836333511061124,0.5861869313482216,New York,10.28134346243151,0.7663909567135374,0.7243992771839372,0.0034100607155948103,0.7066234426243033,0.05916735594154949,RANGE,0.45,NORMAL,False,False,False,5101.594785271445,2898.4052147285547,22603.490069493855,False,32.29709409162635,0.39952162711224043,NORMAL,False,False,False,RANGE,0.07948717948717948,0.2641025641025641,0.002564102564102564,15,Tue,9,-0.4936267328944809,2,,False,47.29452715743038,23.0,40.570603527854175,43.7616980963681,D,False,168286.95966615542,166603.49006949386,162851.6117282876,162593.14867653413,False,LOSS_PAUSE_ACTIVE|CONSECUTIVE_LOSSES,0.001470401139495045,0.1470401139495045,17.60744150989222,NORMAL,10.925490429831026,5.6472766521457896,2.0511985478876418,1.2908060919190376,0.0,1.9362091378785564,-258.4630517534743,1,-839.9818814374992,-410.6091647374305,2593.1486765340983,3,300.1586395224511,235.74078877582707,2.5779941349840008,3.056011375626218,0.9391271762675727,0.9246036022648847,-17.230870116898288
short,2026-01-21 04:22:00,2026-01-21 05:19:00,2850.260227408509,2867.0792603727436,2867.0792603727436,2816.6221614800397,99.0565215156981,11.212688642823055,-1666.6349006949592,-1666.0349006949593,SL,57,2026-01-21,2026-01,25.074738605329465,10.60206598542907,0.9351530190239867,0.01632202922525503,0.02746333437327215,0.4959140222083467,0.038461538461538464,0.09648476084840432,0.4109738747834489,0.5897711607389027,London,5.194507171306286,0.22117452440033086,0.707128646488756,0.004902300799572654,0.9741712728702839,0.5498759305210918,RANGE,0.45,NORMAL,False,False,True,1666.6349006949458,6333.365099305054,20936.85516879891,False,19.076521813210586,0.3126666812111217,RECOVERY,True,False,False,RANGE,0.08717948717948718,0.12051282051282051,0.0,57,Wed,4,-0.5903001399777256,3,,False,38.218982630272954,45.0,25.502598838818116,42.60880231276353,F,True,166603.49006949386,164936.8551687989,162593.14867653413,162593.14867653413,True,LOW_LIQUIDITY|CONSECUTIVE_LOSSES,0.0008243399418588833,0.08243399418588833,8.165624718699378,NORMAL,0.0,0.0,0.0,0.0,0.0,0.0,0.0,0,0.0,-410.6091647374305,2593.1486765340983,3,214.64587690430287,235.74078877582707,1.8359488538150404,2.7863556828157177,0.9297737808886093,0.9246036022648849,0.0
short,2026-01-21 06:03:00,2026-01-21 06:35:00,2849.2291595933457,2824.333699861126,2861.676889459455,2824.333699861126,132.50356245106016,8.298486577406445,3298.1371033759974,3298.7371033759973,TP,32,2026-01-21,2026-01,21.27065907086291,7.911850050789703,0.5934656741108354,0.1483319547835677,0.04864887189184542,0.6027520886414026,0.14039150813344362,0.06487324868014553,0.7987773601521161,0.9234353460159912,London,6.960762329725499,0.4307692307692308,0.675329206561411,0.00318664946666811,0.9689323481794507,0.5361455748552523,RANGE,0.45,NORMAL,False,False,True,1666.6349006949458,6333.365099305054,20936.85516879891,False,19.076521813210586,0.3126666812111217,RECOVERY,True,False,False,RANGE,0.08717948717948718,0.12051282051282051,0.0,32,Wed,6,0.8736023028639718,4,,False,42.25206782464847,45.0,26.076511053153318,42.37609748822363,F,True,164936.8551687989,168234.99227217492,162593.14867653413,162593.14867653413,True,LOW_LIQUIDITY|CONSECUTIVE_LOSSES,0.0011229199498037446,0.11229199498037445,14.87908936963618,NORMAL,0.0,0.0,0.0,0.0,0.0,0.0,0.0,0,0.0,-410.6091647374305,2593.1486765340983,3,343.12467800729013,235.74078877582707,1.956211395097596,2.036078927773178,0.943822807115591,0.9246036022648847,0.0
short,2026-01-22 05:50:00,2026-01-22 06:04:00,2835.125849188953,2846.526947852542,2846.526947852542,2812.3236518617755,147.5603336452645,7.600732442392562,-1682.9499227217693,-1682.3499227217694,SL,14,2026-01-22,2026-01,19.638223733395606,7.882720525074104,0.5870692031982354,0.7487730907085746,0.14426335663569773,1.4028358131969476,0.8506479183898539,0.019490762863981416,0.12811848268163922,0.19765646539840087,London,8.838150374419472,0.6342156051833471,0.7196790719349098,0.0034180983190555637,0.9631429155193286,0.5209263854425145,CHOP,0.6755242687503552,NORMAL,False,True,False,1783.2104925561289,6216.789507443871,22451.78177961879,False,18.674812581489086,0.3021997416886275,NORMAL,True,False,False,RANGE,0.1076923076923077,0.24871794871794872,0.005128205128205128,14,Thu,5,-0.40228072416058264,0,,False,34.110531525051854,30.0,17.829493949376143,36.50738764436577,F,True,168234.99227217492,166552.04234945314,162593.14867653413,162500.69075207086,False,CHOP_REGIME,0.0005299783567686793,0.05299783567686793,7.820378314955534,NORMAL,3.26522100647059,0.9246878498571665,1.6007828767276908,0.4931668532571555,0.0,0.24658342662857774,-92.45792446327651,1,-92.45792446327651,-503.067089200707,2500.690752070822,4,262.08169397812776,208.3908960059018,1.9376830489823496,2.397845091194778,0.9326023698756895,0.8898235116794544,-6.604137461662608
short,2026-01-22 07:33:00,2026-01-22 08:22:00,2818.557934068475,2793.0731128250977,2831.3003446901635,2793.0731128250977,130.7068554720481,8.49494041445901,3330.4408469890786,3331.0408469890785,TP,49,2026-01-22,2026-01,32.61554592426196,8.090166372515563,0.631072511717673,0.1954232147780535,0.05495849536639514,0.7051309744718086,0.26280672732285637,0.12436033016180109,0.7329874308093738,0.8893851668045216,London/NY overlap,10.222703373895865,0.7613178935759581,0.6917817230412551,0.0034037018198072363,0.7979624541885308,0.16895505927763993,RANGE,0.45,NORMAL,False,False,False,1783.2104925561289,6216.789507443871,22451.78177961879,False,18.674812581489086,0.3021997416886275,NORMAL,True,False,False,RANGE,0.1076923076923077,0.24871794871794872,0.005128205128205128,49,Thu,7,0.904016572110255,1,,False,55.62923904052936,8.0,54.091679599327584,47.36583179122171,C,False,166552.04234945314,169882.48319644222,162500.69075207086,163246.32810146865,False,LOSS_PAUSE_ACTIVE,0.002265390817599851,0.2265390817599851,29.61021101837286,NORMAL,8.83766193506635,3.5932730019589485,2.3697705315402433,1.9164122677114392,0.0,0.9582061338557196,745.6373493977866,1,653.17942493451,242.57026019707956,3246.3281014686086,0,380.095507555472,249.71754626681602,2.69222118516508,3.9362200336634836,1.3823116831051936,1.1309376324598,15.217088763220135
short,2026-01-23 03:38:00,2026-01-23 03:42:00,2766.6309336838276,2780.28100339217,2780.28100339217,2739.330794267142,124.45539607216283,9.100046472228463,-1699.4248319643943,-1698.8248319643944,SL,4,2026-01-23,2026-01,19.87810119391599,9.046211332846376,0.7964709125999448,0.4121312379376896,0.08560160346428614,0.8350380400176692,0.40730631375792664,0.053309546323469334,0.2021628753142076,0.3105596912048525,Asia,3.3426102225009817,0.07060931899641577,0.6986407042979281,0.003907915451862263,0.9399236796759327,0.46415770609318996,CHOP,0.6602763503625608,NORMAL,False,True,False,2054.5602691014064,5945.439730898594,23827.922927340813,False,17.224204982269498,0.2848746612356363,NORMAL,True,False,False,RANGE,0.07692307692307693,0.25384615384615383,0.002564102564102564,4,Fri,3,-0.49355664127067833,0,,False,42.87271432078167,30.0,23.630207711917556,40.55566484776122,F,True,169882.48319644222,168183.05836447782,163246.32810146865,163166.40093977566,False,CHOP_REGIME,0.00044935869864902125,0.044935869864902125,5.59251148188356,NORMAL,3.5620285986456315,1.770686426127099,0.7795213575887618,0.4047283259719083,0.0,0.6070924889578625,-79.92716169298082,1,-79.92716169298082,162.64309850409876,3166.4009397756276,1,303.0762357214029,226.1714956982591,1.9350000816722777,3.6254523919282398,1.3643146444390863,1.1705210705845854,-19.981790423245204
short,2026-01-23 08:01:00,2026-01-23 08:55:00,2769.1394719870327,2745.9465895716576,2780.73591319472,2745.9465895716576,145.02988921548285,7.730960805125,3363.061167289579,3363.6611672895788,TP,54,2026-01-23,2026-01,25.017643858831946,7.332861822470495,0.4655362558588365,0.0456575682382134,0.03386236363372007,0.5257182385837672,0.05988420181968569,0.03416349130968085,0.17499872053511187,0.2692031982354563,New York,5.325323122107103,0.23650399779432038,0.6985245431630496,0.003137362096339363,0.886058497960693,0.3387372484146678,RANGE,0.45,NORMAL,False,False,True,2054.5602691014064,5945.439730898594,23827.922927340813,False,17.224204982269498,0.2848746612356363,NORMAL,True,False,False,RANGE,0.07692307692307693,0.25384615384615383,0.002564102564102564,54,Fri,8,0.8373989671415014,1,,False,31.22091259994486,30.0,29.87989992422826,40.13571740423929,F,False,168183.05836447782,171546.1195317674,163166.40093977566,163630.876598976,False,LOW_LIQUIDITY,0.0014068396979015681,0.14068396979015682,20.40338055306078,NORMAL,8.653136461079956,2.2442275546031447,1.6212234566567694,1.1969213624550108,2.9923034061375264,0.5984606812275054,464.4756592003367,1,384.5484975073559,627.1187577044354,3630.8765989759645,0,412.36141184883775,242.05843993173093,1.953700083305729,4.084254065697116,1.3828470023727388,1.328912524584122,8.601401096302531
short,2026-01-26 05:04:00,2026-01-26 05:31:00,2744.983662969885,2756.8230297232813,2756.8230297232813,2721.304929463092,144.89467477857673,7.892911168930974,-1716.061195317674,-1715.461195317674,SL,27,2026-01-26,2026-01,18.44827987986246,8.188064843583117,0.6492969396195203,0.7549489936586711,0.14564604435410936,1.3603561464647522,0.8301350978770333,0.06684419803917765,0.6416744758337088,0.8273228563551144,London,8.848954806883706,0.6352633030052385,0.7650603777757518,0.0034748172461608025,0.9685173104763457,0.5351530190239868,CHOP,0.703109951396546,NORMAL,False,True,False,3751.199245369644,4248.800754630356,23794.92028639777,False,23.889449821030947,0.33302943727943396,NORMAL,False,False,False,RANGE,0.06923076923076923,0.1282051282051282,0.005128205128205128,27,Mon,5,-0.4314600429904113,0,,False,46.99412652487706,32.0,23.230060126505442,40.43123482153003,F,True,171546.1195317674,169830.05833644973,163630.876598976,163540.84553290988,False,CHOP_REGIME|HIGH_SPREAD,0.0005060206782464846,0.05060206782464846,7.331970160575921,NORMAL,3.194821069395727,0.9005197065901823,1.573885597533399,0.48027717684809723,0.0,0.24013858842404862,-90.03106606610798,1,-90.03106606610798,-90.03106606610798,3540.8455329098565,1,338.967528843096,221.302845806866,1.3984153178111625,3.750699635815938,1.3648398056592328,1.3646915042121592,-3.33448392837437
short,2026-01-26 05:53:00,2026-01-26 06:32:00,2745.0434824595686,2759.0686399192377,2759.0686399192377,2716.9931675402304,121.08959120410219,9.350104973112742,-1698.9005833644976,-1698.3005833644977,SL,39,2026-01-26,2026-01,25.38960686825408,8.906552930163514,0.776895505927764,0.17965260545905706,0.052735215494010834,0.5663137430159042,0.09840088227185001,0.12052164303468287,0.69209418531606,0.8631375792666115,London,8.509690888771482,0.6008547008547008,0.7264604882286739,0.004591803842545163,1.1336976352118286,0.8615384615384616,RANGE,0.45,NORMAL,False,False,True,3751.199245369644,4248.800754630356,23794.92028639777,False,23.889449821030947,0.33302943727943396,NORMAL,False,False,False,RANGE,0.06923076923076923,0.1282051282051282,0.005128205128205128,39,Mon,5,-0.511107112080448,1,,False,40.41969947615109,30.0,34.81223110511051,43.2282912098803,F,False,169830.05833644973,168131.15775308522,163540.84553290988,163307.11195270278,False,LOW_LIQUIDITY,0.0012984116200134778,0.12984116200134777,15.722413228208808,NORMAL,13.146354338298915,4.901137696243067,2.363086194991524,1.4010902676420927,2.800650112138895,1.680390067283337,-233.73358020711288,1,-323.7646462732209,-323.7646462732209,3307.1119527027436,2,271.0385917695095,194.53599721780841,0.9846855660933056,1.2270390942650173,1.3490397368238032,1.271836877807872,-5.993168723259305
short,2026-01-26 08:24:00,2026-01-26 08:43:00,2705.3281868475738,2682.746340415729,2716.619110063496,2682.746340415729,148.9082465072355,7.527282143948317,3362.0231550617045,3362.6231550617044,TP,19,2026-01-26,2026-01,28.418809127491066,7.145032295917764,0.4220292252550317,0.11279294182519989,0.043673671184922894,0.625813572984289,0.16708023159636062,0.10988405238988273,0.8203181871671912,0.9326164874551971,New York,15.154227433328133,0.9658671078025917,0.6958637069683348,0.0029447468052318294,0.8777982993234189,0.32089881444720153,RANGE,0.45,NORMAL,False,False,True,3751.199245369644,4248.800754630356,23794.92028639777,False,23.889449821030947,0.33302943727943396,NORMAL,False,False,False,RANGE,0.06923076923076923,0.1282051282051282,0.005128205128205128,19,Mon,8,0.834568508720421,2,,False,43.146470912599945,45.0,30.478649055008233,46.59935487248825,F,True,168131.15775308522,171493.18090814693,163307.11195270278,163307.11195270278,True,LOSS_PAUSE_ACTIVE|LOW_LIQUIDITY|CONSECUTIVE_LOSSES,0.0014767060927589185,0.14767060927589185,21.98937148792816,NORMAL,0.0,0.0,0.0,0.0,0.0,0.0,0.0,0,-323.7646462732209,-323.7646462732209,3307.1119527027436,2,370.74777123054804,194.53599721780841,0.9843792774151708,0.9056839880435609,1.367567919770768,1.1385653862357963,0.0
short,2026-01-27 03:26:00,2026-01-27 03:58:00,2695.5918938171717,2711.156152045148,2711.156152045148,2664.463377361219,110.18397304658738,10.376172151984216,-1715.5318090814442,-1714.9318090814443,SL,32,2026-01-27,2026-01,15.78122813274377,9.938061739792026,0.8889164598842019,0.11392335263303005,0.04386838456602316,0.6444675684793231,0.18866832092638544,0.08055134500556024,0.35719034994802495,0.5219740832644059,Asia,2.3498410277552306,0.02384891094568514,0.6608780793289583,0.004548793072800029,0.9927631143859947,0.5946787979046043,CHOP,0.6815277198700375,NORMAL,True,True,True,3413.9083000721002,4586.0916999279,24079.272608074825,False,24.607296541235204,0.33677617205651933,NORMAL,True,False,False,RANGE,0.1076923076923077,0.2641025641025641,0.0,32,Tue,3,-0.5775986974046082,0,,False,38.383930410678076,60.0,9.548280137140631,43.871494055005016,F,True,171493.18090814693,169777.6490990655,163307.11195270278,163307.11195270278,True,CHOP_REGIME|LOW_ADX|LOW_LIQUIDITY,0.0004137671629445823,0.04137671629445823,4.559050992944878,NORMAL,0.0,0.0,0.0,0.0,0.0,0.0,0.0,0,0.0,-323.7646462732209,3307.1119527027436,2,305.5515343457983,194.53599721780841,0.9845330685945736,1.134123956138151,1.0013710921187933,0.8077676837395019,0.0
short,2026-01-27 03:59:00,2026-01-27 04:12:00,2687.511626138538,2707.352687535294,2707.352687535294,2647.829503345026,85.56883409817166,13.22737426450402,-1698.376490990672,-1697.776490990672,SL,13,2026-01-27,2026-01,28.43086743614517,13.569074354465485,0.9937413840639647,0.7503722084367246,0.14460334066253627,1.5146596590226153,0.8925282602701957,0.13334266359884786,0.7750028166673877,0.91232423490488,Asia,5.165086402064201,0.2175627240143369,0.7090234565382593,0.00698053461840018,1.3423438786877013,0.9912599944858009,HIGH_RISK,0.7587565481113868,EXPANDING,True,False,False,3413.9083000721002,4586.0916999279,24079.272608074825,False,24.607296541235204,0.33677617205651933,NORMAL,True,False,False,RANGE,0.1076923076923077,0.2641025641025641,0.0,13,Tue,3,-0.7385297649489362,1,,False,49.620388751033914,34.0,25.420842363867898,49.19676461366112,F,False,169777.6490990655,168079.27260807483,163307.11195270278,163270.72734846937,False,HIGH_RISK_REGIME|HIGH_SPREAD,0.00019973519000181922,0.019973519000181923,1.7091107336832465,NORMAL,2.4620491211334405,0.8116867718877061,0.603630610902269,0.30461811833184854,0.4638210125072606,0.27829260750435636,-36.38460423339793,1,-36.38460423339793,-360.1492505066188,3270.7273484693455,3,244.82644266893553,181.7070749149636,0.9846853692051886,1.5298571478483398,0.9893886229771117,0.9176353480031842,-2.7988157102613793
short,2026-01-27 05:11:00,2026-01-27 06:41:00,2676.0408807595077,2663.2853721742486,2689.076392156711,2649.9698579651013,128.93953101382527,8.690340931468766,1644.0892948261333,1644.6892948261332,Timeout,90,2026-01-27,2026-01,12.622610309542544,8.393006419794906,0.6891645988420182,0.3706368899917287,0.07944395876966392,1.0161525697172464,0.5910669975186105,0.09508128825973201,0.7807189380091482,0.9149159084642956,London,8.350457265414601,0.5840363937138131,0.7617812838090553,0.003172866863024739,0.6347998522457288,0.02007168458781362,CHOP,0.7570673457926762,COMPRESSED,False,True,False,3413.9083000721002,4586.0916999279,24079.272608074825,False,24.607296541235204,0.33677617205651933,NORMAL,True,False,False,RANGE,0.1076923076923077,0.2641025641025641,0.0,90,Tue,5,0.4764820796603811,2,,False,57.241590556341485,53.0,17.565963598828617,44.26764548756032,F,True,168079.27260807483,169723.36190290097,163270.72734846937,163270.72734846937,True,LOSS_PAUSE_ACTIVE|CHOP_REGIME|LOW_ADX|CONSECUTIVE_LOSSES,0.000490671629445823,0.0490671629445823,6.326696978253388,NORMAL,0.0,0.0,0.0,0.0,0.0,0.0,0.0,0,-36.38460423339793,-360.1492505066188,3270.7273484693455,3,285.9812324382649,181.7070749149636,1.2626623524770164,2.272366165497028,1.3010613193112726,1.035428444697747,0.0
short,2026-01-27 07:51:00,2026-01-27 08:31:00,2660.960067390312,2630.384972969742,2676.2476146005965,2630.384972969742,111.02066248319943,10.19169814018989,3393.867238058024,3394.467238058024,TP,40,2026-01-27,2026-01,20.9065664299101,10.291439485929436,0.9156603253377447,0.6963606286186932,0.13332079848197317,1.295069206181447,0.7967190515577612,0.046237333096170466,0.17324610378345798,0.26663909567135374,London/NY overlap,7.419528798000816,0.48304383788254757,0.6620244694438092,0.004984139923609292,1.223318656347168,0.9482768127929418,HIGH_RISK,0.7113413289219741,EXPANDING,False,False,False,3413.9083000721002,4586.0916999279,24079.272608074825,False,24.607296541235204,0.33677617205651933,NORMAL,True,False,False,RANGE,0.1076923076923077,0.2641025641025641,0.0,40,Tue,7,1.1488218254686475,0,,False,37.07568927488282,32.0,14.670935733563027,39.855797878586465,F,False,169723.36190290097,173117.22914095898,163270.72734846937,163337.29558916172,False,HIGH_RISK_REGIME,0.00020173538737248417,0.020173538737248416,2.239679635239806,NORMAL,1.8980715036888907,0.8067334601878642,0.5531366523824801,0.2616070619112784,0.0,0.2765943292072677,66.56824069235294,1,30.183636458955014,-293.5810098142658,3337.2955891616984,0,374.7779754559723,175.6471362716683,1.8011142721179736,2.397368885715038,1.3190913999008143,1.0614393692682154,1.6642060173088236
short,2026-01-28 04:30:00,2026-01-28 04:43:00,2612.849068157634,2588.675996863439,2624.9356038047313,2588.675996863439,143.23147194169977,8.057690431398287,3461.744582819181,3462.3445828191807,TP,13,2026-01-28,2026-01,20.11105295885515,7.671409663346808,0.541439205955335,0.046236559139784944,0.03394864659284645,0.541455265532492,0.0734215605183347,0.10059534379216395,0.45256159746826014,0.6394265232974911,London,7.069560857966913,0.44334160463192723,0.717674950592385,0.0035635241124269256,0.8487633818350757,0.2611248966087676,CHOP,0.6617836637988053,COMPRESSED,False,False,True,62.84436262556119,7937.155637374439,29054.38477833342,False,7.260785305051966,0.18700573030470705,NORMAL,True,True,True,RANGE,0.05384615384615385,0.08717948717948718,0.005128205128205128,13,Wed,4,0.925001086562955,0,,False,41.7905542401362,42.0,16.67670920355045,46.41859835552321,F,True,173117.22914095898,176578.97372377815,163337.29558916172,163523.36071314674,False,CHOP_REGIME|LOW_LIQUIDITY,0.0005475459057071961,0.0547545905707196,7.842580603009283,NORMAL,3.4812833076583223,0.9024547293525248,0.6535918223537442,0.4813091889880133,1.203272972470033,0.24065459449400664,186.06512398501246,1,186.06512398501246,-107.51588582925336,3523.360713146711,0,460.5270478827281,176.16803565733554,1.8171365575603313,2.746764429204287,1.3371473279823585,1.1328311738313597,14.312701845000959
short,2026-02-02 06:47:00,2026-02-02 07:22:00,2478.8132725559117,2490.7259591758284,2490.7259591758284,2454.9878993160787,148.2276663171512,7.941791079944364,-1766.3897372378062,-1765.7897372378063,SL,35,2026-02-02,2026-02,46.98969846937028,8.070810057182863,0.6271574303832368,0.6775296388199614,0.1295453713932646,1.031280022190488,0.6053487730907086,0.10055137590305162,1.0114410681998534,0.9837882547559967,London/NY overlap,7.72091161740822,0.5169285911221395,0.708592595155109,0.004843682088312986,1.2977406507402933,0.9819685690653432,TREND,0.6352212994464126,EXPANDING,False,False,False,2195.0817036572553,5804.918296342745,30383.892020120897,False,15.814625387106537,0.2419458426865626,NORMAL,True,False,False,RANGE,0.046153846153846156,0.08974358974358974,0.0,35,Mon,6,-0.48074353075282505,0,,False,80.6534918104169,0.0,81.66605833649685,53.53535997441346,A,False,176578.97372377815,174812.58398654035,163523.36071314674,162462.92575812023,False,,0.005788624379652606,0.5788624379652606,85.80342829824728,NORMAL,37.93828533221426,10.387547580753942,16.14790451056772,8.632820552691541,0.0,2.770012688201051,-1060.4349550265067,1,-1060.4349550265067,-1060.4349550265067,-1060.4349550265067,1,400.3401077443353,117.28217895810494,1.8024084194484717,0.9748319174546266,0.8870479849078623,0.6715204933822002,-30.298141572185905
short,2026-02-02 07:40:00,2026-02-02 08:03:00,2479.1410319724628,2454.4923059026337,2491.4653950073775,2454.4923059026337,141.84309849628852,8.216242023276374,3495.651679730801,3496.251679730801,TP,23,2026-02-02,2026-02,32.62563270936736,8.014277239619616,0.6154397573752413,0.29961400606561894,0.06933722930219985,0.7369495231813012,0.29961400606561894,0.1006628414491482,0.44802414007441915,0.6341880341880342,London/NY overlap,8.658972490544569,0.6166253101736973,0.7596936017112644,0.004641180318497039,1.1255507309906483,0.8499862145023436,RANGE,0.45,NORMAL,False,False,False,2195.0817036572553,5804.918296342745,30383.892020120897,False,15.814625387106537,0.2419458426865626,NORMAL,True,False,False,RANGE,0.046153846153846156,0.08974358974358974,0.0,23,Mon,7,0.9940739847374874,1,,False,48.441480562448305,8.0,48.62318875083126,43.3348926383416,D,False,174812.58398654035,178308.23566627115,162462.92575812023,163173.4320953985,False,,0.002060256567583176,0.2060256567583176,29.223317524332575,NORMAL,9.687595836584768,3.513056527521534,2.9230272720042074,2.3146969630532825,0.0,0.9368150740057425,710.5063372782696,1,-349.9286177482371,-349.9286177482371,-349.9286177482371,0,481.7956754281896,144.24691342720334,1.818456587837439,0.9514192243642295,0.9050985180504506,0.0989754635554652,30.891579881663894
long,2026-02-04 03:48:00,2026-02-04 05:01:00,2508.8939719509517,2498.9825423971542,2498.9825423971542,2528.7168310585466,179.9016324521559,6.607619702531659,-1783.6823566627063,-1783.0823566627064,SL,73,2026-02-04,2026-02,20.342269676225463,6.297107449463517,0.2200441135925007,0.23319547835676868,0.06007155831199585,0.578340640757677,0.11199338296112489,0.0644332950585712,0.40489179398756847,0.5813895781637717,Asia,3.663538211588328,0.09043286462641302,0.7562750149751891,0.0033406308253183547,1.1606644787509979,0.893631100082713,CHOP,0.6804577304707234,NORMAL,False,False,True,3549.527889758785,4450.472110241215,30758.70777651237,False,23.261995119471752,0.2936928259776348,NORMAL,False,False,False,RANGE,0.03076923076923077,0.24358974358974358,0.007692307692307693,73,Wed,3,-0.39518468379268434,0,,False,37.170747953200916,54.0,6.944249577401083,44.2100999867609,F,True,178308.23566627115,176524.55330960845,163173.4320953985,163173.4320953985,True,CHOP_REGIME|LOW_ATR|LOW_LIQUIDITY,0.0006712830162668873,0.06712830162668873,12.076491046382015,NORMAL,0.0,0.0,0.0,0.0,0.0,0.0,0.0,0,0.0,-349.9286177482371,-349.9286177482371,0,423.70649511816663,144.24691342720334,1.8036941343702442,1.0049494817663467,0.4455970695645917,-0.15653144483498374,0.0
long,2026-02-04 06:17:00,2026-02-04 06:34:00,2525.429722109778,2519.533850289583,2519.533850289583,2537.2214657501686,299.4036483373931,3.9305812134635003,-1765.845533096077,-1765.245533096077,SL,17,2026-02-04,2026-02,14.244058945489598,3.8017362431153447,0.00013785497656465398,0.5658946787979046,0.10932304836501695,1.013774351993239,0.589247311827957,0.061832533311464294,0.35408020307599336,0.5180038599393438,London/NY overlap,10.822048695306897,0.8039702233250621,0.7646718255076698,0.0013890786557582467,0.6506346124069674,0.025751309622277365,CHOP,0.745478478692409,COMPRESSED,False,True,False,3549.527889758785,4450.472110241215,30758.70777651237,False,23.261995119471752,0.2936928259776348,NORMAL,False,False,False,RANGE,0.03076923076923077,0.24358974358974358,0.007692307692307693,17,Wed,6,-0.23353949437423102,1,,False,45.22436080321492,50.0,11.84493647401024,39.30006431336726,F,True,176524.55330960845,174758.70777651237,163173.4320953985,163173.4320953985,True,CHOP_REGIME|LOW_ADX|LOW_ATR,0.0007350000000000001,0.07350000000000001,22.0061681527984,NORMAL,0.0,0.0,0.0,0.0,0.0,0.0,0.0,0,0.0,-349.9286177482371,-349.9286177482371,0,368.9676944128106,144.24691342720334,1.2645240347201558,0.6779884629184527,0.44078140804179483,0.0057569878357707615,0.0
long,2026-02-04 08:54:00,2026-02-05 03:54:00,2532.4647969823764,2543.831178950753,2521.7005882901676,2553.993214366794,162.35165331103636,7.1761391281391855,1844.7509047306885,1845.3509047306884,Timeout,90,2026-02-04,2026-02,28.623779794897118,7.456879431822615,0.494816652881169,0.9481113868210642,0.21921670076150995,1.893557066332327,0.9691480562448305,0.14333273068632854,0.9356896546993978,0.9697546181417149,New York,6.84170779878492,0.41662531017369725,0.7492486831495775,0.003607411332096447,1.1496090791133038,0.8806727322856355,EXPANSION,0.7562748960217798,EXPANDING,True,False,False,3549.527889758785,4450.472110241215,30758.70777651237,False,23.261995119471752,0.2936928259776348,NORMAL,False,False,False,RANGE,0.03076923076923077,0.24358974358974358,0.007692307692307693,90,Wed,8,0.44868091751664824,2,,False,76.77698806673972,27.0,60.62460158213643,48.11920396878848,C,False,174758.70777651237,176603.45868124306,163173.4320953985,164206.64944230902,False,HIGH_SPREAD|CONSECUTIVE_LOSSES,0.005947041437577756,0.5947041437577756,96.55120096999912,NORMAL,63.86366033370013,10.79955996946437,28.409326874184632,7.375477538908129,14.399413292619162,2.879882658523832,1033.2173469105458,1,1033.2173469105458,683.2887291623086,683.2887291623086,0,404.9624068595881,182.89780183952257,1.6494944841076256,1.5003963311573305,0.7742961923638715,0.7180033579696161,11.480192743450509
long,2026-02-06 06:09:00,2026-02-06 07:05:00,2591.656863986173,2608.163257251002,2583.4036673537585,2608.163257251002,213.98188671239205,5.502131088276382,3531.469173624843,3532.0691736248427,TP,56,2026-02-06,2026-02,19.625775125621292,5.180907508677794,0.04364488558036945,0.09117728149986215,0.04073565117944275,0.5813548961131513,0.11610146126275159,0.0722596004452951,0.6515753064383825,0.8346843121036669,London,13.12958030357545,0.9195754066721809,0.7220493128149671,0.001882046147228937,0.6645945456977043,0.03181692859112214,CHOP,0.6714384794659928,COMPRESSED,False,True,True,96.56436235606088,7903.435637643939,32506.894318887003,False,8.497585425472067,0.17864814346896388,NORMAL,True,False,False,RANGE,0.028205128205128206,0.2128205128205128,0.005128205128205128,56,Fri,6,0.6367968506368813,0,,False,44.94171780406599,54.0,17.540881366082914,47.25253780526972,F,True,176603.45868124306,180134.9278548679,164206.64944230902,164206.64944230902,True,CHOP_REGIME|LOW_ATR|LOW_LIQUIDITY,0.0007350000000000001,0.07350000000000001,15.727668673360817,NORMAL,0.0,0.0,0.0,0.0,0.0,0.0,0.0,0,0.0,683.2887291623086,683.2887291623086,0,479.40304416352274,182.89780183952257,2.3750297201874777,1.8201326116150338,1.23884608677702,0.8678659228061201,0.0
long,2026-02-09 05:12:00,2026-02-09 05:24:00,2607.028476617063,2599.2282996716276,2599.2282996716276,2622.6288305079343,230.93697632113185,5.200117963623674,-1801.9492785486525,-1801.3492785486526,SL,12,2026-02-09,2026-02,38.694412131691756,5.956041384763537,0.15150261924455471,0.976509511993383,0.25019971113323014,2.1052851231278997,0.9846705266060105,0.09234137897289739,0.7729446850023515,0.9112213950923629,London,6.150478323182374,0.33744141163496,0.8002005185207146,0.002434822453025975,0.9498284347355447,0.48778604907637163,EXPANSION,0.6929764478125239,NORMAL,True,False,False,2838.4006072505435,5161.5993927494565,33296.52724761737,False,19.08413143114672,0.2509231100661695,NORMAL,False,False,False,RANGE,0.010256410256410256,0.2282051282051282,0.0,12,Mon,5,-0.29929765351086685,0,,False,74.08888437916745,24.0,62.47682155072846,48.859044674894974,C,False,180134.9278548679,178332.97857631926,164206.64944230902,162748.4334827349,False,LOW_ATR|HIGH_SPREAD,0.007561235242648793,0.7561235242648793,174.6168804190092,NORMAL,95.71972053136794,15.600380493808869,46.83852831743347,8.320202930031396,20.80050732507849,4.160101465015698,-1458.2159595741318,1,-1458.2159595741318,-1458.2159595741318,-774.9272304118232,1,426.34833898416986,114.5180617806203,1.6494439479228682,0.7813421904119742,1.2231223495298589,0.06497425990165173,-121.51799663117765
long,2026-02-09 09:00:00,2026-02-10 03:26:00,2612.5727602340157,2600.5034105111486,2600.5034105111486,2636.71145967975,147.75690710033854,8.046233148578166,-1783.9297857631814,-1783.3297857631815,SL,56,2026-02-09,2026-02,22.418368059343386,7.610352881662497,0.5280672732285635,0.14052936311000827,0.047597463220145055,0.6142205698899261,0.1533498759305211,0.10034670975230045,0.8816118997164707,0.9553074165977392,New York,5.083543552308045,0.20799558864074993,0.6806603371680634,0.004290976300701656,1.1764588127363604,0.9114971050454922,RANGE,0.45,EXPANDING,False,False,True,2838.4006072505435,5161.5993927494565,33296.52724761737,False,19.08413143114672,0.2509231100661695,NORMAL,False,False,False,RANGE,0.010256410256410256,0.2282051282051282,0.0,56,Mon,9,-0.4621272421771057,1,,False,43.04556106975462,30.0,35.97108881185768,43.86197659790676,D,False,178332.97857631926,176549.0487905561,162748.4334827349,162447.07244514293,False,LOW_LIQUIDITY,0.0016229394734650973,0.16229394734650973,23.980051701025474,NORMAL,11.840030871453235,2.737449833479723,2.779640912342258,1.9430203920636984,3.6499331113062974,0.7299866222612594,-301.36103759197334,1,-1759.5769971661052,-1759.5769971661052,-1076.2882680037965,2,376.1147452399118,97.88289780571655,1.6388008549518729,0.6989075254186938,0.7660972599510166,-0.06064028670599042,-5.381447099856667
long,2026-02-10 09:28:00,2026-02-11 03:15:00,2654.3414394938136,2645.4034121077075,2645.4034121077075,2672.2174942660263,197.52574160266389,5.958684924070848,-1766.0904879055295,-1765.4904879055296,SL,17,2026-02-10,2026-02,19.196240986174498,6.509053721621307,0.2684587813620072,0.8708023159636062,0.17913656649336204,1.3306887212398586,0.8160463192721257,0.12584046078870967,0.6814541267505659,0.8564378274055694,New York,11.761594633686599,0.8604080507306314,0.78028933329305,0.0028403050313144437,0.9150823449604009,0.40317066446098704,CHOP,0.6965837440412566,NORMAL,False,True,True,1365.226879259979,6634.773120740021,32549.048790556088,False,15.835357348032662,0.23126932895305474,RECOVERY,False,False,False,RANGE,0.020512820512820513,0.16666666666666666,0.002564102564102564,17,Tue,9,-0.33684682881585615,2,,False,30.161466389458113,81.0,0.0,40.03942572830295,F,True,176549.0487905561,174782.95830265057,162447.07244514293,162447.07244514293,True,CHOP_REGIME|LOW_ATR|HIGH_SPREAD|LOW_LIQUIDITY|CONSECUTIVE_LOSSES,0.0006526433691756273,0.06526433691756273,12.891386549847692,NORMAL,0.0,0.0,0.0,0.0,0.0,0.0,0.0,0,0.0,-1759.5769971661052,-1076.2882680037965,2,328.51018450334647,97.88289780571655,1.6283986305777252,0.7079250310673244,0.7572941216752103,-0.022273082305537626,0.0
long,2026-02-11 05:25:00,2026-02-11 05:59:00,2675.3333995872986,2694.1069120636325,2665.9466433491316,2694.1069120636325,186.2016588776184,6.257837492111253,3495.0591660530495,3495.6591660530494,TP,34,2026-02-11,2026-02,31.640790831897156,6.9035134425925495,0.362944582299421,0.9444995864350703,0.21623651309738298,1.5949334716832624,0.9153846153846154,0.11555931946295304,0.8196717970038063,0.9323407775020678,London,5.932722374082185,0.31116625310173696,0.7738005874428963,0.003235532128886154,1.1809931564620144,0.9159911772814998,EXPANSION,0.7116774220909509,NORMAL,True,False,False,2101.7626809555804,5898.23731904442,30608.133889403427,False,17.10184100923707,0.2500925858194898,NORMAL,True,False,False,RANGE,0.035897435897435895,0.015384615384615385,0.0,34,Wed,5,0.7016056453513142,3,,False,75.43198515270421,27.0,59.238346743938976,47.00194971339813,C,False,174782.95830265057,178278.01746870362,162447.07244514293,164588.26078983798,False,HIGH_SPREAD|CONSECUTIVE_LOSSES,0.006332777358054675,0.6332777358054674,117.9173649372402,NORMAL,72.15481048916331,12.210661709389935,31.684690927802517,8.722399116946974,16.28088227918658,3.2561764558373163,2141.188344695057,1,2141.188344695057,381.6113475289517,1064.9000766912604,0,397.3482058413835,176.47156883992193,1.8019072026250065,1.4672084600011073,0.7692339932592509,0.4301159402630551,62.97612778514873
long,2026-02-12 06:42:00,2026-02-12 07:13:00,2747.8246900831305,2763.548717994469,2739.9626761274612,2763.548717994469,226.75871408260662,5.241342637112744,3564.9603493741224,3565.5603493741223,TP,31,2026-02-12,2026-02,22.69729000539512,5.159044659328994,0.041025641025641026,0.5278742762613731,0.10310609307062674,0.8472571425717152,0.4205128205128205,0.036332453529633664,0.005218176148751465,0.008133443617314585,London/NY overlap,8.761144292759669,0.6260821615660326,0.742856278984899,0.0026887975124689836,1.1723905284425407,0.9071133167907361,RANGE,0.45,NORMAL,False,False,False,0.0,8000.0,34278.01746870362,False,7.006147981794515,0.15905417812540243,NORMAL,True,False,False,RANGE,0.05128205128205128,0.08205128205128205,0.0,31,Thu,6,0.5721391900933516,0,,False,31.35518334711883,30.0,22.22400584224649,32.452969172822726,F,False,178278.01746870362,181842.97781807775,164588.26078983798,165104.0305130628,False,LOW_ATR,0.0014700000000000002,0.14700000000000002,33.33353097014318,NORMAL,8.279448133158494,2.579537623921422,3.1915925559747054,1.820441253549988,0.0,0.6878766997123792,515.7697232248377,1,515.7697232248377,897.3810707537893,1580.669799916098,0,464.7442088952716,189.03816715047438,1.8179453466775108,1.6264990907316692,1.2310024866501355,0.6159458073981633,16.637733007252827
long,2026-02-13 04:56:00,2026-02-13 06:26:00,2804.7793081827676,2812.591148306276,2792.0196866035917,2830.2985513411195,142.5143972254249,8.506414386117266,1112.6996864231767,1113.2996864231766,Timeout,90,2026-02-13,2026-02,27.945586663354163,8.452710640842577,0.7006065618968845,0.46308243727598564,0.0930238854692748,0.9900365750356166,0.5664185277088503,0.11387872328551195,0.8636697102660079,0.9495175075820237,London,4.285937730941214,0.13352633030052385,0.6895125548222718,0.0034357851196248363,1.1827827774154098,0.9175627240143369,RANGE,0.45,EXPANDING,False,False,False,2547.613863666891,5452.386136333109,35295.36395441086,False,17.405993522525232,0.22884633359012735,NORMAL,False,False,False,RANGE,0.03333333333333333,0.18717948717948718,0.0,90,Fri,4,0.2783687828762165,0,,False,51.47870140612076,8.0,49.17419694355507,43.27845666233091,D,False,181842.97781807775,182955.67750450093,165104.0305130628,165310.29652032143,False,,0.0019519806810842316,0.19519806810842316,27.81853501603936,NORMAL,10.93082191602888,3.527130404140916,3.937288497000018,2.5258349071170354,0.0,0.9405681077709109,206.26600725862343,1,206.26600725862343,1103.6470780124127,1786.9358071747215,0,478.2432813437695,189.65344715433685,1.597747583340358,1.6336624941555107,1.0598863730767638,0.5373096174273102,2.291844525095816
long,2026-02-13 07:32:00,2026-02-13 08:31:00,2820.8463942669155,2812.948443941574,2812.948443941574,2836.6422949175976,231.64956725224675,5.265300216894072,-1830.156775045053,-1829.5567750450532,SL,59,2026-02-13,2026-02,21.215670337353068,5.234744976500604,0.048552522746071136,0.38023159636062864,0.08083636405485806,0.90038288636035,0.477695064791839,0.082758290906644,0.42137937956711186,0.6027019575406672,London/NY overlap,10.294783413371151,0.7675489385166805,0.7781098734976747,0.0019361509368578283,0.8123043827343472,0.19236283429831816,CHOP,0.6797169106097586,NORMAL,False,False,False,2547.613863666891,5452.386136333109,35295.36395441086,False,17.405993522525232,0.22884633359012735,NORMAL,False,False,False,RANGE,0.03333333333333333,0.18717948717948718,0.0,59,Fri,7,-0.28007694643117376,0,,False,49.64516088274715,32.0,20.525992493488854,43.196960316939425,F,True,182955.67750450093,181125.52072945586,165310.29652032143,165172.0766786291,False,CHOP_REGIME|LOW_ATR,0.0007350000000000001,0.07350000000000001,17.026243193040138,NORMAL,3.7033187265331464,1.336920615351667,1.2968616189001463,0.7130243281875557,0.0,0.35651216409377784,-138.21984169234457,1,68.04616556627886,965.4272363200682,1648.715965482377,1,431.1330761113446,178.34747167686507,1.588253834427753,2.4275242033485913,1.046877613441833,0.5213860960323969,-2.342709181226179
long,2026-02-13 08:11:00,2026-02-13 08:24:00,2824.0207805810514,2815.3272699446475,2815.3272699446475,2841.4078018538594,210.45085829696364,5.795673757602682,-1830.1567750449983,-1829.5567750449984,SL,13,2026-02-13,2026-02,21.775459807926605,5.4826883419328905,0.07515853322304936,0.13857182244279018,0.047278853262829657,0.6959286989170602,0.2525503170664461,0.037473223756664974,0.302392419462513,0.4502894954507858,New York,10.459600217915586,0.778880617590295,0.6956734929619443,0.0020936384384413337,0.9143209590632981,0.40126826578439484,RANGE,0.45,NORMAL,False,False,True,2547.613863666891,5452.386136333109,35295.36395441086,False,17.405993522525232,0.22884633359012735,NORMAL,False,False,False,RANGE,0.03333333333333333,0.18717948717948718,0.0,13,Fri,8,-0.307942551913047,1,,False,32.98435346015991,42.0,22.091139766091775,38.594269074059795,F,False,181125.52072945586,179295.36395441086,165172.0766786291,164895.524267229,False,LOW_ATR|LOW_LIQUIDITY,0.001454127929418252,0.1454127929418252,30.602247081965768,NORMAL,10.42420321941055,2.516738749698653,2.5384218036881063,1.3422606665059482,3.3556516662648708,0.6711303332529741,-276.5524114001075,1,-208.50624583382861,688.8748249199607,1372.1635540822695,2,385.90727908821776,163.184142240966,1.0785816860931228,1.7920034794896578,1.0320097090955027,0.5069562526832166,-21.27326241539288
long,2026-02-16 06:09:00,2026-02-16 06:36:00,2838.4583808871225,2858.3306499065275,2828.52224637742,2858.3306499065275,180.44780269362363,6.6240896731350265,3585.307279088192,3585.907279088192,TP,27,2026-02-16,2026-02,15.424722450618209,6.590742758416193,0.28792390405293633,0.6423766197959746,0.12279913983624728,1.0676779691339047,0.6379101185552798,0.11389181541166837,0.5548347791478212,0.7511993382961125,London,7.609521676245222,0.5048800661703887,0.7561964061116644,0.0023087025459440774,0.8243278494239924,0.21403363661428176,EXPANSION,0.6658549258494432,NORMAL,True,True,False,0.0,8000.0,35295.36395441086,False,8.684093905626572,0.166048656348457,NORMAL,True,False,False,RANGE,0.041025641025641026,0.258974358974359,0.002564102564102564,27,Mon,6,0.6999906742308876,2,,False,77.1642782577444,33.0,54.00058385246106,38.717728200912184,C,False,179295.36395441086,182880.67123349904,164895.524267229,167012.60260935038,False,LOW_ADX|CONSECUTIVE_LOSSES,0.0060434026328025706,0.604340263280257,109.05187258820838,NORMAL,49.66720286340461,10.780992593286895,15.886759404439005,5.749862716419678,14.374656791049196,2.874931358209839,2117.078342121375,1,2117.078342121375,2117.078342121375,3489.2418962036445,0,448.6406124215506,226.21298739839855,1.5897237024071418,2.765664146868474,1.0468538923699209,0.9997040238367108,78.41030896745833
long,2026-02-17 06:59:00,2026-02-17 07:30:00,2839.5146075397656,2830.186840119096,2830.186840119096,2858.1701423811046,196.06049656453732,6.218511613779717,-1829.4067123350178,-1828.806712335018,SL,31,2026-02-17,2026-02,19.24179494220716,6.522373966698437,0.2714364488558037,0.8229390681003584,0.1631389383286709,1.1546077069831304,0.7060931899641577,0.06386764679536591,0.29836460212103216,0.4447477253928867,London/NY overlap,5.75328272113253,0.2892748828232699,0.7574674831198228,0.003138365669162736,1.215207370442129,0.9430658946787979,CHOP,0.6920556533023121,NORMAL,False,True,False,1829.4067123350105,6170.5932876649895,37051.264521164034,False,15.990518031074616,0.2098754072179171,NORMAL,False,False,False,CHOP,0.041025641025641026,0.41794871794871796,0.0,31,Tue,6,-0.32860643420568353,0,,False,37.81700794538525,54.0,6.158645013921164,37.29524342484412,F,True,182880.67123349904,181051.26452116403,167012.60260935038,167012.60260935038,True,CHOP_REGIME|LOW_ATR|HIGH_SPREAD,0.0006514969671905156,0.06514969671905156,12.773281889766256,NORMAL,0.0,0.0,0.0,0.0,0.0,0.0,0.0,0,0.0,2117.078342121375,3489.2418962036445,0,404.8320100223858,226.21298739839855,1.5804036872695912,2.765664146868474,1.0340603068300573,0.9997040238367109,0.0
long,2026-02-18 08:09:00,2026-02-18 08:54:00,2865.1138618005166,2854.7062899683874,2854.7062899683874,2885.929005464775,173.96110009276384,6.938381221419402,-1811.1126452116534,-1810.5126452116535,SL,45,2026-02-18,2026-02,17.226330348160964,7.312542245095243,0.4606010476978219,0.8349048800661704,0.16681981183732128,1.372910583555658,0.8358974358974359,0.12184866501794946,0.6175059403311343,0.8080507306313758,New York,7.1024177442925245,0.4468982630272953,0.7340518462185189,0.0027735039204329244,1.0426800914514995,0.7018472566859664,CHOP,0.695875160814929,NORMAL,False,True,False,3668.4192958274216,4331.580704172578,33382.84522533661,False,28.639233189414323,0.31928825283710005,RECOVERY,False,False,False,RANGE,0.007692307692307693,0.3,0.005128205128205128,45,Wed,8,-0.3633719768654105,1,,False,44.90104442352804,60.0,6.325221160505199,39.34501227579959,F,True,181051.26452116403,179240.15187595238,167012.60260935038,167012.60260935038,True,CHOP_REGIME|LOW_ADX|HIGH_SPREAD,0.0005786685966363386,0.057866859663633856,10.066582565999328,NORMAL,0.0,0.0,0.0,0.0,0.0,0.0,0.0,0,0.0,2117.078342121375,3489.2418962036445,0,363.021733508536,226.21298739839855,1.2083880786944416,2.290479515518343,1.0214786796498694,1.0100670726565684,0.0
long,2026-02-18 08:30:00,2026-02-18 08:54:00,2864.4759720045886,2855.349183802035,2855.349183802035,2882.729548409696,198.37346994697043,6.084525468369098,-1811.1126452116305,-1810.5126452116306,SL,24,2026-02-18,2026-02,21.700567886470047,5.776003837998163,0.12007168458781362,0.14033636614281775,0.047546648229147885,0.5989944614901235,0.1355390129583678,0.029650070425871082,0.35561551370671723,0.5202646815550042,New York,8.991810125848756,0.6504824924179763,0.6789398196912498,0.0023954986549832168,0.9616541635378683,0.517149159084643,RANGE,0.45,NORMAL,False,False,True,3668.4192958274216,4331.580704172578,33382.84522533661,False,28.639233189414323,0.31928825283710005,RECOVERY,False,False,False,RANGE,0.007692307692307693,0.3,0.005128205128205128,24,Wed,8,-0.3187254105036941,2,,False,34.34856630824373,57.0,14.566727227537505,39.04701396588876,F,True,179240.15187595238,177429.03923074075,167012.60260935038,167012.60260935038,True,LOW_ATR|LOW_LIQUIDITY|CONSECUTIVE_LOSSES,0.0014195448028673835,0.14195448028673835,28.160002828999097,NORMAL,0.0,0.0,0.0,0.0,0.0,0.0,0.0,0,0.0,2117.078342121375,3489.2418962036445,0,322.75998575445885,226.21298739839855,0.8129214251831796,2.290479515518343,0.6941817528378553,1.0100670726565684,0.0
long,2026-02-18 09:21:00,2026-02-19 03:10:00,2864.646016720568,2886.2464471902886,2853.8458014857074,2886.2464471902886,164.28287341723134,7.200143489906864,3547.9807846148456,3548.5807846148455,TP,19,2026-02-18,2026-02,13.294342341719664,6.768732981739955,0.33057623380204026,0.06109732561345465,0.036431255929007623,0.6205188969726958,0.16073890267438654,0.06194806248217994,0.6051753781440442,0.797215329473394,New York,8.033307004201774,0.5505652054039151,0.7334312901184378,0.0023186546138360556,0.7403412838829966,0.0913978494623656,CHOP,0.7409058508878823,NORMAL,False,True,True,3668.4192958274216,4331.580704172578,33382.84522533661,False,28.639233189414323,0.31928825283710005,RECOVERY,False,False,False,RANGE,0.007692307692307693,0.3,0.005128205128205128,19,Wed,9,0.7539073975142048,3,,False,45.83594784051702,65.0,10.34967591297747,45.932486344874064,F,True,177429.03923074075,180977.02001535558,167012.60260935038,167012.60260935038,True,CHOP_REGIME|LOW_ADX|LOW_LIQUIDITY|CONSECUTIVE_LOSSES,0.0006287281499862145,0.06287281499862145,10.328926707803532,NORMAL,0.0,0.0,0.0,0.0,0.0,0.0,0.0,0,0.0,2117.078342121375,3489.2418962036445,0,381.4003639155568,226.21298739839855,1.208817609782131,6.954434994273344,0.7053518278436411,0.9913665595251889,0.0
long,2026-02-20 07:47:00,2026-02-20 08:05:00,2932.8667386672164,2956.396300317363,2921.1019578421433,2956.396300317363,153.82948709903215,7.843187216715541,3618.9404003071177,3619.5404003071176,TP,18,2026-02-20,2026-02,22.745775381947755,7.831233257578278,0.5754618141714916,0.5212848083815825,0.10208932303362366,1.0793294148316355,0.6480286738351254,0.14185353863491101,0.7688754275208652,0.9097325613454645,London/NY overlap,6.270158093443836,0.35213675213675216,0.7557181976408692,0.0029073921651292132,0.9652964272464153,0.5268541494347946,EXPANSION,0.69639902134337,NORMAL,True,False,False,86.89224789425498,7913.107752105745,36890.12776746132,False,9.911081237289906,0.16690914607118074,NORMAL,True,True,False,RANGE,0.02564102564102564,0.3487179487179487,0.010256410256410256,18,Fri,7,0.8021387715109627,0,,False,83.2149403794282,0.0,74.96828359310442,46.32529551721878,B,False,180977.02001535558,184595.9604156627,167012.60260935038,169424.95509399977,False,,0.0068142018196856915,0.6814201819685691,104.82251709115414,NORMAL,53.6665414612828,12.313343729809706,15.084731107879048,6.56711665589851,16.417791639746277,3.283558327949255,2412.3524846494,1,2412.3524846494,4529.430826770775,5901.594380853045,0,439.2135788511204,294.52984668749235,1.7397393789613649,17.82340753710322,0.7166127236973397,1.3734686937282872,134.01958248052222
short,2026-02-23 05:16:00,2026-02-23 05:21:00,2849.4261302264263,2864.7958792480954,2864.7958792480954,2818.686632183088,120.10343184876277,10.246499347779423,-1846.5596041566255,-1845.9596041566256,SL,5,2026-02-23,2026-02,25.793259444538695,10.217511478380551,0.9103115522470361,0.5200165425971878,0.10184145322000732,1.0269415809035005,0.6012682657843949,0.035123356766325456,0.16599293571025645,0.25572098152743317,London,10.02197809116684,0.7455748552522746,0.7398953855951005,0.0043332963006291235,1.0010384215632397,0.6129583677970775,RANGE,0.45,NORMAL,False,False,False,3674.653612271679,4325.346387728321,36921.306803391024,False,24.372879366475345,0.2708781974216674,NORMAL,False,False,False,RANGE,0.11282051282051282,0.18974358974358974,0.010256410256410256,5,Mon,5,-0.5395733741831888,0,,False,36.46408877860491,18.0,32.698700389641814,35.30588263392083,F,False,184595.9604156627,182749.4008115061,169424.95509399977,169215.3266535532,False,,0.0010824739332187187,0.10824739332187187,13.000883426639657,NORMAL,9.743176683139303,4.649283647427237,2.4350904158708873,1.0647625121518425,0.0,1.594040107689338,-209.62844044656157,1,-209.62844044656157,-209.62844044656157,5691.965940406483,1,399.11229493870377,279.25232283494523,1.726964343650754,11.839600721851836,0.7084465271811289,1.6452605815422916,-41.92568808931232
short,2026-02-23 08:55:00,2026-02-23 09:14:00,2821.1024417697026,2834.9665910019926,2834.9665910019926,2793.3741433051227,131.81436361481056,9.24276615485995,-1828.0940081150636,-1827.4940081150637,SL,19,2026-02-23,2026-02,19.76322465061652,11.333438838479768,0.9648745519713262,0.9904880066170388,0.28850842190905357,2.3091307591780152,0.991618417424869,0.07758139577903536,0.6557322774013253,0.8377446925834022,New York,12.273101995869752,0.8861869313482217,0.7603035490147754,0.004893677140284927,1.2142287419426259,0.9421836228287841,HIGH_RISK,0.822300799558864,EXPANDING,True,True,False,3674.653612271679,4325.346387728321,36921.306803391024,False,24.372879366475345,0.2708781974216674,NORMAL,False,False,False,RANGE,0.11282051282051282,0.18974358974358974,0.010256410256410256,19,Mon,8,-0.4916057241641862,1,,False,44.27964571271023,44.0,18.198502447150794,42.54257330460875,F,False,182749.4008115061,180921.30680339102,169215.3266535532,169176.39316569746,False,HIGH_RISK_REGIME|HIGH_SPREAD,0.0001925,0.01925,2.5374264995851035,NORMAL,3.7426781995209217,1.0065218814064953,1.4934344894821006,0.32247325134638677,0.5751553608037117,0.34509321648222696,-38.9334878557359,1,-248.56192830229747,-248.56192830229747,5653.032452550748,2,360.71218626536296,269.89391663816053,1.206723406321981,7.916773633181875,0.2390975547788732,1.463756547995115,-2.0491309397755737
short,2026-02-24 04:09:00,2026-02-24 04:31:00,2814.6320776100793,2831.091234896301,2831.091234896301,2781.7137630376355,109.92136696745881,10.972771524147868,-1809.8130680339157,-1809.2130680339158,SL,22,2026-02-24,2026-02,21.902106630978633,10.689624588196631,0.9392610973256135,0.3321202095395644,0.0741646814289859,0.946187827959794,0.5248138957816377,0.06281787358267983,0.6062660619956438,0.7981527433140336,Asia,5.292032967440847,0.2325889164598842,0.710341279212981,0.004582387870549278,0.8711269874741999,0.3073890267438655,RANGE,0.45,NORMAL,False,False,False,4111.2387480594625,3888.7612519405375,32810.06805533156,True,49.5877303233686,0.47298131805159616,SURVIVAL,False,False,False,RANGE,0.08205128205128205,0.28205128205128205,0.0,22,Tue,4,-0.58496511372117,2,,False,51.07065067548939,37.0,28.90869807989917,39.044567944801294,F,False,180921.30680339102,179111.4937353571,169176.39316569746,169044.45693282978,False,DRAWDOWN_CLUSTER|CONSECUTIVE_LOSSES,0.0006980290890797821,0.06980290890797822,7.672831165469973,RECOVERY,5.606016139247542,2.8706889640621234,1.0949334814356322,0.6561574774999139,0.0,0.984236216249871,-131.93623286768752,1,-131.93623286768752,-380.498161169985,5521.096219683061,3,323.9236226331718,258.4130552237077,0.8128660633113393,5.954825866898944,0.23660686439274145,1.427528129856457,-5.997101493985796
short,2026-02-24 04:33:00,2026-02-24 04:53:00,2811.0709093334303,2830.7780625791497,2830.7780625791497,2771.656602841991,90.88653825445854,13.138102163813066,-1791.7149373535515,-1791.1149373535516,SL,20,2026-02-24,2026-02,18.461595067712157,12.81152971636317,0.988861317893576,0.3512269092914254,0.07674677980300686,0.9428840861779872,0.5212848083815825,0.09718847660865339,1.0039652277193483,0.9827681279294183,London,4.567883608451106,0.15704438930245382,0.7850944872512842,0.0050918936345236004,1.0151956219053497,0.6445547284256962,EXPANSION,0.7170351557225217,EXPANDING,True,False,False,4111.2387480594625,3888.7612519405375,32810.06805533156,True,49.5877303233686,0.47298131805159616,SURVIVAL,False,False,False,RANGE,0.08205128205128205,0.28205128205128205,0.0,20,Tue,4,-0.7012898471537661,3,,False,88.38635170859769,29.0,61.364561364284185,47.637291022564646,C,False,179111.4937353571,177319.77879800354,169044.45693282978,168461.86789397788,False,LOSS_PAUSE_ACTIVE|DRAWDOWN_CLUSTER|CONSECUTIVE_LOSSES,0.003073707046907449,0.3073707046907449,27.935859310175267,RECOVERY,31.868355952603135,12.526538209655792,4.94419612973351,2.9447866786714005,7.158021834089023,4.294813100453414,-582.5890388518981,1,-714.5252717195856,-963.0872000218831,4938.507180831162,4,288.6629799667264,235.05188594382975,0.6560986714430762,3.2872952437442264,0.23414416349859382,1.2613358508292274,-29.129451942594905
short,2026-02-24 05:42:00,2026-02-24 07:05:00,2811.700429827883,2781.9358311377086,2826.58272917297,2781.9358311377086,119.1481065434556,9.921532896724722,3545.7955759600927,3546.3955759600926,TP,83,2026-02-24,2026-02,28.1475886546556,9.610256125107664,0.8594154948993659,0.30476978218913703,0.07001862670160486,0.733628214421994,0.29556106975461816,0.07768308441406648,0.9528112870046002,0.9733112765370829,London,7.283806697042731,0.46760408050730634,0.7623239814368926,0.004863240552148256,1.0254788890858444,0.6662531017369727,RANGE,0.45,NORMAL,False,False,False,4111.2387480594625,3888.7612519405375,32810.06805533156,True,49.5877303233686,0.47298131805159616,SURVIVAL,False,False,False,RANGE,0.08205128205128205,0.28205128205128205,0.0,83,Tue,5,1.0584186930129942,4,,False,55.120829886958916,37.0,35.30573045409928,44.6315644767075,D,False,177319.77879800354,180865.57437396364,168461.86789397788,168780.55154048832,False,LOSS_PAUSE_ACTIVE|DRAWDOWN_CLUSTER|CONSECUTIVE_LOSSES,0.0009189397883306095,0.09189397883306094,10.948993580703599,RECOVERY,7.1536170931890695,3.6827921417952445,1.3261579621506772,0.8819953977704931,0.0,1.2626715914726552,318.68364651044885,1,-395.84162520913674,-644.4035535114342,5257.190827341611,0,342.0585962944865,237.31220379698163,0.9821440524722299,3.91090638651015,0.3763844165477003,1.1104673826616636,3.839562006149986
short,2026-02-25 04:32:00,2026-02-25 05:23:00,2719.6087963302825,2733.530005102219,2733.530005102219,2691.76637878641,129.9208835504057,9.280805847957604,-1809.2557437396565,-1808.6557437396566,SL,51,2026-02-25,2026-02,26.209839223244195,9.632500482220362,0.8615108905431486,0.8336366142817756,0.16649832461027522,1.493486553391925,0.884863523573201,0.11692011442386521,0.5378717763515573,0.7352357320099255,London,4.919655799394052,0.19084642955610698,0.8031459390863862,0.004473005905372299,1.0522883845109112,0.723104494072236,RANGE,0.45,NORMAL,False,False,False,1809.2557437396608,6190.744256260339,35056.31863022398,False,22.589117277489684,0.26736005124680584,RECOVERY,False,False,False,RANGE,0.08461538461538462,0.13333333333333333,0.0,51,Wed,4,-0.5120525785150183,0,,False,39.781982354563,30.0,26.604429729668745,35.14803325875614,F,False,180865.57437396364,179056.31863022398,168780.55154048832,168603.9334576445,False,HIGH_SPREAD,0.0009215303334972857,0.09215303334972857,11.972603514646739,NORMAL,9.889677952790535,4.036413819489377,3.4562887116621073,1.013062112099836,0.0,1.3839133095392149,-176.61808284381908,1,-176.61808284381908,-821.0216363552533,5080.572744497792,1,307.35997790683905,226.41930151696056,0.983556154394072,4.253831710853361,-0.0985117434800911,1.0641301559968184,-3.4630996636042957
short,2026-02-26 05:36:00,2026-02-26 07:06:00,2622.9704151673773,2628.577451960863,2638.0582733453084,2592.794698811515,118.67576995926972,10.058572118620745,-666.0194086568825,-665.4194086568825,Timeout,90,2026-02-26,2026-02,24.07319974566518,10.46787299545484,0.9270195754066722,0.7540667218086573,0.1454210494937945,1.3356007411137034,0.81872070581748,0.05137870773823285,0.2990770967119374,0.44560242624758756,London,10.399386450848779,0.7751861042183623,0.775856140096835,0.004922390630506214,0.8997826058120454,0.36774193548387096,RANGE,0.45,NORMAL,False,False,False,4248.345781261363,3751.6542187386367,30807.972848962614,True,56.76348879116054,0.5346572550515428,SURVIVAL,False,False,False,RANGE,0.12051282051282051,0.2692307692307692,0.0,90,Thu,5,-0.21395943137457354,1,,False,35.580714088778606,44.0,15.781932604909663,32.86578978715394,F,False,179056.31863022398,178390.29922156708,168603.9334576445,168558.0255137588,False,HIGH_SPREAD|DRAWDOWN_CLUSTER,0.0005986461952026468,0.05986461952026468,7.1044798148861386,RECOVERY,6.036945393352169,2.6029077340350217,1.9466618112971346,0.5949503392080049,0.0,0.8924255088120073,-45.90794388570812,1,-45.90794388570812,-866.9295802409615,5034.664800612084,2,291.90951145344667,219.43655163484087,0.7046408082572289,2.303479810732974,0.005296216272357259,1.5400422665130313,-0.5100882653967569
short,2026-02-26 06:05:00,2026-02-26 07:18:00,2625.182498319684,2638.2998749932,2638.2998749932,2598.947744972652,136.5031462363489,8.744917782344066,-1791.163186302225,-1790.5631863022252,SL,73,2026-02-26,2026-02,20.967040045687696,8.392689512562542,0.6890818858560794,0.13234077750206782,0.046410205541492174,0.5633076111396323,0.09487179487179487,0.048933934560367584,0.5322929693650087,0.7289219740832644,London,12.970747510103086,0.9142266335814723,0.6939863732726169,0.0037021673898474535,0.9068009529120107,0.3839812517231872,RANGE,0.45,NORMAL,False,False,True,4248.345781261363,3751.6542187386367,30807.972848962614,True,56.76348879116054,0.5346572550515428,SURVIVAL,False,False,False,RANGE,0.12051282051282051,0.2692307692307692,0.0,73,Thu,6,-0.49984228467914266,2,,False,38.68162393162393,59.0,15.365775080862107,40.079450294537324,F,True,178390.29922156708,176599.13603526485,168558.0255137588,168558.0255137588,True,LOSS_PAUSE_ACTIVE|LOW_LIQUIDITY|DRAWDOWN_CLUSTER|CONSECUTIVE_LOSSES,0.0007360552109181142,0.07360552109181143,10.047385209398199,RECOVERY,0.0,0.0,0.0,0.0,0.0,0.0,0.0,0,-45.90794388570812,-866.9295802409615,5034.664800612084,2,259.3615005510143,219.43655163484087,0.7064178095161157,2.303479810732974,0.004627365203377089,1.6355442573219838,0.0
short,2026-02-26 06:34:00,2026-02-26 06:47:00,2624.925248636758,2634.056104589506,2634.056104589506,2606.6635367312624,196.10025561331526,6.087237301831985,-1791.1631863022203,-1790.5631863022204,SL,13,2026-02-26,2026-02,21.498579971750104,5.767958780605954,0.11877584780810588,0.06503997794320375,0.037116645236213,0.6751773613225438,0.22652329749103942,0.0597839649119847,0.3087545865835729,0.4587262200165426,London/NY overlap,18.873133588292152,0.9953680727874277,0.635419940493755,0.0025350150644972975,0.8096259351261207,0.18775847808105872,RANGE,0.45,COMPRESSED,False,False,True,4248.345781261363,3751.6542187386367,30807.972848962614,True,56.76348879116054,0.5346572550515428,SURVIVAL,False,False,False,RANGE,0.12051282051282051,0.2692307692307692,0.0,13,Thu,6,-0.3479685989892602,3,,False,34.62372484146678,71.0,7.883474906015497,40.008729937722144,F,True,176599.13603526485,174807.9728489626,168558.0255137588,168558.0255137588,True,LOSS_PAUSE_ACTIVE|LOW_ATR|LOW_LIQUIDITY|DRAWDOWN_CLUSTER|CONSECUTIVE_LOSSES,0.0010654069478908189,0.10654069478908189,20.892657481359162,RECOVERY,0.0,0.0,0.0,0.0,0.0,0.0,0.0,0,-45.90794388570812,-866.9295802409615,5034.664800612084,2,227.81496690711836,219.43655163484087,0.7073483311427563,2.303479810732974,0.002310116327145251,1.6355442573219836,0.0
short,2026-02-27 04:35:00,2026-02-27 04:56:00,2566.7675833986154,2579.639695510281,2579.639695510281,2541.023359175285,135.80364382512155,8.581408074443527,-1748.679728489655,-1748.079728489655,SL,21,2026-02-27,2026-02,34.16075815856218,8.179720816887581,0.6476426799007444,0.06316515026192446,0.03675855603747,0.49635504679117454,0.038847532395919496,0.09304339564414554,0.5675632556893313,0.7639647091259995,London,6.079507966271132,0.3286462641301351,0.6329735479346685,0.004405176426891676,1.0839328622137132,0.7828232699200441,RANGE,0.45,NORMAL,False,False,True,1748.6797284896602,6251.32027151034,29059.293120472954,True,43.31692496390354,0.4465853941377407,SURVIVAL,True,False,False,RANGE,0.07179487179487179,0.28717948717948716,0.002564102564102564,21,Fri,4,-0.5016632724579294,4,,False,40.7659911772815,59.0,24.276740217772527,48.57354198231623,F,True,174807.9728489626,173059.29312047295,168558.0255137588,168558.0255137588,True,LOW_LIQUIDITY|DRAWDOWN_CLUSTER|CONSECUTIVE_LOSSES,0.0007599863523573201,0.07599863523573201,10.320891590748683,RECOVERY,0.0,0.0,0.0,0.0,0.0,0.0,0.0,0,0.0,-866.9295802409615,5034.664800612084,2,197.86807758292483,219.43655163484087,0.7102763555528901,2.303479810732974,-0.5051461560917847,1.2277413222840452,0.0
short,2026-02-27 05:12:00,2026-02-27 05:42:00,2567.059797656897,2541.0524754668686,2580.063458751911,2541.0524754668686,133.08505339840542,8.669107396676122,3460.5858624094626,3461.1858624094625,TP,30,2026-02-27,2026-02,27.167523261008107,9.5666990346912,0.8550317066446099,0.8809760132340777,0.18333942960061414,1.5320475255258392,0.8985387372484147,0.08734485167327669,0.8515874997345184,0.9453818582850841,London,5.198102050436985,0.22178108629721532,0.8352502078538283,0.003930145949844995,0.9935072745074256,0.5959470636889992,RANGE,0.45,NORMAL,False,False,False,1748.6797284896602,6251.32027151034,29059.293120472954,True,43.31692496390354,0.4465853941377407,SURVIVAL,True,False,False,RANGE,0.07179487179487179,0.28717948717948716,0.002564102564102564,30,Fri,5,1.0129414912220736,5,,False,43.03811690102013,59.0,13.121115435387475,36.96349205518345,F,True,173059.29312047295,176519.87898288242,168558.0255137588,168558.0255137588,True,HIGH_SPREAD|DRAWDOWN_CLUSTER|CONSECUTIVE_LOSSES,0.0006402191894127377,0.06402191894127376,8.520360500967803,RECOVERY,0.0,0.0,0.0,0.0,0.0,0.0,0.0,0,0.0,-866.9295802409615,5034.664800612084,2,246.5653579534702,219.43655163484087,0.7044818826639461,2.303479810732974,-0.5171624515935155,1.072057808054002,0.0
short,2026-03-02 03:00:00,2026-03-02 03:14:00,2525.720772107954,2540.3633419428293,2540.3633419428293,2496.435632438203,120.5525266216927,9.76171322325034,-1765.7987898287995,-1765.1987898287996,SL,14,2026-03-02,2026-03,16.505795165783812,10.332216141936916,0.9186379928315412,0.909567135373587,0.19547535570445426,1.5541183794175104,0.9049352081610146,0.0637674830075047,0.47125976047455,0.661345464571271,Asia,1.7178070842733226,0.010642404190791288,0.7767771485209782,0.005348989078100568,1.102902337837126,0.8162393162393162,NO_TRADE,0.8969478908188586,NORMAL,False,True,True,5244.598985670629,2755.401014329371,27275.279997211794,True,61.56286063214569,0.5868761965653899,SURVIVAL,False,False,False,RANGE,0.12564102564102564,0.29743589743589743,0.005128205128205128,14,Mon,3,-0.5799353230255969,0,,False,28.48978494623656,100.0,0.0,42.31059579462742,F,True,176519.87898288242,174754.0801930536,168558.0255137588,168558.0255137588,True,NO_TRADE_REGIME|LOW_ADX|HIGH_SPREAD|LOW_LIQUIDITY|DRAWDOWN_CLUSTER,0.0,0.0,0.0,RECOVERY,0.0,0.0,0.0,0.0,0.0,0.0,0.0,0,0.0,0.0,0.0,2,216.97176754490738,219.43655163484087,0.4158518890169352,0.2687922497150648,-0.7970717907389288,1.0067488462000254,0.0
long,2026-03-02 05:05:00,2026-03-02 05:11:00,2558.7131100424294,2547.358996241521,2547.358996241521,2581.4213376442463,153.91256707244858,7.569409200605635,-1748.1408019305643,-1747.5408019305644,SL,6,2026-03-02,2026-03,31.75362519343509,7.447945355050051,0.49252826027019575,0.5193824097049904,0.10174927465293596,0.8967743537152011,0.4738075544527157,0.07368678865408461,0.7309762185468555,0.8884753239591949,London,10.571429224138258,0.7870967741935484,0.6927327259945097,0.003649268072599092,0.7984359457947109,0.169727047146402,RANGE,0.45,COMPRESSED,False,False,False,5244.598985670629,2755.401014329371,27275.279997211794,True,61.56286063214569,0.5868761965653899,SURVIVAL,False,False,False,RANGE,0.12564102564102564,0.29743589743589743,0.005128205128205128,6,Mon,5,-0.44389549080285395,1,,False,49.13185828508409,22.0,41.01700545074642,43.2906337937296,D,False,174754.0801930536,173005.93939112304,168558.0255137588,168301.99727624675,False,DRAWDOWN_CLUSTER,0.0014223105857967444,0.14223105857967444,21.891147343429505,RECOVERY,7.388320707147465,2.4456610375981804,2.9861308394707393,1.3043525533856966,0.0,0.6521762766928483,-256.0282375120526,1,-256.0282375120526,-256.0282375120526,-256.0282375120526,3,188.49187523366868,207.54993190616852,0.4182953534222807,0.2586690565357293,-0.7899466590737918,0.9663372362178222,-42.67137291867544
short,2026-03-02 06:58:00,2026-03-02 07:15:00,2536.8375421819433,2550.6410362511087,2550.6410362511087,2509.2305540436123,125.33488877833352,9.202329379443592,-1730.659393911242,-1730.059393911242,SL,17,2026-03-02,2026-03,15.801957859146937,8.716724626017246,0.7469809760132341,0.126688723462917,0.045600456748848925,0.6969999141502982,0.2538185828508409,0.011834983127539195,0.008877959343896603,0.013454645712710229,London/NY overlap,9.032684932039189,0.6547835676867935,0.7091550133527882,0.0038079187415616974,0.9113922749602712,0.394816652881169,CHOP,0.7099166791045314,NORMAL,False,True,True,5244.598985670629,2755.401014329371,27275.279997211794,True,61.56286063214569,0.5868761965653899,SURVIVAL,False,False,False,RANGE,0.12564102564102564,0.29743589743589743,0.005128205128205128,17,Mon,6,-0.5443108206259205,2,,False,28.384068631563835,89.0,0.0,40.99538900308812,F,True,173005.93939112304,171275.2799972118,168301.99727624675,168301.99727624675,True,LOSS_PAUSE_ACTIVE|CHOP_REGIME|LOW_ADX|LOW_LIQUIDITY|DRAWDOWN_CLUSTER|CONSECUTIVE_LOSSES,0.00035130924317617864,0.03513092431761786,4.403130492028687,RECOVERY,0.0,0.0,0.0,0.0,0.0,0.0,0.0,0,-256.0282375120526,-256.0282375120526,-256.0282375120526,3,161.0754285315985,207.54993190616852,0.4207428340380225,0.26711014387964654,-0.7812804123136661,1.0601858266900894,0.0
short,2026-03-03 03:25:00,2026-03-03 04:39:00,2520.4177032234074,2487.038054124439,2537.107527772892,2487.038054124439,102.62257670198444,11.126549699656216,3424.9055999442166,3425.5055999442166,TP,74,2026-03-03,2026-03,14.574383397396213,10.636402035897255,0.9369175627240144,0.26082161566032536,0.06392585724262777,0.7585253267612655,0.3235732009925558,0.041994610641143654,0.3839687964819733,0.5550317066446099,Asia,4.330344497805998,0.13683484973807555,0.6293734144389447,0.006254544806359296,0.8774005945517761,0.32001654259718776,CHOP,0.6832747414594487,NORMAL,False,True,False,326.7392424607824,7673.260757539218,26948.54075475101,True,41.149365379402454,0.4415327269579426,SURVIVAL,True,False,False,RANGE,0.08205128205128205,0.26153846153846155,0.007692307692307693,74,Tue,3,1.3241377565950416,3,,False,51.13332294157742,67.0,6.454873783227724,42.07820919491224,F,True,171275.2799972118,174700.185597156,168301.99727624675,168301.99727624675,True,CHOP_REGIME|LOW_ADX|DRAWDOWN_CLUSTER|CONSECUTIVE_LOSSES,0.00029646505376344084,0.029646505376344084,3.042400771929665,RECOVERY,0.0,0.0,0.0,0.0,0.0,0.0,0.0,0,0.0,-256.0282375120526,-256.0282375120526,3,207.04486756557904,207.54993190616852,0.7027940137327893,0.30032102693520507,-0.8016918900340926,0.5121241938761242,0.0
short,2026-03-03 03:34:00,2026-03-03 04:39:00,2518.680614284864,2487.1077891617488,2534.467026846422,2487.1077891617488,108.49537811668031,10.524275041038488,3424.905599944219,3425.505599944219,TP,65,2026-03-03,2026-03,12.482157373432608,10.620832553794457,0.9360077198786876,0.8251723187207058,0.1638460427263324,1.404944531557862,0.8516129032258064,0.09265326070850166,0.5714793081568614,0.7671353735869865,Asia,4.33669251438719,0.13730355665839536,0.6787259749117122,0.005677305162984531,0.8762488390981784,0.31753515301902396,CHOP,0.7213397889050941,NORMAL,True,True,False,326.7392424607824,7673.260757539218,26948.54075475101,True,41.149365379402454,0.4415327269579426,SURVIVAL,True,False,False,RANGE,0.08205128205128205,0.26153846153846155,0.007692307692307693,65,Tue,3,1.253326632784928,0,,False,44.65935793090202,74.0,0.0,37.823283684035175,F,True,174700.185597156,178125.0911971002,168301.99727624675,168301.99727624675,True,CHOP_REGIME|LOW_ADX|HIGH_SPREAD|DRAWDOWN_CLUSTER,0.00029672777088502893,0.029672777088502893,3.2193591699890898,RECOVERY,0.0,0.0,0.0,0.0,0.0,0.0,0.0,0,0.0,-256.0282375120526,-256.0282375120526,3,251.73737773750457,207.54993190616852,1.0617056002613738,0.6659300111252872,-0.27236624833198814,0.5121241938761241,0.0
short,2026-03-04 08:33:00,2026-03-05 03:11:00,2445.1599595893586,2461.237611545663,2461.237611545663,2413.0046556767493,110.79048836310392,10.718434637536413,-1781.8509119710036,-1781.2509119710037,SL,68,2026-03-04,2026-03,17.25409849632481,10.577372354124607,0.9335814722911497,0.5259994485800937,0.10287799372732703,0.9486035103486291,0.5271574303832368,0.13969536857561118,0.7565210435913976,0.9029776674937965,New York,9.713485884646454,0.72031982354563,0.761834416524746,0.005503609093145277,0.9762010233682876,0.5549489936586711,EXPANSION,0.7701187552628138,NORMAL,True,True,False,191.71499559053336,7808.285004409467,33933.37620150967,True,29.729219068078613,0.32438349628261764,SURVIVAL,False,False,False,RANGE,0.10256410256410256,0.07692307692307693,0.005128205128205128,68,Wed,8,-0.6577511430526438,0,,False,84.09134570721626,32.0,62.792165487694234,45.57389634625098,C,False,178125.0911971002,176343.2402851292,168301.99727624675,167689.2184916756,False,LOW_ADX|DRAWDOWN_CLUSTER,0.0032397438043306253,0.32397438043306254,35.893279825313016,RECOVERY,35.504739341255494,13.287980500309356,7.030495412021158,3.0372526857849955,7.593131714462489,4.555879028677493,-612.7787845711488,1,-612.7787845711488,-868.8070220832014,-868.8070220832014,4,223.88000390588118,187.54191443111202,0.6951111671373387,0.0,-0.26975551076047005,0.2599536179993596,-9.0114527142816
short,2026-03-05 03:57:00,2026-03-05 05:01:00,2423.8621642963158,2436.3267891507794,2436.3267891507794,2398.932914587388,141.47496803482017,8.30974990297587,-1764.0324028512678,-1763.4324028512679,SL,64,2026-03-05,2026-03,21.39656222240039,7.80983446392133,0.5709677419354838,0.027791563275434243,0.030251926325288517,0.4750048796842781,0.02671629445822994,0.02912833004894505,0.25191371275000096,0.3801213123793769,Asia,6.41992190352812,0.37049903501516407,0.6888024763537289,0.003983780449327645,0.8080849143939032,0.18524951750758203,RANGE,0.45,COMPRESSED,False,False,True,4279.284099968965,3720.715900031035,29782.875138840114,False,35.086350863508656,0.38370735052306176,RECOVERY,False,False,False,RANGE,0.09743589743589744,0.09743589743589744,0.0,64,Thu,3,-0.5144214085715643,1,,False,33.79659498207886,30.0,29.39947503231643,39.14015603590066,F,False,176343.2402851292,174579.20788227793,167689.2184916756,167454.16354709215,False,LOSS_PAUSE_ACTIVE|LOW_LIQUIDITY,0.001286802828833832,0.12868028288338318,18.20503890763825,NORMAL,8.058755969105837,2.132675104168529,1.376373976044445,1.1374267222232155,2.843566805558039,0.5687133611116078,-235.05494458346115,1,-235.05494458346115,-1103.8619666666625,-1103.8619666666625,5,197.01632273348727,177.48008445457455,0.6972369647815504,0.0,-0.2655497476474787,0.16879639531840232,-3.6727335091165805
short,2026-03-05 04:10:00,2026-03-05 05:33:00,2425.772581868358,2401.489085240361,2437.9143301823565,2401.489085240361,145.23710731330158,8.09449887599897,3526.264805702599,3526.864805702599,TP,83,2026-03-05,2026-03,21.91164540935454,8.151652779750076,0.6423214778053488,0.4639922801213124,0.09320622296547819,0.8703915899550844,0.4456299972429005,0.006751114369168908,0.15938599342729895,0.2455748552522746,Asia,6.150719209042973,0.3375241246208988,0.7335666398289894,0.0040281327357189756,0.8025525355569698,0.17615108905431487,CHOP,0.6603134223925828,COMPRESSED,False,False,False,4279.284099968965,3720.715900031035,29782.875138840114,False,35.086350863508656,0.38370735052306176,RECOVERY,False,False,False,RANGE,0.09743589743589744,0.09743589743589744,0.0,83,Thu,4,1.0008920718221281,2,,False,40.53635283850799,45.0,8.392935053126838,40.035664485425244,F,True,174579.20788227793,178105.47268798054,167454.16354709215,167454.16354709215,True,LOSS_PAUSE_ACTIVE|CHOP_REGIME|CONSECUTIVE_LOSSES,0.0005087062310449407,0.05087062310449407,7.388302146921924,NORMAL,0.0,0.0,0.0,0.0,0.0,0.0,0.0,0,-235.05494458346115,-1103.8619666666625,-1103.8619666666625,5,241.4063025064088,177.48008445457455,0.9798302752878039,0.0,-0.26775912490590376,0.16879639531840232,0.0
long,2026-03-06 04:47:00,2026-03-06 04:58:00,2428.493128006682,2417.332488519683,2417.332488519683,2450.8144069806804,159.58357305193255,7.440426324666072,-1781.6547268798063,-1781.0547268798064,SL,11,2026-03-06,2026-03,18.620861401355146,7.141107659672956,0.4212020953956438,0.312737799834574,0.07115770977922682,0.61097948693551,0.1501240694789082,0.08209002480242841,0.24715311191425193,0.3744141163496002,London,7.630498124502339,0.5072511717673008,0.6899899720923907,0.004470079943010173,0.9481373081674368,0.48376068376068376,CHOP,0.6660778709477815,COMPRESSED,False,True,True,1781.6547268798167,6218.345273120183,32323.81796110072,True,38.25770986233446,0.39383642120330453,SURVIVAL,False,False,False,RANGE,0.038461538461538464,0.15897435897435896,0.0,11,Fri,4,-0.4597253804723691,0,,False,31.224694394517247,56.0,8.179751514119918,41.73481263521647,F,True,178105.47268798054,176323.81796110072,167454.16354709215,167454.16354709215,True,CHOP_REGIME|LOW_LIQUIDITY|DRAWDOWN_CLUSTER,0.0004453778949545078,0.04453778949545078,7.107499583518863,RECOVERY,0.0,0.0,0.0,0.0,0.0,0.0,0.0,0,0.0,-1103.8619666666625,-1103.8619666666625,5,214.78707843553752,177.48008445457455,0.9804904715502429,0.0,-0.818741134608602,-2.1512884543314263,0.0
short,2026-03-09 06:47:00,2026-03-09 07:57:00,2438.9712558822,2449.6600808091684,2449.6600808091684,2417.5936060282625,164.96089997341468,7.125883284645727,-1763.838179611019,-1763.2381796110192,SL,70,2026-03-09,2026-03,37.01176101022753,6.971763219407777,0.37970774744968294,0.38491866556382687,0.0815196633264461,0.8231872746688433,0.39432037496553624,0.053059016402921086,0.1852616994019162,0.28497380755445273,London/NY overlap,5.17625891232265,0.2190791287565481,0.7231678091529347,0.003179298695087802,1.0199712753183487,0.6546732837055418,RANGE,0.45,NORMAL,False,False,False,1763.8381796110189,6236.161820388981,30559.979781489703,False,28.7622795811033,0.3342885140764953,RECOVERY,False,False,False,RANGE,0.03076923076923077,0.28974358974358977,0.002564102564102564,70,Mon,6,-0.4384004988468091,1,,False,39.75110283981252,18.0,40.76264169444493,42.712421126482425,D,False,176323.81796110072,174559.9797814897,167454.16354709215,167086.45209677002,False,,0.0020291893176090066,0.20291893176090064,33.47368960492209,NORMAL,9.795291116377099,3.5005595700820247,3.4243732512870664,1.9368757429861354,0.0,0.9334825520218732,-367.71145032213667,1,-367.71145032213667,-367.71145032213667,-1471.5734169887992,6,189.090646512855,164.80121155279056,0.982392677093688,0.0,-0.8114706830066737,-2.2464042513648335,-5.253020718887667
long,2026-03-10 07:18:00,2026-03-10 07:35:00,2473.399632956762,2463.7201387717487,2463.7201387717487,2492.7586213267887,180.33998104132397,6.452996123342174,-1746.1997978149368,-1745.599797814937,SL,17,2026-03-10,2026-03,19.283927127829546,6.070644549347516,0.17168458781362006,0.04877309070857458,0.03439804207442394,0.5237210435429259,0.05809208712434519,0.07328968407511458,0.7985333702405769,0.9232974910394265,London/NY overlap,12.040398349915252,0.8755996691480562,0.6777693685398053,0.004048918505067217,1.3682778097190953,0.9950923628342984,EXPANSION,0.8219876623239718,NORMAL,True,True,True,1746.1997978149448,6253.800202185055,28813.779983674758,False,26.906624115505156,0.32965879371326334,RECOVERY,True,False,False,TREND,0.01282051282051282,0.1794871794871795,0.010256410256410256,17,Tue,7,-0.39147823526988174,2,,False,79.8203029414766,39.0,66.0889023368131,53.574841748517805,B,False,174559.9797814897,172813.77998367476,167086.45209677002,165650.31742538192,False,LOW_ATR|LOW_LIQUIDITY|CONSECUTIVE_LOSSES,0.007909306980059094,0.7909306980059094,142.63642708338685,NORMAL,55.01164644455725,12.9884257291825,9.531230180542938,11.710509368139808,17.317900972243333,3.463580194448667,-1436.1346713881032,1,-1436.1346713881032,-1803.84612171024,-2907.708088376902,7,164.27923055993458,128.4163051223157,0.9825656806058383,0.0,-0.8042486974951658,-2.202072897929078,-84.47851008165313
long,2026-03-10 07:54:00,2026-03-10 08:06:00,2473.0210528526586,2496.2510278592454,2461.4060653493652,2496.2510278592454,148.78516221793132,7.743325002195574,3455.6755996735005,3456.2755996735004,TP,12,2026-03-10,2026-03,42.493775461079935,7.815149208370519,0.572098152743314,0.5668045216432314,0.10947575048171343,1.0886467831964401,0.6555831265508685,0.1423146815614891,0.6596688381809197,0.8411083540115798,New York,9.352729764468048,0.6866832092638544,0.7773934121557704,0.003859532017121229,1.0897854151582005,0.793631100082713,EXPANSION,0.7830643484432184,EXPANDING,True,False,False,1746.1997978149448,6253.800202185055,28813.779983674758,False,26.906624115505156,0.32965879371326334,RECOVERY,True,False,False,TREND,0.01282051282051282,0.1794871794871795,0.010256410256410256,12,Tue,7,0.9391728517478241,3,,False,82.23204187401525,15.0,76.26123588817767,56.0648275133746,B,False,172813.77998367476,176269.45558334826,165650.31742538192,167956.73897217825,False,LOSS_PAUSE_ACTIVE|CONSECUTIVE_LOSSES,0.006830713192721259,0.6830713192721258,101.63087704431959,NORMAL,54.05134404913404,11.913907024183736,15.651406951702459,7.423778834553865,15.885209365578314,3.1770418731156633,2306.4215467963386,1,870.2868754082353,502.5754250860987,-601.2865415805636,0,205.94247573858732,176.81642160396066,0.9822169942179552,0.7932094545583478,-0.2671520870914256,-0.37465911719206435,192.20179556636154
long,2026-03-11 03:21:00,2026-03-11 03:43:00,2504.917487380615,2493.336933563233,2493.336933563233,2528.078595015379,152.21159399024052,7.720369211588016,-1763.294555833513,-1762.694555833513,SL,22,2026-03-11,2026-03,39.67178733349891,7.382191002204673,0.47711607389026744,0.15092362834298317,0.04899640089844265,0.7109805675006878,0.26914805624483046,0.1131559892971239,0.5314524969103918,0.7281775572098153,Asia,3.7985894454111917,0.09931072511717673,0.6620557148472087,0.003077541940062638,0.6678636518937437,0.03322304935208161,TREND,0.580505591329655,NORMAL,False,False,False,3508.9561661086336,4491.043833891366,28760.499417239625,True,50.90277548422549,0.5026974864002254,SURVIVAL,False,False,False,RANGE,0.03076923076923077,0.2282051282051282,0.005128205128205128,22,Wed,3,-0.46247015148429615,0,,False,85.25266244728147,14.0,75.30636411074985,53.955831621293555,B,False,176269.45558334826,174506.16102751475,167956.73897217825,167085.8317450287,False,DRAWDOWN_CLUSTER,0.004828868253722085,0.4828868253722085,73.50097340679078,RECOVERY,19.435516887010916,8.138973368053437,4.785364824514731,4.340785796295166,0.0,2.170392898147583,-870.9072271495544,1,-870.9072271495544,-368.3318020634557,-1472.1937687301179,1,181.32701284393605,154.03982054410162,0.9823916929895179,0.6103880268835982,-0.2645892994155077,-0.4635394231816347,-39.586692143161564
long,2026-03-11 04:46:00,2026-03-11 04:47:00,2505.5642374367603,2496.82097474285,2496.82097474285,2523.050762824581,199.58929193452744,5.828841795940273,-1745.6616102751277,-1745.0616102751278,SL,1,2026-03-11,2026-03,23.441543625765004,5.49944037356106,0.07786049076371657,0.09219740832644059,0.04085592313892762,0.5763656910975915,0.10937413840639647,0.08127067834308827,0.6032430218205075,0.7955610697546182,London,6.1276099550840035,0.3347670250896057,0.6726505173772498,0.003019706484484368,0.9841267040490008,0.5743314033636614,RANGE,0.45,COMPRESSED,False,False,True,3508.9561661086336,4491.043833891366,28760.499417239625,True,50.90277548422549,0.5026974864002254,SURVIVAL,False,False,False,RANGE,0.03076923076923077,0.2282051282051282,0.005128205128205128,1,Wed,4,-0.3490738228350516,1,,False,40.81727322856355,56.0,20.069599952785282,42.706145307072575,F,True,174506.16102751475,172760.49941723963,167085.8317450287,167085.8317450287,True,LOW_ATR|LOW_LIQUIDITY|DRAWDOWN_CLUSTER,0.0010890355665839537,0.10890355665839536,21.73598376260082,RECOVERY,0.0,0.0,0.0,0.0,0.0,0.0,0.0,0,-870.9072271495544,-368.3318020634557,-1472.1937687301179,1,157.53702984246613,154.03982054410162,0.9825647059995303,0.6547521738189115,-0.8078225635191888,-0.5758310142029734,0.0
long,2026-03-12 05:24:00,2026-03-12 05:53:00,2517.142789299268,2537.9496761827486,2506.7393458575275,2537.9496761827486,166.060882038438,6.935628961160196,3454.609988344816,3455.209988344816,TP,29,2026-03-12,2026-03,28.940140999516277,7.257339430800812,0.4474496829335539,0.9048249241797629,0.19345877649375348,1.5139390435993327,0.8922249793217535,0.07325834915558045,0.6039309421038629,0.7961952026468155,London,4.894308279567416,0.18822718500137856,0.8341685702242857,0.003281116320992927,0.8362066980239283,0.2358147229114971,RANGE,0.45,NORMAL,False,False,False,0.0,8000.0,28760.499417239625,False,21.026241143369393,0.2875864391460615,RECOVERY,True,False,False,RANGE,0.04871794871794872,0.19487179487179487,0.0,29,Thu,5,0.826463792170908,2,,False,39.57740556934105,45.0,18.82453635403169,35.65905524016348,F,True,172760.49941723963,176215.10940558443,167085.8317450287,167085.8317450287,True,HIGH_SPREAD|CONSECUTIVE_LOSSES,0.0011674637441411635,0.11674637441411635,19.387005909997892,NORMAL,0.0,0.0,0.0,0.0,0.0,0.0,0.0,0,0.0,-368.3318020634557,-1472.1937687301179,1,197.74523665347039,154.03982054410162,1.4000985324672353,0.6547521738189115,-0.26822038945686966,-0.5159038560242257,0.0
long,2026-03-13 06:24:00,2026-03-13 06:37:00,2617.0716379176633,2634.778196890439,2608.218358431275,2634.778196890439,199.03936126326673,5.90218632425865,3523.702188111667,3524.302188111667,TP,13,2026-03-13,2026-03,21.035004163390283,6.063254743780874,0.1706368899917287,0.7864902122966639,0.15322297022300616,1.1838713359385624,0.726688723462917,0.11747075195845134,0.5409243795470149,0.7381858285084092,London/NY overlap,8.302362451124907,0.5784119106699752,0.7321984658786121,0.0028384199013636075,0.985239556504619,0.5773917838433967,RANGE,0.45,NORMAL,False,False,False,0.0,8000.0,32215.10940558443,False,14.6899514981191,0.22469210375853538,RECOVERY,True,False,False,TREND,0.06666666666666667,0.07948717948717948,0.0,13,Fri,6,0.6764638857091047,0,,False,40.783912324234905,42.0,18.82536125108036,33.76857878623338,F,False,176215.10940558443,179738.8115936961,167085.8317450287,167563.2235479095,False,LOW_ATR|HIGH_SPREAD,0.0013806095947063689,0.13806095947063687,27.47956518842932,NORMAL,9.093902098692295,2.4992340597866973,4.59528079107624,1.3329248318862388,0.0,0.6664624159431194,477.39180288078705,1,477.39180288078705,109.06000081733134,-994.8019658493308,0,237.81700715296674,160.91964995552047,1.4081005031165796,0.7902752403345251,0.12085979907355589,-0.33251680475298834,36.72244637544516
long,2026-03-16 04:11:00,2026-03-16 04:35:00,2692.0664029173277,2718.0003320920023,2679.0994383299903,2718.0003320920023,138.61286531870064,8.64464305822494,3594.176231873896,3594.776231873896,TP,24,2026-03-16,2026-03,32.27713313606395,8.326913022681099,0.6762062310449407,0.2169285911221395,0.05780328248358131,0.6524511006478972,0.19851116625310175,0.011797857719253227,0.23588392065559258,0.35919492693686245,Asia,4.118804578045612,0.12117452440033086,0.76397383084411,0.0036752735940935154,1.140628770535359,0.8702784670526607,RANGE,0.45,EXPANDING,False,False,True,349.9584142845124,7650.041585715488,35388.853179411584,False,13.109987571747755,0.1974476446195259,NORMAL,True,False,False,RANGE,0.035897435897435895,0.3230769230769231,0.007692307692307693,24,Mon,4,0.963185772239563,0,,False,29.59532671629446,30.0,31.106221029439723,41.68715568618083,F,False,179738.8115936961,183332.98782557,167563.2235479095,168005.77337485817,False,LOW_LIQUIDITY,0.001258622711165276,0.1258622711165276,17.446130034981024,NORMAL,9.821356388020558,2.17908611075507,2.6871110403418426,1.4686214597155336,2.905448147673427,0.5810896295346853,442.5498269486713,1,442.5498269486713,442.5498269486713,-552.2521389006595,0,277.7736645901207,166.78694530954445,1.4218104768476714,0.9159072877892968,0.5860469267522372,-0.18226483136835228,18.439576122861304
long,2026-03-17 03:55:00,2026-03-17 04:08:00,2748.672128121983,2737.774089411764,2737.774089411764,2770.468205542421,168.22567133447762,7.265359140145938,-1833.9298782556773,-1833.3298782556774,SL,13,2026-03-17,2026-03,17.3501815669764,7.162679190721896,0.4260821615660325,0.6558588365039978,0.1253460322586881,1.064022573098421,0.6344361731458505,0.10894766876416823,0.8047208291507857,0.9256134546457128,Asia,4.300713418586846,0.1348221670802316,0.7807003651405114,0.0028375539983175333,0.814945516728046,0.1966914805624483,CHOP,0.7169185817670494,COMPRESSED,True,True,False,4169.8351613184495,3830.1648386815505,35163.15266425154,False,29.515387556267722,0.31669502708386993,NORMAL,False,False,False,RANGE,0.08717948717948718,0.2743589743589744,0.002564102564102564,13,Tue,3,-0.39661352244436293,0,,False,51.148871089340034,38.0,22.99934417228475,42.669569954416744,F,True,183332.98782557,181499.05794731432,168005.77337485817,167892.2506351097,False,CHOP_REGIME|LOW_ADX,0.0005919583677970775,0.059195836779707744,9.958259382472498,NORMAL,4.9617260098261005,1.0699172588197026,1.609318598857699,0.5706225380371747,1.4265563450929368,0.28531126901858733,-113.52273974847846,1,-113.52273974847846,329.02708720019285,-665.7748786491379,1,252.93009349781715,161.0663394920338,1.4158383224682787,1.0671551150717762,0.581920157839177,-0.21966032680640535,-8.732518442190651
long,2026-03-17 04:09:00,2026-03-17 04:57:00,2749.8184425316404,2737.819125616318,2737.819125616318,2773.817076362285,151.25782511465422,7.9995446102149135,-1815.590579473117,-1814.9905794731171,SL,48,2026-03-17,2026-03,22.001939885274158,8.126705561407311,0.6381031155224703,0.7234353460159911,0.1386203836947372,1.2438927828543505,0.766914805624483,0.056682648440600884,0.10620430258154177,0.1655362558588365,Asia,4.461529267240667,0.1477253928866832,0.6976260789655093,0.0035281657382035285,1.0946290934771432,0.8017369727047147,RANGE,0.45,NORMAL,False,False,False,4169.8351613184495,3830.1648386815505,35163.15266425154,False,29.515387556267722,0.31669502708386993,NORMAL,False,False,False,RANGE,0.08717948717948718,0.2743589743589744,0.002564102564102564,48,Tue,4,-0.43651186080473636,1,,False,30.592018196856905,18.0,27.73041146485952,31.51200782548814,F,False,181499.05794731432,179683.4673678412,167892.2506351097,167674.92768761638,False,,0.001155238303388714,0.1155238303388714,17.473883325971997,NORMAL,7.578969425406311,2.1300765720683867,3.543264380631483,1.3376080534882049,0.0,0.5680204192182364,-217.3229474933119,1,-330.84568724179036,111.70413970688097,-883.0978261424498,2,228.87752753303886,153.49855375232687,1.4099751056417575,1.0734509619787989,0.5754852890604234,-0.29088120807875445,-4.527561406110665
long,2026-03-17 06:20:00,2026-03-17 07:03:00,2779.9161571025506,2798.9052601857716,2770.4216055609404,2798.9052601857716,189.24903043642257,6.329701027740275,3593.0693473568426,3593.6693473568425,TP,43,2026-03-17,2026-03,24.160158807058192,6.584776810631943,0.28668320926385443,0.9433416046319272,0.2153539051323393,1.5303870581739263,0.8978494623655914,0.08266373103585921,0.6913769493209541,0.8626964433416047,London/NY overlap,9.363968066266139,0.6879790460435622,0.7476932517015338,0.002719456906042097,1.0272898147998673,0.6703060380479735,EXPANSION,0.7538892738108693,NORMAL,True,False,False,4169.8351613184495,3830.1648386815505,35163.15266425154,False,29.515387556267722,0.31669502708386993,NORMAL,False,False,False,RANGE,0.08717948717948718,0.2743589743589744,0.002564102564102564,43,Tue,6,0.682967815736416,2,,False,74.69543588135659,27.0,55.68080133346798,43.59171415719667,C,False,179683.4673678412,183276.53671519805,167674.92768761638,169848.6194520119,False,LOSS_PAUSE_ACTIVE|HIGH_SPREAD|CONSECUTIVE_LOSSES,0.006236055659352038,0.6236055659352038,118.0167487279939,NORMAL,66.96627940737908,11.656709254354066,30.12381430700912,6.535021039049391,15.54227900580542,3.1084558011610843,2173.691764395518,1,1842.8460771537277,2285.395904102399,1290.5939382530682,0,267.5463990252665,193.11018533356594,1.4153408593028936,1.7966651160580163,0.5851301945005903,0.34619442294476666,50.550971265012045
long,2026-03-17 07:46:00,2026-03-17 08:25:00,2788.870882637457,2775.8553737810466,2775.8553737810466,2814.901900350277,140.81396181827603,8.677005904273472,-1833.3653671519762,-1832.7653671519763,SL,39,2026-03-17,2026-03,20.637338434488218,8.54575365436728,0.7180314309346567,0.4791838985387373,0.09546603826598539,0.8860941071868638,0.46308243727598564,0.05756827387842764,0.6143364917404702,0.8053487730907086,London/NY overlap,9.320369981638633,0.6837606837606838,0.7690685387510244,0.003320822585283353,0.8528501323477417,0.2694513371932727,CHOP,0.6839506307052361,NORMAL,False,False,False,4169.8351613184495,3830.1648386815505,35163.15266425154,False,29.515387556267722,0.31669502708386993,NORMAL,False,False,False,RANGE,0.08717948717948718,0.2743589743589744,0.002564102564102564,39,Tue,7,-0.4668473495343746,0,,False,51.78255695161797,20.0,27.750460897968907,43.39394950764531,F,True,183276.53671519805,181443.17134804607,169848.6194520119,169848.6194520119,True,LOSS_PAUSE_ACTIVE|DAILY_PROFIT_LOCK|CHOP_REGIME,0.0005431817439597358,0.054318174395973584,7.648757335433083,NORMAL,0.0,0.0,0.0,0.0,0.0,0.0,0.0,0,1842.8460771537277,2285.395904102399,1290.5939382530682,0,243.67240168234324,193.11018533356594,1.4094866851928545,1.7966651160580163,0.5786529968263924,0.3461944229447666,0.0
long,2026-03-17 09:17:00,2026-03-17 09:27:00,2792.9569529441073,2775.1023998557025,2775.1023998557025,2828.666059120917,101.62291402627164,11.903035392269846,-1815.0317134804666,-1814.4317134804667,SL,10,2026-03-17,2026-03,19.34024037515231,12.730114495105353,0.9881720430107527,0.7342983181692859,0.140985859993516,1.3137293819567246,0.8069203198235456,0.015598826872840267,0.1823737103595576,0.2806727322856355,New York,6.4083576633775134,0.36934105321202093,0.7592822377936926,0.0052571905604181035,1.1356969663442718,0.8637992831541219,HIGH_RISK,0.7137786049076372,EXPANDING,False,True,False,4169.8351613184495,3830.1648386815505,35163.15266425154,False,29.515387556267722,0.31669502708386993,NORMAL,False,False,False,RANGE,0.08717948717948718,0.2743589743589744,0.002564102564102564,10,Tue,9,-0.6394820102690335,1,,False,36.63416735594155,32.0,18.359300275606778,37.63246680441847,F,False,181443.17134804607,179628.1396345656,169848.6194520119,169848.6194520119,True,DAILY_PROFIT_LOCK|HIGH_RISK_REGIME,0.0001925,0.01925,1.9562410950057292,NORMAL,0.0,0.0,0.0,0.0,0.0,0.0,0.0,0,1842.8460771537277,2285.395904102399,1290.5939382530682,0,220.5408947704016,193.11018533356594,1.4037385626837477,2.047113368337755,0.5722611056733421,0.4164014715952886,0.0
long,2026-03-18 07:45:00,2026-03-18 08:21:00,2825.0857046820433,2813.8203203794114,2813.8203203794114,2847.6164732873067,159.45140867728904,7.510256201754518,-1796.881396345676,-1796.281396345676,SL,36,2026-03-18,2026-03,21.650338700142996,7.434875032000252,0.48933002481389576,0.6533498759305211,0.12496866698513559,1.1097237895666512,0.6722635787151916,0.1704871049265019,1.0176388842928898,0.9851116625310173,London/NY overlap,8.805614496234014,0.6313482216708023,0.7313377915108435,0.0033784480014605657,1.027928116704278,0.6716570168183071,EXPANSION,0.7633036049104787,NORMAL,True,False,False,1796.8813963456778,6203.118603654322,33831.25823821992,False,24.856870337268592,0.28981317523723427,RECOVERY,False,False,False,CHOP,0.05897435897435897,0.3641025641025641,0.0,36,Wed,7,-0.39889576396925075,2,,False,83.08478980566711,15.0,69.15530370325108,48.788345742117656,B,False,179628.1396345656,177831.25823821992,169848.6194520119,168568.6486714131,False,CONSECUTIVE_LOSSES,0.006809211138789839,0.6809211138789839,108.57383080611274,NORMAL,56.4362986906684,12.10849295683481,18.158186688174588,6.79603031472331,16.14465727577975,3.2289314551559496,-1279.97078059879,1,-1279.97078059879,1005.425123503609,10.623157654278202,1,198.1250915357785,164.78170521948215,1.3980939183926626,2.17592915437058,0.5659529530112855,0.06762037315137731,-35.554743905521946
long,2026-03-19 07:48:00,2026-03-19 08:27:00,2837.1205470344903,2867.5368421642293,2821.9123994696206,2867.5368421642293,116.93157071213983,10.138765043246357,3556.025164764385,3556.625164764385,TP,39,2026-03-19,2026-03,26.266217689176337,9.928016902812924,0.8878411910669975,0.41615660325337744,0.08612914857006106,0.7703630503243035,0.3362282878411911,0.0969753661850368,0.7414978777663679,0.8951199338296113,London/NY overlap,7.012142185801787,0.43666942376619794,0.7015811750396486,0.004434362167481266,1.166437751149771,0.9001654259718775,EXPANSION,0.7399177286692908,EXPANDING,True,False,False,368.6729802254995,7631.3270197745005,33462.58525799442,False,15.913037744317704,0.2272609454691154,RECOVERY,True,False,False,RANGE,0.07692307692307693,0.24615384615384617,0.005128205128205128,39,Thu,7,1.0719024242847761,3,,False,85.67803254156404,15.0,71.32741875968497,50.44181225137216,B,False,177831.25823821992,181387.2834029843,168568.6486714131,170335.6819010947,False,CONSECUTIVE_LOSSES,0.005124714481658935,0.5124714481658935,59.92409137916288,NORMAL,55.3281362195595,20.82245872343124,9.223306153633917,6.2446947953572085,11.898547841960708,7.139128705176423,1767.033229681605,1,1767.033229681605,2772.458353185214,1777.6563873358832,0,235.02509234048844,195.01286605839013,1.406055796760514,1.9585849277737195,0.5754981033742569,0.47321555693183714,45.30854435081039
long,2026-03-23 05:03:00,2026-03-23 06:07:00,2867.678459476552,2855.4332037559893,2855.4332037559893,2892.1689709176762,148.1286202119882,8.163503813708175,-1814.4728340298716,-1813.8728340298717,SL,64,2026-03-23,2026-03,24.156854865582908,8.668301043576689,0.7389578163771712,0.9312930796801765,0.20735406702202622,1.4398866934849774,0.8660049627791563,0.09312122073992253,0.7547179709870442,0.9022056796250345,London,7.519713192167975,0.49374138406396473,0.752866095627807,0.004128051771643709,1.064201010351529,0.7476151089054315,RANGE,0.45,NORMAL,False,False,False,1814.4728340298752,6185.527165970125,35572.81056895442,False,22.276980839453763,0.26253020919929504,RECOVERY,True,True,False,CHOP,0.08717948717948718,0.32051282051282054,0.0,64,Mon,5,-0.4271506177409339,0,,False,41.16825199889716,30.0,26.82928001744331,35.095629617663874,F,False,181387.2834029843,179572.81056895442,170335.6819010947,170139.6525056681,False,HIGH_SPREAD,0.0010326562298099947,0.10326562298099946,15.29659424750683,NORMAL,8.656727838409848,1.9889322581824895,4.948958313185303,1.188455331526725,0.0,0.5303819355153305,-196.02939542660417,1,-196.02939542660417,-196.02939542660417,1581.626991909279,1,212.74794096689757,187.77134269755692,1.4003695151681068,2.6901390554241305,0.12760803812059957,0.4267203622921535,-3.06295930354069
long,2026-03-23 06:16:00,2026-03-23 07:13:00,2867.9783021835788,2893.5041836525643,2855.215361449086,2893.5041836525643,140.6986166469033,8.508627156328512,3590.8562113790863,3591.456211379086,TP,57,2026-03-23,2026-03,18.3853202141266,8.041064496934329,0.6212572373862696,0.045023435346015994,0.03372053965314604,0.5438155627595109,0.07587537910118555,0.12694464208906384,0.6570741674700865,0.8389578163771713,London/NY overlap,8.106282163999337,0.558147229114971,0.6636403696130218,0.0035064252171182644,1.1626747920126568,0.8961400606561897,RANGE,0.75,NORMAL,False,True,True,1814.4728340298752,6185.527165970125,35572.81056895442,False,22.276980839453763,0.26253020919929504,RECOVERY,True,True,False,CHOP,0.08717948717948718,0.32051282051282054,0.0,57,Mon,6,0.8898818033352107,1,,False,47.12868762062311,20.0,54.91190065329117,50.48616312916655,C,False,179572.81056895442,183163.6667803335,170139.6525056681,170955.75291464632,False,LOW_LIQUIDITY,0.0023166813754761906,0.23166813754761906,32.59538647411452,NORMAL,15.786561713288906,3.9315240741128354,2.8282264200196296,2.7363727005759038,5.242032098817114,1.0484064197634229,816.1004089782034,1,620.0710135515992,620.0710135515992,2397.7274008874824,0,249.0716858100394,199.19550753902323,1.9536078652753666,3.1418103493454117,0.5843994591753057,0.7600399492832033,14.317551034705323
long,2026-03-23 06:37:00,2026-03-23 07:19:00,2871.6025629409387,2899.684318893007,2857.5616849649045,2899.684318893007,127.8928645882841,9.360585317356039,3590.856211379113,3591.456211379113,TP,42,2026-03-23,2026-03,24.42423998766352,9.91948592486489,0.887262200165426,0.7387648194099807,0.14198310542628034,1.3463982296511714,0.8236834849738075,0.036172589649039064,0.3581964336290599,0.5237110559691205,London/NY overlap,6.782804262417078,0.4107251171767301,0.7487376273341813,0.004093314666862158,1.1676087973461087,0.901626688723463,HIGH_RISK,0.7065081334436174,EXPANDING,False,False,False,1814.4728340298752,6185.527165970125,35572.81056895442,False,22.276980839453763,0.26253020919929504,RECOVERY,True,True,False,CHOP,0.08717948717948718,0.32051282051282054,0.0,42,Mon,6,0.9777489715223934,0,,False,41.29654673283706,32.0,17.14941655085181,41.4901072042844,F,False,183163.6667803335,186754.5229917126,170955.75291464632,171027.97255130878,False,HIGH_RISK_REGIME,0.00020720202646815547,0.020720202646815546,2.6499660713509865,NORMAL,2.1836317129059517,0.9200205401147469,0.6717979200417709,0.2763776389958064,0.0,0.31543561375362744,72.2196366624456,1,692.2906502140448,692.2906502140448,2469.947037549928,0,284.622585018221,196.92808127337003,1.9660968953337015,3.181780353500529,1.0256931961572051,0.8350488465805688,1.719515158629657
short,2026-03-30 08:10:00,2026-03-30 08:16:00,2966.3985469706413,2981.4940328587604,2981.4940328587604,2936.207575194403,123.71547651784944,10.063657258746067,-1868.1452299171294,-1867.5452299171295,SL,6,2026-03-30,2026-03,31.457076188526703,10.615250967933136,0.9357595809208712,0.8475323959194927,0.17069945425898916,1.597895673535457,0.9165977391783844,0.025047731086948903,0.5478801464681029,0.7447477253928867,New York,9.807226145375543,0.727874276261373,0.7003280431634903,0.004765071239506462,1.169948241141608,0.9040253653156879,HIGH_RISK,0.754995864350703,EXPANDING,False,False,False,1868.145229917136,6131.854770082864,40886.37776179548,False,12.709136918550168,0.1670738970045838,NORMAL,False,False,False,TREND,0.07948717948717948,0.023076923076923078,0.0,6,Mon,8,-0.5090460869253299,0,,False,44.269244554728424,44.0,16.850617626563178,47.196768715617495,F,False,186754.5229917126,184886.37776179548,171027.97255130878,170988.7144095481,False,HIGH_RISK_REGIME|HIGH_SPREAD,0.00019786628067273228,0.01978662806727323,2.447912120024162,NORMAL,2.2938469206668715,0.9094820525525609,0.7984187487209182,0.2741237013753713,0.0,0.31182241801802085,-39.25814176068774,1,-39.25814176068774,-39.25814176068774,2430.6888957892406,1,261.9618711767963,192.78446332540412,1.4028643792905642,2.855524310823893,0.5791775286981792,0.8255267771636402,-6.543023626781291
long,2026-04-01 08:01:00,2026-04-01 09:19:00,2901.686400653714,2885.73092977847,2885.73092977847,2933.5973424042013,115.87647848655021,10.636980583495799,-1849.4637776179802,-1848.8637776179803,SL,78,2026-04-01,2026-04,26.26452845851295,10.225575951003666,0.9108905431486076,0.204383788254756,0.05618459745899075,0.6749704492363428,0.22619244554728427,0.07883660570630428,0.8802542430734028,0.9548387096774194,New York,6.220873662117955,0.34593327819134273,0.7554555059152589,0.004859885136833552,1.2140064486303928,0.9420457678522195,RANGE,0.45,EXPANDING,False,False,True,1849.463777617988,6150.536222382012,39036.91398417749,False,18.775022471110315,0.21999559187110684,NORMAL,False,False,False,RANGE,0.04871794871794872,0.38461538461538464,0.01282051282051282,78,Wed,8,-0.5500473379586726,1,,False,41.75909842845327,30.0,36.07887233909479,44.22705265340413,D,False,184886.37776179548,183036.9139841775,170988.7144095481,170754.33553501157,False,LOW_LIQUIDITY,0.0011937162934052194,0.11937162934052194,13.832364039181437,NORMAL,13.605369995972213,4.9505361172603575,2.5430297504408523,1.5855996782043884,2.828877781291633,1.6973266687749797,-234.37887453650723,1,-234.37887453650723,-273.637016297195,-234.37887453650723,2,239.9678540018507,185.41957818985392,0.9797582378689539,2.3211174132463412,0.572776054749039,0.7679622914564913,-3.004857365852657
long,2026-04-02 03:23:00,2026-04-02 03:29:00,2908.4269143282872,2895.9404535975814,2895.9404535975814,2933.399835789699,146.58830707252935,8.324307153803838,-1830.9691398417892,-1830.3691398417893,SL,6,2026-04-02,2026-04,30.489693734033004,7.831844071737538,0.5755169561621174,0.019272125723738626,0.02834296881396019,0.52321187722841,0.057706093189964155,0.020183800447482823,0.3961467885984184,0.5702784670526606,Asia,2.856553638938606,0.042404190791287565,0.715288388211247,0.003435259005422879,0.7881463036183005,0.15293631100082714,RANGE,0.45,COMPRESSED,False,False,True,5438.161442244076,2561.838557755924,33598.75254193341,False,40.904124941323495,0.4065159368678621,RECOVERY,False,False,False,RANGE,0.09230769230769231,0.18974358974358974,0.0,6,Thu,3,-0.4294608114469225,2,,False,37.77012682657844,45.0,27.325746510826587,44.5217211455109,F,True,183036.9139841775,181205.9448443357,170754.33553501157,170754.33553501157,True,LOW_LIQUIDITY|CONSECUTIVE_LOSSES,0.0011921296845982875,0.11921296845982875,17.475227227617133,NORMAL,0.0,0.0,0.0,0.0,0.0,0.0,0.0,0,0.0,-273.637016297195,-234.37887453650723,2,218.61798808593687,185.41957818985392,0.9799565983525774,2.455080274361711,0.5664585686903839,0.8596813167966987,0.0
short,2026-04-02 04:34:00,2026-04-02 04:41:00,2885.675993193814,2899.0734412760244,2899.0734412760244,2858.8810970293935,135.25407505400162,8.931632054806842,-1812.6594484433624,-1812.0594484433625,SL,7,2026-04-02,2026-04,16.06490391729224,8.824063469641462,0.7647091259994486,0.6704163220292253,0.12819490240864262,1.2178632444365607,0.7495726495726496,0.052273082239245997,0.5838532051051779,0.7783567686793493,London,5.6298333663278655,0.27480011028398127,0.7546760136234747,0.003642390394394622,0.8995313633694588,0.3673835125448029,CHOP,0.7237278587337166,NORMAL,False,True,False,5438.161442244076,2561.838557755924,33598.75254193341,False,40.904124941323495,0.4065159368678621,RECOVERY,False,False,False,RANGE,0.09230769230769231,0.18974358974358974,0.0,7,Thu,4,-0.4644278917441418,3,,False,48.01472681400823,53.0,11.717256882015443,40.2643115192138,F,True,181205.9448443357,179393.28539589234,170754.33553501157,170754.33553501157,True,CHOP_REGIME|LOW_ADX|CONSECUTIVE_LOSSES,0.00046158698649021227,0.046158698649021224,6.24315209146976,NORMAL,0.0,0.0,0.0,0.0,0.0,0.0,0.0,0,0.0,-273.637016297195,-234.37887453650723,2,197.89066730502566,185.41957818985392,0.9801530543660214,2.760026513443832,0.5602235368395766,1.2959543951525498,0.0
short,2026-04-02 05:22:00,2026-04-02 05:28:00,2865.8837233893014,2876.526446771426,2876.526446771426,2844.598276625052,168.5595678425694,7.09514892141637,-1794.5328539589289,-1793.932853958929,SL,6,2026-04-02,2026-04,20.734622474158442,7.499282730804573,0.5045767852219465,0.8452440033085195,0.16994655925281266,1.4568934068503565,0.8727874276261373,0.001458867837212001,0.1960904997880935,0.3012406947890819,London,8.380690996300244,0.5873449131513647,0.8083121984985802,0.0030730214080958423,0.8603139076110357,0.2845878136200717,CHOP,0.7062483777990554,NORMAL,False,False,False,5438.161442244076,2561.838557755924,33598.75254193341,False,40.904124941323495,0.4065159368678621,RECOVERY,False,False,False,RANGE,0.09230769230769231,0.18974358974358974,0.0,6,Thu,5,-0.3714834229917822,4,,False,34.71365949659708,57.0,0.0,36.50082081016968,F,True,179393.28539589234,177598.7525419334,170754.33553501157,170754.33553501157,True,CHOP_REGIME|HIGH_SPREAD|CONSECUTIVE_LOSSES,0.0005617379376895506,0.05617379376895505,9.468630401772682,NORMAL,0.0,0.0,0.0,0.0,0.0,0.0,0.0,0,0.0,-273.637016297195,-234.37887453650723,2,177.76517719124834,185.41957818985392,0.6541210047415315,1.517659367881495,0.11601446311991534,0.8395920036658586,0.0
short,2026-04-03 05:47:00,2026-04-03 05:55:00,2746.3294239999195,2756.1990451570628,2756.1990451570628,2726.5901816856335,179.94485270936474,6.579747438095359,-1776.5875254193681,-1775.9875254193682,SL,8,2026-04-03,2026-04,22.751173341445455,6.500270681516117,0.2666115246760408,0.49674662255307417,0.09815831785106202,0.8154131230743612,0.3864350703060381,0.09061053146195301,0.2957062501934307,0.4413564929693962,London,13.595667814389536,0.9327267714364489,0.7897249280172862,0.0032443207961445116,1.0514290230029661,0.7210642404190791,CHOP,0.668803431047129,NORMAL,False,False,False,1959.4543734914332,6040.545626508567,31639.29816844198,False,26.361646533107084,0.31160736419616114,RECOVERY,True,False,False,RANGE,0.05384615384615385,0.1,0.0,8,Fri,5,-0.3594964036636252,5,,False,43.924248874033374,57.0,3.9071997336550357,41.47234995884836,F,True,177598.7525419334,175822.16501651405,170754.33553501157,170754.33553501157,True,CHOP_REGIME|LOW_ATR|CONSECUTIVE_LOSSES,0.0006533545629997243,0.06533545629997242,11.756779060597674,NORMAL,0.0,0.0,0.0,0.0,0.0,0.0,0.0,0,0.0,-273.637016297195,-234.37887453650723,2,158.2216501651422,185.41957818985392,0.6563913244595344,1.517659367881495,0.11483297238678226,1.1564583604043235,0.0
short,2026-04-03 06:08:00,2026-04-03 06:33:00,2747.3439019368684,2732.306321522189,2754.8626921442083,2732.306321522189,233.84369049808095,5.012526804893116,3515.843300330263,3516.443300330263,TP,25,2026-04-03,2026-04,21.759265066079276,4.97914949176007,0.027543424317617866,0.5438378825475599,0.10574025351860984,0.9540633600948675,0.5327267714364489,0.05088229306479107,0.38795018362237504,0.5601323407775021,London,17.749119811678707,0.9904052936311001,0.7826220828545573,0.0029530771386127716,1.0268517367361292,0.6692859112213951,CHOP,0.6794990573172789,COMPRESSED,False,False,False,1959.4543734914332,6040.545626508567,31639.29816844198,False,26.361646533107084,0.31160736419616114,RECOVERY,True,False,False,RANGE,0.05384615384615385,0.1,0.0,25,Fri,6,0.5472563732402594,6,,False,45.51837502435802,47.0,9.544923178562179,41.291248173690576,F,True,175822.16501651405,179338.0083168443,170754.33553501157,170754.33553501157,True,CHOP_REGIME|LOW_ATR|CONSECUTIVE_LOSSES,0.0007350000000000001,0.07350000000000001,17.187511251608953,NORMAL,0.0,0.0,0.0,0.0,0.0,0.0,0.0,0,0.0,-273.637016297195,-234.37887453650723,2,191.46542887964836,185.41957818985392,0.9800510823082665,1.517659367881495,0.5587570262071578,1.1564583604043237,0.0
long,2026-04-06 04:55:00,2026-04-06 05:28:00,2745.1818699007194,2732.740510027384,2732.740510027384,2770.06458964739,144.1466287790655,8.29423991555695,-1793.9800831684374,-1793.3800831684375,SL,33,2026-04-06,2026-04,21.11931969383207,8.381742576068294,0.6872070581748001,0.6264130135097877,0.11996974825407253,1.1332647128770346,0.6907912875654811,0.053836312348668765,0.6148165659889662,0.8057623380204025,London,5.5402716617097125,0.263744141163496,0.7887508420606392,0.0037232786110637565,0.9706971581370094,0.5408326440584506,CHOP,0.6883610507541,NORMAL,False,False,False,2005.4526493296726,5994.547350670327,33332.55566751462,False,25.955091891866147,0.30021388328386317,RECOVERY,True,False,False,RANGE,0.04871794871794872,0.3128205128205128,0.0,33,Mon,4,-0.4533587533141134,0,,False,48.9124022515238,20.0,25.856229851671785,42.073749401367024,F,True,179338.0083168443,177544.02823367587,170754.33553501157,170658.24959511802,False,CHOP_REGIME,0.0005186287780366623,0.051862877803666226,7.475858994179112,NORMAL,3.0449700579926176,0.9399108843629124,1.3531304661393753,0.5012858049935532,0.0,0.2506429024967766,-96.08593989356825,1,-96.08593989356825,-96.08593989356825,-330.4648144300755,3,172.00027680074555,180.6482982223383,0.9802466309018427,4.693490478176813,0.11569762088264636,1.1237130663808959,-2.911695148289947
short,2026-04-06 07:35:00,2026-04-06 08:19:00,2718.07113131939,2694.696680102317,2729.758356927927,2694.696680102317,151.9128954813643,7.791483739024461,3550.280564673509,3550.880564673509,TP,44,2026-04-06,2026-04,34.238301420726465,7.75744355200113,0.5599393438103115,0.4865177832919768,0.09654120063124147,0.8389595589816835,0.41113868210642407,0.03701881939580832,0.47416466272130176,0.6644885580369452,London/NY overlap,7.146350651382192,0.45166804521643233,0.7714032031071828,0.003746167093099428,1.066930243819546,0.7528535980148884,RANGE,0.45,NORMAL,False,False,False,2005.4526493296726,5994.547350670327,33332.55566751462,False,25.955091891866147,0.30021388328386317,RECOVERY,True,False,False,RANGE,0.04871794871794872,0.3128205128205128,0.0,44,Mon,7,0.8598193518926613,1,,False,45.30941549489937,8.0,46.53570006122983,41.873816962249954,D,False,177544.02823367587,181094.30879834938,170658.24959511802,171376.13502999532,False,LOSS_PAUSE_ACTIVE,0.0020529778811604026,0.20529778811604024,31.187381428627294,NORMAL,10.979312241533977,3.6290152645095684,4.204193888938273,2.1783656842169163,0.0,0.9677374038692184,717.8854348773039,1,621.7994949837356,621.7994949837356,387.4206204472284,0,204.79911454708304,189.602250499921,0.9798515635198799,2.8390610766816047,0.11792916622680044,1.1877451111763384,16.315578065393268
short,2026-04-07 06:04:00,2026-04-07 06:28:00,2685.7356995601313,2664.1327537819943,2696.5371724491997,2664.1327537819943,167.65705071724545,7.200981926045605,3621.2861759670063,3621.8861759670062,TP,24,2026-04-07,2026-04,16.161565585495048,7.078540552345103,0.40686517783291976,0.511166253101737,0.10034100379277035,0.9331406544497741,0.5117728149986215,0.09930631483534803,0.7776186583660218,0.9135097877033361,London,8.701697061993643,0.6207058174800111,0.7754197915272697,0.0031046170810380383,0.9231208314612885,0.42249793217535153,CHOP,0.727392618848786,NORMAL,False,True,False,0.0,8000.0,37094.308798349375,False,10.685110318155699,0.1714612502989742,RECOVERY,True,True,False,RANGE,0.07435897435897436,0.09487179487179487,0.0,24,Tue,6,0.8042253393586475,0,,False,53.957759974763775,38.0,24.50519020588406,43.613638210931306,F,True,181094.30879834938,184715.5949743164,171376.13502999532,171590.01941566842,False,CHOP_REGIME|LOW_ADX,0.0005994838773809767,0.05994838773809767,10.050769883423337,NORMAL,3.2058821143965557,1.0671717330315142,1.2849729949398296,0.5691582576168076,0.0,0.2845791288084038,213.88438567308654,1,213.88438567308654,835.6838806568221,601.3050061203149,0,237.6499516761208,190.00031828964507,1.404105594380375,4.922847866800949,0.12020048513721307,1.1200812912882452,8.911849403045272
short,2026-04-14 05:04:00,2026-04-14 05:06:00,2361.935926883205,2371.135615709305,2371.135615709305,2343.5365492310043,200.7846118123733,6.133125884066823,-1847.7559497431369,-1847.155949743137,SL,2,2026-04-14,2026-04,26.66324105601708,6.216914416419196,0.20173697270471463,0.6604631927212572,0.12630552116906754,1.024349424743439,0.598814447201544,0.028403144157009116,0.15524446409999001,0.23906810035842294,London,5.484978581800221,0.2566583953680728,0.7722409258604253,0.003071091287769184,0.916820469901742,0.4069754618141715,RANGE,0.45,NORMAL,False,False,False,1847.7559497431503,6152.24405025685,38867.839024573244,False,17.01741312557669,0.20818617938128597,NORMAL,False,False,False,RANGE,0.028205128205128206,0.2076923076923077,0.0,2,Tue,5,-0.3896243330807648,0,,False,33.322098152743315,30.0,24.046356034667873,33.88193640411921,F,False,184715.5949743164,182867.83902457324,171590.01941566842,171330.9188243588,False,LOW_ATR,0.0013566625310173698,0.135666253101737,27.239695965071448,NORMAL,8.422464961508359,2.540202878161927,3.850099780816891,1.354774868353028,0.0,0.677387434176514,-259.1005913096012,1,-259.1005913096012,-259.1005913096012,342.20441481071373,1,217.78894309117544,182.75675523159268,0.9797018081813099,1.596615554878301,0.1189747406654064,1.0691017921370434,-129.5502956548006
short,2026-04-15 05:04:00,2026-04-15 05:52:00,2354.3748510548917,2332.9320197510315,2365.096266706822,2332.9320197510315,170.5631466602561,7.14761043462012,3656.756780491439,3657.3567804914387,TP,48,2026-04-15,2026-04,19.172147139769873,7.168877690307589,0.42746071133167907,0.6012131237937689,0.11542217961527414,1.2428298869454624,0.7663082437275985,0.13413383018683647,0.7504379059634831,0.9004687069203198,London,6.472114226187109,0.37728149986214504,0.7471692473411725,0.0035099612878735417,0.8293907417178858,0.223104494072236,CHOP,0.6810913068871453,COMPRESSED,False,True,False,628.7307338784449,7371.269266121555,38239.1082906948,False,17.80339439866248,0.21698889821689588,RECOVERY,True,True,False,RANGE,0.03076923076923077,0.26666666666666666,0.007692307692307693,48,Wed,5,0.9106159767002917,1,,False,51.2014812658382,20.0,33.409573339444925,43.16927708627728,F,True,182867.83902457324,186524.5958050647,171330.9188243588,171621.1262436284,False,CHOP_REGIME,0.0008065038632819615,0.08065038632819616,13.755983671502435,NORMAL,4.71142778530185,1.4792244667630392,2.0488237451283795,0.7889197156069543,0.0,0.39445985780347714,290.20741926958345,1,290.20741926958345,31.10682795998224,632.4118340802972,0,250.2320358968383,184.4623213274338,0.9842235691275242,1.9432752553199604,0.5777896777181761,1.2359133435279985,6.045987901449656
short,2026-04-15 05:19:00,2026-04-15 05:52:00,2354.4182137642624,2333.8084572642374,2364.7230920142747,2333.8084572642374,177.4575444638096,6.869918833341648,3656.756780491478,3657.356780491478,TP,33,2026-04-15,2026-04,17.66736516357696,7.005976016201993,0.3886958919216984,0.5164874551971326,0.10128114871079696,1.0439898418866178,0.6164047422111938,0.050986407944740894,0.5170419218449357,0.7129583677970774,London,6.622602643505455,0.3947063688999173,0.7665007424857616,0.003602861056426297,0.8977052552864494,0.3636889991728701,CHOP,0.7131530416883491,NORMAL,False,True,False,628.7307338784449,7371.269266121555,38239.1082906948,False,17.80339439866248,0.21698889821689588,RECOVERY,True,True,False,RANGE,0.03076923076923077,0.26666666666666666,0.007692307692307693,33,Wed,5,0.8752215425941403,0,,False,49.626713877324136,38.0,21.683947104497417,41.65860432903259,F,True,186524.5958050647,190181.35258555616,171621.1262436284,171839.44471898864,False,CHOP_REGIME|LOW_ADX,0.0006063520816101462,0.060635208161014614,10.760175148305601,NORMAL,3.4097332190590954,1.1307829352874263,1.374323935541728,0.6030842321532941,0.0,0.30154211607664705,218.3184753602433,1,508.5258946298268,249.42530332022554,850.7303094405405,0,282.068715752863,184.99132373419647,1.4167319510093073,2.442978677443265,0.5823012382560425,0.8061901233052395,6.615711374552827
long,2026-04-20 09:08:00,2026-04-21 03:23:00,2455.398783080036,2445.451636849337,2445.451636849337,2475.293075541435,191.19187370404757,6.631430820466229,-1902.4135258555375,-1901.8135258555376,SL,45,2026-04-20,2026-04,38.41046841627435,6.584216254376859,0.2864902122966639,0.5766473669699476,0.11112546926831823,0.8188452904313598,0.38974358974358975,0.1441642791325129,0.6112750570723181,0.8029776674937965,New York,9.531141938173196,0.7039426523297491,0.8117154790546698,0.0042890641038741675,1.3300371387669827,0.9890818858560794,EXPANSION,0.745053901689805,NORMAL,True,False,False,333.9551781959599,7666.04482180404,45847.3974073602,False,6.133111243140396,0.09492141391380984,NORMAL,False,False,False,TREND,0.03333333333333333,0.2358974358974359,0.0,45,Mon,9,-0.40524107562316947,0,,False,80.70241453582406,0.0,81.4795007272862,53.339017820121384,A,False,190181.35258555616,188278.9390597006,171839.44471898864,170198.67625091216,False,,0.008232691170388754,0.8232691170388754,157.4023650493394,NORMAL,74.57016440258508,15.545568156528308,20.730102677241995,13.421584518369487,20.727424208704413,4.145484841740882,-1640.7684680764871,1,-1640.7684680764871,-1640.7684680764871,-790.0381586359466,1,261.842028330563,156.90271155249366,1.41085247795208,0.7216073086317188,0.5758532149623782,0.11680103986832997,-36.461521512810826
long,2026-04-21 04:49:00,2026-04-21 05:13:00,2473.6224970383164,2500.0892122999553,2460.3891394074967,2500.0892122999553,142.27601513709004,8.822238420546356,3764.9787811939896,3765.5787811939895,TP,24,2026-04-21,2026-04,25.584798611557645,8.81309305996216,0.7631651502619244,0.5205128205128206,0.10191753206344228,0.9417285182139472,0.5204852495175076,0.08232424590796304,0.9450180879115259,0.9717397298042459,London,4.590774208614772,0.1591949269368624,0.7497452012169451,0.004620848108633257,1.0836292605918758,0.7822994210090984,RANGE,0.45,NORMAL,False,False,False,1643.0007436023152,6356.999256397685,44278.93905970061,False,14.151724441816599,0.16049772068257645,NORMAL,True,False,False,RANGE,0.041025641025641026,0.16153846153846155,0.0,24,Tue,4,1.0697872508187154,1,,False,50.77453818582851,8.0,47.04979422929304,41.294886592127334,D,False,188278.9390597006,192043.9178408946,170198.67625091216,170850.41033217584,False,,0.0017751461692629377,0.17751461692629375,25.25607232486011,NORMAL,16.604684815590762,7.790444050484446,4.08334027527618,2.059891101092613,0.0,2.671009388737524,651.7340812636846,1,651.7340812636846,-989.0343868128025,-138.304077372262,0,293.980897622888,164.40015654811776,1.9917682127283642,1.0481347511336272,1.0260535228473853,0.3273944665994359,27.155586719320194
long,2026-04-22 05:12:00,2026-04-22 06:07:00,2513.912709624527,2530.5926148949334,2505.572756989324,2530.5926148949334,230.26979437541712,5.559968423468763,3840.2783568179134,3840.8783568179133,TP,55,2026-04-22,2026-04,32.83168341688705,5.437054031622918,0.06934105321202096,0.40595533498759306,0.08468561885283855,0.902810135036835,0.480479735318445,0.04047058829360342,0.12924153796069773,0.19958643507030605,London,8.087716212582967,0.5558312655086849,0.7183037977580741,0.0026113252195202213,0.8288754045257092,0.2221946512269093,RANGE,0.45,NORMAL,False,False,False,238.22981980003533,7761.770180199965,47805.68802109457,False,11.014748798933606,0.12027775124684914,NORMAL,True,True,False,RANGE,0.028205128205128206,0.34102564102564104,0.0,55,Wed,5,0.6634001080216279,0,,False,37.622622001654264,30.0,30.970615728224963,39.94609132789411,F,False,192043.9178408946,195884.1961977125,170850.41033217584,171548.74274369056,False,LOW_ATR,0.0018438354670978296,0.18438354670978296,42.45796138707184,NORMAL,9.751732268194583,3.4626934520110373,3.518884054574718,1.846769841072553,0.0,0.9233849205362765,698.3324115147097,1,698.3324115147097,-290.70197529809275,560.0283341424478,0,326.2199654337519,172.36929468194748,2.809152215318314,1.3980085768294666,1.4772024367071195,1.0657886571090303,12.696952936631087
long,2026-04-27 07:07:00,2026-04-27 08:20:00,2629.4784885845233,2654.2513324068836,2617.092066673343,2654.2513324068836,158.14429510180383,8.257614607453442,3917.0839239542456,3917.6839239542455,TP,73,2026-04-27,2026-04,19.568317170019025,8.319525699242547,0.6747173972980425,0.5545905707196029,0.10751525803925208,0.9169443006744921,0.4950923628342983,0.0500897323740852,0.4124525188303991,0.591645988420182,London/NY overlap,6.235778852554058,0.3480011028398125,0.7398860175793507,0.0035285267749146938,1.0210192155982372,0.6563551144196306,CHOP,0.682256562973109,NORMAL,False,True,False,134.31743537946022,7865.68256462054,51749.87876233304,False,9.83913321176011,0.09209236531300759,NORMAL,True,False,False,RANGE,0.041025641025641026,0.2512820512820513,0.005128205128205128,73,Mon,7,0.9419757539926262,0,,False,45.97495679860822,20.0,29.971147834968523,40.77615647524688,F,True,195884.1961977125,199801.28012166676,171548.74274369056,171782.80156221348,False,CHOP_REGIME,0.0006070488425166101,0.060704884251661005,9.600131129215523,NORMAL,3.727307684769047,1.1980280646841037,1.5456755581533261,0.6641299113491893,0.0,0.3194741505824277,234.05881852291554,1,234.05881852291554,234.05881852291554,794.0871526653633,0,358.5700911861888,173.27649356196173,4.032826793861103,1.5152751577931598,1.4965610085143732,0.6414172610558748,3.2062851852454184
long,2026-04-28 05:01:00,2026-04-28 06:31:00,2663.0122968489454,2677.448477780275,2651.9652645729843,2685.1063614008676,180.8642132389205,7.364688183974073,2610.3885063196253,2610.9885063196252,Timeout,90,2026-04-28,2026-04,24.04996848563512,6.942031771560524,0.37229114971050453,0.06575682382133995,0.03723135334735388,0.5802639440721407,0.1148607664736697,0.06706337636617223,0.14688518856267438,0.22751585332230492,London,8.961573213814432,0.6470636889991729,0.6243972931689877,0.003415899690259616,0.9150709280838301,0.4031155224703612,RANGE,0.45,COMPRESSED,False,False,True,0.0,8000.0,55801.28012166676,False,2.904617487941395,0.02190684530484424,NORMAL,False,True,False,RANGE,0.02564102564102564,0.1641025641025641,0.0,90,Tue,5,0.5419750987463426,0,,False,29.985180590019297,30.0,29.725093427884484,40.228057309880626,F,False,199801.28012166676,202411.6686279864,171782.80156221348,172159.88122963376,False,LOW_LIQUIDITY,0.0014866621050274081,0.14866621050274081,26.88839719778996,NORMAL,10.996899754178967,2.799901614500953,2.223874695409314,1.493280861067175,3.7332021526679373,0.7466404305335875,377.07966742026963,1,377.07966742026963,611.1384859431852,1171.166820085633,0,378.67561274988014,176.230162748314,5.795957130959005,1.704197086171484,1.8915284006821311,0.8950534738735878,4.189774082447441
long,2026-04-28 06:03:00,2026-04-28 06:51:00,2674.383937515872,2665.176692698898,2665.176692698898,2692.79842714982,217.00441781815596,6.138163211315971,-1998.612801216633,-1998.012801216633,SL,48,2026-04-28,2026-04,21.73832489604585,5.90858149349659,0.1431486076647367,0.3071408877860491,0.07036984306949293,0.6815123969122804,0.23449131513647642,0.15426878782624262,0.4959199729810937,0.6899090157154674,London,12.226744060206283,0.8839812517231872,0.7207988591074814,0.0030086848402958986,1.1790141511973844,0.9141163496002206,RANGE,0.45,NORMAL,False,False,True,0.0,8000.0,55801.28012166676,False,2.904617487941395,0.02190684530484424,NORMAL,False,True,False,RANGE,0.02564102564102564,0.1641025641025641,0.0,48,Tue,6,-0.34437874115401673,0,,False,34.405362558588365,42.0,22.747253196860317,38.966180685142646,F,False,202411.6686279864,200413.05582676976,172159.88122963376,171866.7431327429,False,LOW_ATR|LOW_LIQUIDITY,0.0014017755720981528,0.14017755720981528,30.419149193487215,NORMAL,12.977436608026775,2.696010329588254,4.0473135745462905,1.9204961765510242,3.5946804394510057,0.7189360878902011,-293.13809689084053,1,83.9415705294291,318.00038905234464,878.0287231947924,1,357.6376621838048,169.52490189632607,3.7940754996781942,1.4859599636171568,1.4174494616127369,0.42124044267085275,-6.107043685225844
long,2026-05-04 09:24:00,2026-05-05 03:16:00,2815.234658307768,2848.6799650434855,2798.512004939909,2848.6799650434855,119.84524908706501,11.148435578572608,4007.661116535372,4008.261116535372,TP,22,2026-05-04,2026-05,27.08137723981423,10.88636889208183,0.9483870967741935,0.558533223049352,0.10810368509652209,1.09645692260645,0.6621725944306589,0.11893350930811956,1.0706096151058722,0.9911772814998622,New York,5.543643307908134,0.2643231320650675,0.7304098643854066,0.004513223500968517,0.9289690869924362,0.43796526054590573,EXPANSION,0.7476006291384427,EXPANDING,True,False,False,0.0,8000.0,56413.05582676976,False,5.188916913313967,0.03736020177586056,NORMAL,False,False,False,RANGE,0.041025641025641026,0.3076923076923077,0.0,22,Mon,9,1.1878334966058517,1,,False,84.86689060608684,0.0,80.97422817403512,52.000850052817746,A,False,200413.05582676976,204420.71694330513,171866.7431327429,173802.5859719985,False,,0.004983604838709679,0.4983604838709679,59.72613632466639,NORMAL,61.41709397184822,22.757026338518042,12.652037532166696,5.201606020232695,13.004015050581735,7.802409030349041,1935.842839255583,1,1935.842839255583,1935.842839255583,1935.842839255583,0,389.6554117833799,194.40261932392124,5.675196835688537,2.433801238578079,1.439889093300753,0.9763568269778804,87.99285632979922
short,2026-05-06 04:57:00,2026-05-06 05:17:00,2854.78594087651,2865.4207114255582,2865.4207114255582,2833.516399778413,192.21920773983845,7.089847032698938,-2044.8071694330552,-2044.2071694330552,SL,20,2026-05-06,2026-05,12.982150916090443,7.13234747648497,0.4192721257237386,0.512351805900193,0.10058634691334245,0.958068997661097,0.536669423766198,0.03596391201787783,0.4931215095971878,0.6869589192169837,London,5.144836502267598,0.2153846153846154,0.76620705675845,0.003022806906600393,1.0370324026876987,0.6897711607389027,CHOP,0.7613752751786103,NORMAL,False,True,False,4069.166267171764,3930.833732828236,56351.55067613337,False,26.94052271742692,0.1939717635654738,NORMAL,False,False,False,RANGE,0.05384615384615385,0.3076923076923077,0.002564102564102564,20,Wed,4,-0.37263361266297684,0,,False,49.91277139401497,38.0,20.597440027733082,40.51488574893009,F,True,204420.71694330513,202375.9097738721,173802.5859719985,173677.28370229242,False,CHOP_REGIME|LOW_ADX,0.0005945802315963606,0.05945802315963606,11.42897410552221,NORMAL,3.72207766892257,1.222731219305001,1.4758807992814444,0.6974039918547909,0.0,0.3260616584813336,-125.30226970606302,1,-125.30226970606302,1810.54056954952,1810.54056954952,1,368.48617194671533,189.96227364294924,3.730654613294665,1.9925977294085189,1.4207703561843674,0.9438803964723502,-6.265113485303151
long,2026-05-06 07:57:00,2026-05-06 09:01:00,2873.326412367474,2862.3212715113027,2862.3212715113027,2895.3366940798164,183.89215769136598,7.336760570780772,-2024.3590977387355,-2023.7590977387356,SL,64,2026-05-06,2026-05,21.445079096536787,8.288837911584892,0.6682106424041908,0.8813344361731459,0.18342524062452878,1.5333905998327633,0.8988420181968569,0.14698147911310877,0.975091135314353,0.9777226357871519,New York,5.039603585227414,0.20319823545629997,0.7483374530608501,0.003415346062373237,1.125476452216121,0.8498207885304659,RANGE,0.45,EXPANDING,False,False,False,4069.166267171764,3930.833732828236,56351.55067613337,False,26.94052271742692,0.1939717635654738,NORMAL,False,False,False,RANGE,0.05384615384615385,0.3076923076923077,0.002564102564102564,64,Wed,7,-0.3831240192784408,1,,False,43.67776399228012,30.0,28.576918062590423,36.341365264134396,F,False,202375.9097738721,200351.55067613337,173677.28370229242,173430.77984592743,False,HIGH_SPREAD,0.0011634629188858943,0.11634629188858943,21.39517065478218,NORMAL,10.97718189214354,2.6601165247228065,5.855190163638793,1.7525107971891913,0.0,0.7093644065927485,-246.503856364976,1,-371.806126071039,1564.036713184544,1564.036713184544,2,347.8581954839097,183.98328556064888,2.592588882673768,1.7176976362871492,1.4020277368875247,0.9390981369967362,-3.85162275570275
long,2026-05-07 07:12:00,2026-05-07 07:17:00,2960.633233017278,2952.856809294724,2952.856809294724,2976.186080462386,257.6397040905214,5.184282481702693,-2004.1155067613818,-2003.5155067613819,SL,5,2026-05-07,2026-05,14.613822458385204,5.3647727514587835,0.06118003859939344,0.8508684863523573,0.17195939185436437,1.3836756521484626,0.8411634960022056,0.06386915175845753,0.2549544850489384,0.38461538461538464,London/NY overlap,21.182752546531077,0.9995864350703061,0.7717713297173954,0.0018830677326054969,0.9061195834179128,0.38216156603253376,CHOP,0.7447719586131302,NORMAL,False,True,False,5952.423466631881,2047.5765333681193,50399.12720950149,False,44.35468093329673,0.34735806667222896,RECOVERY,False,False,False,RANGE,0.04871794871794872,0.258974358974359,0.0,5,Thu,7,-0.26273948658707297,2,,False,36.846517344457496,87.0,0.0,35.81484910294445,F,True,200351.55067613337,198347.43516937198,173430.77984592743,173430.77984592743,True,CHOP_REGIME|LOW_ADX|LOW_ATR|HIGH_SPREAD|CONSECUTIVE_LOSSES,0.0007324456851392336,0.07324456851392336,18.87070895816513,NORMAL,0.0,0.0,0.0,0.0,0.0,0.0,0.0,0,0.0,1564.036713184544,1564.036713184544,2,327.75585614847984,183.98328556064888,2.5519468606788354,1.910721023365214,1.383649106837341,0.9390981369967362,0.0
long,2026-05-07 07:35:00,2026-05-07 07:40:00,2961.103455528755,2951.1217113723596,2951.1217113723596,2981.0669438415466,198.71019739800096,6.6544961042637585,-1984.0743516936936,-1983.4743516936937,SL,5,2026-05-07,2026-05,19.26965137377623,6.436899875191216,0.25125448028673836,0.27866004962779156,0.06633810044694351,0.6460417776236551,0.1905155776123518,0.07247336598897737,0.36859554706296993,0.5359525778880617,London/NY overlap,17.65456288989554,0.9896057347670251,0.7155038500706176,0.0031210360947034536,1.2627754584082533,0.968927488282327,CHOP,0.6720328821951178,NORMAL,False,True,True,5952.423466631881,2047.5765333681193,50399.12720950149,False,44.35468093329673,0.34735806667222896,RECOVERY,False,False,False,RANGE,0.04871794871794872,0.258974358974359,0.0,5,Thu,7,-0.33719739208607813,3,RATE_DECISION,True,35.22634379813217,94.0,0.0,43.16219000364716,F,True,198347.43516937198,196363.36081767827,173430.77984592743,173430.77984592743,True,HIGH_IMPACT_NEWS_FILTER|CHOP_REGIME|LOW_ATR|LOW_LIQUIDITY|CONSECUTIVE_LOSSES,0.0006592670250896057,0.06592670250896057,13.10030806935484,NORMAL,0.0,0.0,0.0,0.0,0.0,0.0,0.0,0,0.0,1564.036713184544,1564.036713184544,2,308.16407472608853,183.98328556064888,1.822750489167785,1.7848565041657773,1.3656229085000424,0.9390981369967364,0.0
long,2026-05-07 08:28:00,2026-05-07 08:31:00,2960.6986167252094,2946.702481595018,2946.702481595018,2988.690886985592,140.29827448157437,9.330756753460857,-1964.2336081767853,-1963.6336081767854,SL,3,2026-05-07,2026-05,14.778349855734831,8.972599761423258,0.786462641301351,0.22037496553625585,0.058335753978161785,0.6643874937701297,0.21304108078301626,0.1258644001875014,0.6084565489079589,0.8003584229390681,New York,12.974688550152434,0.9144196305486628,0.6924053606036874,0.004220108110666758,1.2336753756459231,0.9547559966914806,CHOP,0.7012124736955608,EXPANDING,False,True,True,5952.423466631881,2047.5765333681193,50399.12720950149,False,44.35468093329673,0.34735806667222896,RECOVERY,False,False,False,RANGE,0.04871794871794872,0.258974358974359,0.0,3,Thu,8,-0.47287527524579415,4,,False,42.117856253489656,75.0,2.978724246248694,44.80515299555076,F,True,196363.36081767827,194399.1272095015,173430.77984592743,173430.77984592743,True,CHOP_REGIME|LOW_ADX|LOW_LIQUIDITY|CONSECUTIVE_LOSSES,0.0004532118830989798,0.04532118830989798,6.358484517333187,NORMAL,0.0,0.0,0.0,0.0,0.0,0.0,0.0,0,0.0,1564.036713184544,1564.036713184544,2,289.0682958781652,183.98328556064888,1.302944116644699,1.6901706067385813,1.3479381207799184,0.9390981369967362,0.0
long,2026-05-08 04:32:00,2026-05-08 04:54:00,2963.0027699301663,2983.3041279841123,2952.852090903193,2983.3041279841123,191.51342160749135,6.767119351315384,3887.3825441899876,3887.9825441899875,TP,22,2026-05-08,2026-05,35.89324507345988,7.5822041572461405,0.5221395092362834,0.9515026192445547,0.2217221319300984,2.0273644799260633,0.9806727322856356,0.12331230178325969,0.8331736459142866,0.9379928315412186,London,5.7445338252754095,0.2882547559966915,0.7269421905314718,0.0025355654888309436,0.8265144241024555,0.21761786600496277,EXPANSION,0.6860832250081137,NORMAL,True,False,False,0.0,8000.0,50399.12720950149,False,19.32540062573486,0.16714724845778356,RECOVERY,True,False,False,RANGE,0.07692307692307693,0.2743589743589744,0.0,22,Fri,4,0.685055893981931,5,,False,75.02105262105499,27.0,61.07252632115569,48.9183157969447,C,False,194399.1272095015,198286.50975369147,173430.77984592743,175642.18034644966,False,HIGH_SPREAD|CONSECUTIVE_LOSSES,0.005879537431026305,0.5879537431026305,112.60103308851673,NORMAL,74.2006172060972,12.806460317909426,34.07370820998101,6.830112169551694,17.075280423879235,3.415056084775847,2211.4005005222325,1,2211.4005005222325,3775.4372137067767,3775.4372137067767,0,319.05424794743044,211.3808154925622,1.8325625682956894,9.186407081319336,1.7975443137903682,1.400735774714975,100.51820456919239
long,2026-05-11 05:30:00,2026-05-11 07:00:00,3027.4294633781083,3032.4854326888985,3016.2586284019053,3049.7711333305137,177.5037498773379,7.447223317468515,896.8535119300108,897.4535119300108,Timeout,90,2026-05-11,2026-05,18.291041166427625,7.081848756349341,0.4076095947063689,0.13898538737248414,0.047350706185271235,0.7684529388878693,0.33399503722084367,0.09566220614717982,0.6997518127297134,0.8682933553901295,London,11.196865659323118,0.8277639922801213,0.7176790504360531,0.0024426417210584896,0.8038637760971267,0.17835676867934933,CHOP,0.6804789404172297,NORMAL,False,True,False,2572.0418350349646,5427.958164965035,51714.467918656504,False,26.358669506805747,0.21121008085571885,RECOVERY,True,True,False,RANGE,0.04871794871794872,0.15128205128205127,0.0,90,Mon,5,0.16689370178992796,0,,False,59.793343466611354,20.0,38.917518252544305,46.95884955922203,D,True,198286.50975369147,199183.36326562148,175642.18034644966,175723.27605375845,False,CHOP_REGIME,0.0009516052885629812,0.09516052885629812,16.891350712303538,NORMAL,4.24934719308773,1.7943298655248106,1.0195534351430704,0.956975928279899,0.0,0.4784879641399495,81.09570730880037,1,81.09570730880037,81.09570730880037,3856.532921015577,0,323.8294484762121,209.6436807167787,1.5939538376268148,8.328232283720414,1.6194778039558329,1.4259322565768837,0.9010634145422264
long,2026-05-11 06:02:00,2026-05-11 06:24:00,3032.197925760236,3021.3523862864886,3021.3523862864886,3053.8890047077307,182.82770555919646,7.230359649164869,-1983.4650975369543,-1982.8650975369544,SL,22,2026-05-11,2026-05,9.65775115960867,7.094604209790744,0.410366694237662,0.3298042459332782,0.07384121053088999,0.7770766602931996,0.34397573752412464,0.03703446245848478,0.1440850881201225,0.2225530741659774,London,11.176734712707374,0.826302729528536,0.7628106411011183,0.0024871422907181535,0.9203108807960502,0.415936035290874,CHOP,0.792983830653568,NORMAL,False,True,False,2572.0418350349646,5427.958164965035,51714.467918656504,False,26.358669506805747,0.21121008085571885,RECOVERY,True,True,False,RANGE,0.04871794871794872,0.15128205128205127,0.0,22,Mon,6,-0.3577873713288458,0,,False,44.7497340244575,48.0,12.600585063298462,39.05063825840696,F,True,199183.36326562148,197199.89816808453,175723.27605375845,175723.27605375845,True,CHOP_REGIME|LOW_ADX,0.0005980088227185002,0.05980088227185002,10.933258096177967,NORMAL,0.0,0.0,0.0,0.0,0.0,0.0,0.0,0,81.09570730880037,81.09570730880037,3856.532921015577,0,304.917198099055,209.6436807167787,1.0939540986614902,7.27802026984035,1.5982248012288107,1.4569558409727188,0.0
long,2026-05-11 06:42:00,2026-05-11 07:28:00,3029.8905610715174,3050.216768491614,3019.727457361469,3050.216768491614,193.15265322154292,6.775402473365567,3925.4608931230673,3926.060893123067,TP,46,2026-05-11,2026-05,27.59744231147885,6.98123401442485,0.3825475599669148,0.8891645988420182,0.18672207892160242,1.5568800371550597,0.9057071960297767,0.13019154968326574,0.810808200921036,0.9283154121863799,London/NY overlap,11.358236807510995,0.8378274055693411,0.7935576796155379,0.0023506418360511516,0.9981576405152595,0.6060656189688448,EXPANSION,0.8094915319237538,NORMAL,True,False,False,2572.0418350349646,5427.958164965035,51714.467918656504,False,26.358669506805747,0.21121008085571885,RECOVERY,True,True,False,RANGE,0.04871794871794872,0.15128205128205127,0.0,46,Mon,6,0.6707536347974792,1,,False,77.92538924574355,12.0,69.29882030755745,48.31374245840874,B,False,197199.89816808453,201125.3590612076,175723.27605375845,178516.2112462654,False,HIGH_SPREAD,0.007317549686968173,0.7317549686968172,141.34041371183733,NORMAL,79.540320460929,14.800957557269388,33.16398678148491,7.893844030543674,19.734610076359186,3.946922015271837,2792.9351925069213,1,2874.0308998157216,2874.0308998157216,6649.468113522498,0,334.35251269274613,243.63435850349111,1.0945522968898846,11.126277440322907,1.6177502794917888,1.678068756787644,60.71598244580264
long,2026-05-11 07:10:00,2026-05-11 07:30:00,3032.0214270071688,3052.730673500126,3021.66680376069,3052.730673500126,190.44623205885043,6.903082164319119,3943.3979633616977,3943.9979633616977,TP,20,2026-05-11,2026-05,20.664726115894005,7.103593910779594,0.4127102288392611,0.6323683484973808,0.1210722860750233,1.1298837536082156,0.6883098979873173,0.07010235946828622,0.5885846542718087,0.7826027019575407,London/NY overlap,11.162590393034698,0.8253101736972704,0.760021013736329,0.0025894197028762237,1.1820755036013286,0.9169010201268266,EXPANSION,0.7789297626320115,EXPANDING,True,False,False,2572.0418350349646,5427.958164965035,51714.467918656504,False,26.358669506805747,0.21121008085571885,RECOVERY,True,True,False,RANGE,0.04871794871794872,0.15128205128205127,0.0,20,Mon,7,0.6829139073031086,0,,False,79.68863350868338,0.0,72.65424161935765,44.71651491762097,B,False,201125.3590612076,205068.7570245693,178516.2112462654,178516.2112462654,True,DAILY_PROFIT_LOCK,0.007525505256627788,0.7525505256627788,143.32041204638344,NORMAL,0.0,0.0,0.0,0.0,0.0,0.0,0.0,0,2874.0308998157216,2874.0308998157216,6649.468113522498,0,363.4577179400764,243.63435850349111,1.189742320819255,10.559192782093028,1.6342718856941627,1.623115694742235,0.0
